SKU,Name,"Short description",Images
BAYWBJ6O,"&Honey Melty Mato Makeup Stick, Super Hold [Squirrel Mascara]","<div class=""mb-md"">\n<div class=""relative default font-sans text-base text-textMain dark:text-textMainDark selection:bg-super/50 selection:text-textMain dark:selection:bg-superDuper/10 dark:selection:text-superDark"">\n<div class=""min-w-0 break-words [word-break:break-word]"">\n<div dir=""auto"">\n<div class=""prose dark:prose-invert inline leading-normal break-words min-w-0 [word-break:break-word]"">The &amp;honey Melty Matomake Stick Super Hold 4.0 is a Japanese hair styling product designed like a mascara wand for easy application. This gel-based styling stick effectively tames flyaways, controls baby hairs, and keeps bangs in place while providing nourishing benefits through honey extracts and argan oil. With its shower rose honey fragrance and portable design, it's perfect for those seeking on-the-go hair touch-ups without sticky hands. Best suited for people with fine to medium hair who want natural-looking hold and frizz control.</div>\n</div>\n</div>\n</div>\n</div>",https://foryoupiece.com/wp-content/uploads/Instagram-Post-Photoroom-95-1.jpg
JJSL6CL1,"&Honey Deep Moist Shampoo","<div class=""mb-md"">\n<div class=""relative default font-sans text-base text-textMain dark:text-textMainDark selection:bg-super/50 selection:text-textMain dark:selection:bg-superDuper/10 dark:selection:text-superDark"">\n<div class=""min-w-0 break-words [word-break:break-word]"">\n<div dir=""auto"">\n<div class=""prose dark:prose-invert inline leading-normal break-words min-w-0 [word-break:break-word]"">The &amp;honey Deep Moist Shampoo 1.0 is a premium Japanese hair care product featuring a unique blend of three honey types (50% Manuka, 30% Acacia, 20% Raw Japanese honey). This moisturizing shampoo maintains 14% hair moisture content and contains over 90% hydrating ingredients, including Moroccan argan oil, royal jelly, and shea butter. With its Bulgarian damask rose honey fragrance, it's particularly effective for damaged, dry, thick, or unruly hair, providing deep hydration while maintaining a sulfate-free, gentle cleansing action.</div>\n</div>\n</div>\n</div>\n</div>",https://foryoupiece.com/wp-content/uploads/Instagram-Post-Photoroom-96-1.jpg
OHCAQGKN,"Botanist Treatment, Scalp Cleanse 460ml","<div class=""mb-md"">\n<div class=""relative default font-sans text-base text-textMain dark:text-textMainDark selection:bg-super/50 selection:text-textMain dark:selection:bg-superDuper/10 dark:selection:text-superDark"">\n<div class=""min-w-0 break-words [word-break:break-word]"">\n<div dir=""auto"">\n<div class=""prose dark:prose-invert inline leading-normal break-words min-w-0 [word-break:break-word]"">The Botanist Botanical Scalp Cleanse Treatment is a Japanese hair care product featuring a refreshing blend of grapefruit and sage scents. This silicone-free formula contains natural plant-derived ingredients including white birch, rosemary, and sugar cane to deeply cleanse and balance the scalp while providing moisture. The lightweight treatment is particularly suitable for those with oily scalps or those concerned about scalp health. It leaves hair feeling refreshed, smooth, and manageable while promoting a healthy scalp environment.</div>\n</div>\n</div>\n</div>\n</div>",https://foryoupiece.com/wp-content/uploads/Instagram-Post-Photoroom-94-1.jpg
9J90UT8W,"Kabi Killer Mold Remover 400g","<div class=""mb-md"">\n<div class=""relative default font-sans text-base text-textMain dark:text-textMainDark selection:bg-super/50 selection:text-textMain dark:selection:bg-superDuper/10 dark:selection:text-superDark"">\n<div class=""min-w-0 break-words [word-break:break-word]"">\n<div dir=""auto"">\n<div class=""prose dark:prose-invert inline leading-normal break-words min-w-0 [word-break:break-word]"">Kabi Killer is Japan's leading chlorine-based mold removal spray designed specifically for bathroom cleaning. This powerful cleaner contains sodium hypochlorite and penetrating agents that effectively eliminate black mold and bacteria within 5 minutes of application, requiring no scrubbing. Best suited for bathroom tiles, rubber gaskets, shower curtains, and other bathroom surfaces. The spray bottle design allows easy application from 15cm distance, though care should be taken due to its strong chemical nature. For optimal results, the surface should be slightly pre-wetted before application.</div>\n</div>\n</div>\n</div>\n</div>",https://foryoupiece.com/wp-content/uploads/Instagram-Post-Photoroom-93-1.jpg
,"Olevea Triple Treatment Body Milk, Vitamin C, White Tea Scent 480g[]","<div class=""mb-md"">\n<div class=""relative default font-sans text-base text-textMain dark:text-textMainDark selection:bg-super/50 selection:text-textMain dark:selection:bg-superDuper/10 dark:selection:text-superDark"">\n<div class=""min-w-0 break-words [word-break:break-word]"">\n<div dir=""auto"">\n<div class=""prose dark:prose-invert inline leading-normal break-words min-w-0 [word-break:break-word]"">This is a premium Japanese body milk lotion designed for comprehensive skincare. The formula features a powerful trio of active ingredients: Vitamin C derivative, Retinol, and Niacinamide, which work together to brighten and rejuvenate the skin. Enhanced with 6 plant extracts and 5 plant oils including aloe vera, camellia, and shea butter, it provides deep moisturization while maintaining a light texture. The elegant white tea fragrance offers a luxurious experience. Perfect for those seeking a daily body treatment that combines brightening effects with intense hydration.</div>\n</div>\n</div>\n</div>\n</div>",https://foryoupiece.com/wp-content/uploads/Instagram-Post-Photoroom-91-1.jpg
AM4VLIVZ,"Matsukiyo Body Milk Rose Scent 400ml","<div class=""mb-md"">\n<div class=""relative default font-sans text-base text-textMain dark:text-textMainDark selection:bg-super/50 selection:text-textMain dark:selection:bg-superDuper/10 dark:selection:text-superDark"">\n<div class=""min-w-0 break-words [word-break:break-word]"">\n<div dir=""auto"">\n<div class=""prose dark:prose-invert inline leading-normal break-words min-w-0 [word-break:break-word]"">Matsukiyo Body Milk Rose is a Japanese drugstore body lotion featuring highly moisturizing ingredients like petrolatum, shea butter, honey, and peach leaf extract. This weakly acidic formula matches skin's natural pH level for gentle daily care. With a delicate rose fragrance, the lightweight milky texture absorbs quickly without feeling sticky. The large 400ml pump bottle is ideal for those seeking an affordable, everyday moisturizer that provides basic hydration without heavy residue.</div>\n</div>\n</div>\n</div>\n</div>",https://foryoupiece.com/wp-content/uploads/Instagram-Post-Photoroom-92-1.jpg
K3YPZRNJ,"Kabi Killer Mold Remover, Pack of 2 [Main unit 400g + Refill 400g]","<div class=""mb-md"">\n<div class=""relative default font-sans text-base text-textMain dark:text-textMainDark selection:bg-super/50 selection:text-textMain dark:selection:bg-superDuper/10 dark:selection:text-superDark"">\n<div class=""min-w-0 break-words [word-break:break-word]"">\n<div dir=""auto"">\n<div class=""prose dark:prose-invert inline leading-normal break-words min-w-0 [word-break:break-word]"">Kabi Killer is Japan's leading mold removal spray designed specifically for bathroom use. This 2-pack set includes a 400g main spray bottle and a 400g refill. The product features powerful penetrating agents that effectively eliminate black mold, particularly from rubber seals and tile grout. It works within 5 minutes and provides 99.9% sterilization. Best suited for bathroom walls, tiles, joints, shower curtains, and rubber gaskets. The spray should be used with proper ventilation and protective gear due to its strong formula.</div>\n</div>\n</div>\n</div>\n</div>",https://foryoupiece.com/wp-content/uploads/Instagram-Post-Photoroom-90-1.jpg
ZYQDOLBU,"KOSÉ Clear Turn Sorry Skin Awake Mask 30 Sheets","<div class=""mb-md"">\n<div class=""relative default font-sans text-base text-textMain dark:text-textMainDark selection:bg-super/50 selection:text-textMain dark:selection:bg-superDuper/10 dark:selection:text-superDark"">\n<div class=""min-w-0 break-words [word-break:break-word]"">\n<div dir=""auto"">\n<div class=""prose dark:prose-invert inline leading-normal break-words min-w-0 [word-break:break-word]"">KOSE Clear Turn Sorry Bare Skin Awakening Switch Mask is a Japanese face mask designed for quick morning skincare. This 1-minute intensive treatment features a thin, highly adhesive cotton-derived sheet that provides instant hydration without feeling sticky. The mask contains vitamin complexes, peppermint extract, and hyaluronic acid to revitalize tired skin and improve makeup application. Perfect for those with busy mornings or irregular sleep schedules, it's formulated to be gentle with a weakly acidic, alcohol-free formula suitable for sensitive skin.</div>\n</div>\n</div>\n</div>\n</div>",https://foryoupiece.com/wp-content/uploads/Instagram-Post-Photoroom-89-1.jpg
VRXJ8T63,"&Honey Color Control Repair Shampoo","<div class=""mb-md"">\n<div class=""relative default font-sans text-base text-textMain dark:text-textMainDark selection:bg-super/50 selection:text-textMain dark:selection:bg-superDuper/10 dark:selection:text-superDark"">\n<div class=""min-w-0 break-words [word-break:break-word]"">\n<div dir=""auto"">\n<div class=""prose dark:prose-invert inline leading-normal break-words min-w-0 [word-break:break-word]"">The &amp;Honey Color Control Repair Shampoo is a Japanese hair care product designed specifically for color-treated hair. This shampoo features a unique formula with honey, keratin, and color-protecting ingredients that helps maintain vibrant hair color while providing deep moisture and repair. With its signature Muguet Honey scent and a pH-balancing system that claims to improve color retention by 130% compared to regular shampoos, it's ideal for those seeking to preserve their hair color while addressing damage from chemical treatments. The formula is free from sulfates, parabens, and mineral oils.</div>\n</div>\n</div>\n</div>\n</div>",https://foryoupiece.com/wp-content/uploads/Instagram-Post-Photoroom-88-1.jpg
XYYOWAF0,"Premium Aroma, Simple Modern Urban Luxe, Room Fragrance 400ml","<div class=""mb-md"">\n<div class=""relative default font-sans text-base text-textMain dark:text-textMainDark selection:bg-super/50 selection:text-textMain dark:selection:bg-superDuper/10 dark:selection:text-superDark"">\n<div class=""min-w-0 break-words [word-break:break-word]"">\n<div dir=""auto"">\n<div class=""prose text-pretty dark:prose-invert inline leading-normal break-words min-w-0 [word-break:break-word]""><span class="""">The Premium Aroma Urban Luxe is a high-end room deodorizer and fragrance from Japanese brand S.T. Corporation. This 400ml air freshener features an elegant marble-white design and delivers an elegant floral scent inspired by sophisticated urban interiors. It contains nano-powder deodorizing technology for quick odor elimination and premium fragrance oils selected by professional perfumers. With adjustable intensity and 2-3 month longevity, it's ideal for modern living rooms and entryways seeking a luxurious ambiance.</span></div>\n</div>\n</div>\n</div>\n</div>",https://foryoupiece.com/wp-content/uploads/Square-Photoroom31-2.jpg
OHOV4P17,"KISSME Heroine Make Speedy Mascara Remover","<div class=""mb-md"">\n<div class=""relative default font-sans text-base text-textMain dark:text-textMainDark selection:bg-super/50 selection:text-textMain dark:selection:bg-superDuper/10 dark:selection:text-superDark"">\n<div class=""min-w-0 break-words [word-break:break-word]"">\n<div dir=""auto"">\n<div class=""prose dark:prose-invert inline leading-normal break-words min-w-0 [word-break:break-word]"">The Kiss Me Heroine Make Speedy Mascara Remover is a specialized Japanese eye makeup remover designed to effortlessly dissolve waterproof mascara without rubbing. Its unique comb applicator ensures precise application while delivering nourishing ingredients like ginseng root extract, royal jelly, camellia oil, almond oil, argan oil, and wild rose oil to protect lashes. The gentle, non-irritating formula is free from fragrance, color, alcohol, and ionic surfactants, making it ideal for sensitive eyes and contact lens wearers who regularly use waterproof mascara.</div>\n</div>\n</div>\n</div>\n</div>",https://foryoupiece.com/wp-content/uploads/Instagram-Post-Photoroom-85-1.jpg
570QX5P8,"RISM Daily Care Black Mask 7 Sheets","<div class=""mb-md"">\n<div class=""relative default font-sans text-base text-textMain dark:text-textMainDark selection:bg-super/50 selection:text-textMain dark:selection:bg-superDuper/10 dark:selection:text-superDark"">\n<div class=""min-w-0 break-words [word-break:break-word]"">\n<div dir=""auto"">\n<div class=""prose dark:prose-invert inline leading-normal break-words min-w-0 [word-break:break-word]"">RISM Base Daily Care Black Mask is a Japanese all-in-one sheet mask designed for pore care and skin texture improvement. The mask features azelaic acid derivative and tea tree oil to target oily skin concerns and minimize pores, along with 5 types of vitamin C derivatives and fermented rice extract for brightening and hydration. Made with 100% plant-based cellulose material, this alcohol-free and fragrance-free mask is suitable for sensitive skin. Each pack contains 7 sheets, with recommended use of 5-10 minutes per application.</div>\n</div>\n</div>\n</div>\n</div>",https://foryoupiece.com/wp-content/uploads/Instagram-Post-Photoroom-84-1.jpg
DKWC41XA,"TSUBAKI Premium Volume & Repair Shampoo Treatment Set","<div class=""mb-md"">\n<div class=""relative default font-sans text-base text-textMain dark:text-textMainDark selection:bg-super/50 selection:text-textMain dark:selection:bg-superDuper/10 dark:selection:text-superDark"">\n<div class=""min-w-0 break-words [word-break:break-word]"">\n<div dir=""auto"">\n<div class=""prose dark:prose-invert inline leading-normal break-words min-w-0 [word-break:break-word]"">The TSUBAKI Premium Volume &amp; Repair Shampoo Treatment Set is a premium Japanese hair care duo by Shiseido, featuring a shampoo and conditioner enriched with camellia oil. This salon-quality set is specifically designed for damaged, dry, and flat hair, providing double repair action from surface to core. The formula contains royal jelly, soybean protein, and amino acids to restore volume and shine while maintaining scalp health. With its elegant floral-fruity fragrance, it's ideal for those seeking to revitalize lifeless hair and achieve bouncy, lustrous results.</div>\n</div>\n</div>\n</div>\n</div>",https://foryoupiece.com/wp-content/uploads/Instagram-Post-Photoroom-83-1.jpg
F0XMCI0K,"TSUBAKI Premium Moist & Repair Shampoo Treatment Set","<div class=""mb-md"">\n<div class=""relative default font-sans text-base text-textMain dark:text-textMainDark selection:bg-super/50 selection:text-textMain dark:selection:bg-superDuper/10 dark:selection:text-superDark"">\n<div class=""min-w-0 break-words [word-break:break-word]"">\n<div dir=""auto"">\n<div class=""prose dark:prose-invert inline leading-normal break-words min-w-0 [word-break:break-word]"">The TSUBAKI Premium Moist &amp; Repair Shampoo &amp; Conditioner Set is a premium Japanese hair care duo by Shiseido featuring their signature camellia (tsubaki) oil. The set is specifically formulated for dry, damaged, and frequently styled hair. Its innovative penetration technology allows deep moisturizing and repair from roots to tips, enriched with natural ingredients including camellia oil, royal jelly extract, and botanical extracts. The formula helps reduce frizz, prevents split ends, and restores hair's silky smoothness while providing a pleasant floral-fruity fragrance.</div>\n</div>\n</div>\n</div>\n</div>",https://foryoupiece.com/wp-content/uploads/Instagram-Post-Photoroom-82-1.jpg
MZC26POV,"Botanist Body Soap, Deep Moist 490ml","<div class=""mb-md"">\n<div class=""relative default font-sans text-base text-textMain dark:text-textMainDark selection:bg-super/50 selection:text-textMain dark:selection:bg-superDuper/10 dark:selection:text-superDark"">\n<div class=""min-w-0 break-words [word-break:break-word]"">\n<div dir=""auto"">\n<div class=""prose dark:prose-invert inline leading-normal break-words min-w-0 [word-break:break-word]"">Botanist Body Soap Deep Moist is a premium Japanese botanical body cleanser designed for those with dry skin concerns. This 490ml body wash features a gentle plant-based formula enriched with sugar squalane and botanical buttermilk for deep hydration. The luxurious formula creates rich, creamy lather while cleansing, leaving skin moisturized and supple. Its signature fragrance combines refreshing water lily and raspberry notes. Best suited for those seeking intense moisture and a pampering shower experience.</div>\n</div>\n</div>\n</div>\n</div>",https://foryoupiece.com/wp-content/uploads/Instagram-Post-Photoroom-81-1.jpg
T39ZZXXO,"Botanist Shampoo, Smooth 460ml","<div class=""mb-md"">\n<div class=""relative default font-sans text-base text-textMain dark:text-textMainDark selection:bg-super/50 selection:text-textMain dark:selection:bg-superDuper/10 dark:selection:text-superDark"">\n<div class=""min-w-0 break-words [word-break:break-word]"">\n<div dir=""auto"">\n<div class=""prose dark:prose-invert inline leading-normal break-words min-w-0 [word-break:break-word]"">Botanist Botanical Shampoo Smooth (460ml) is a Japanese haircare product featuring a refreshing green apple and rose fragrance. This silicone-free formula contains botanical ingredients including jojoba oil, birch water, and macadamia nut oil. The shampoo provides triple care: scalp care, moisture retention, and damage repair. It creates a silky, smooth finish while preventing tangles, making it particularly suitable for those with frizzy or easily tangled hair who prefer a lightweight, sleek result.</div>\n</div>\n</div>\n</div>\n</div>",https://foryoupiece.com/wp-content/uploads/Instagram-Post-Photoroom-80-1.jpg
QYKALDMR,"Botanist Hair Mask, Smooth 145g","<div class=""mb-md"">\n<div class=""relative default font-sans text-base text-textMain dark:text-textMainDark selection:bg-super/50 selection:text-textMain dark:selection:bg-superDuper/10 dark:selection:text-superDark"">\n<div class=""min-w-0 break-words [word-break:break-word]"">\n<div dir=""auto"">\n<div class=""prose dark:prose-invert inline leading-normal break-words min-w-0 [word-break:break-word]"">BOTANIST Botanical Hair Mask Smooth is a Japanese hair treatment mask with a grapefruit and rose scent, designed for low-porosity dry hair. This salon-quality mask contains plant-derived ingredients including squalane, 11 amino acids, and botanical extracts like avocado oil and ceramides. The lightweight gel-cream texture penetrates deeply to repair and moisturize hair, leaving it silky smooth and frizz-free. Best suited for those seeking lightweight hydration without heaviness, particularly those with fine or straight hair that gets weighed down easily.</div>\n</div>\n</div>\n</div>\n</div>",https://foryoupiece.com/wp-content/uploads/Instagram-Post-Photoroom-79-1.jpg
4ZPTEYNM,"&Honey Matomake Stick, Honey Scent","<div class=""mb-md"">\n<div class=""relative default font-sans text-base text-textMain dark:text-textMainDark selection:bg-super/50 selection:text-textMain dark:selection:bg-superDuper/10 dark:selection:text-superDark"">\n<div class=""min-w-0 break-words [word-break:break-word]"">\n<div dir=""auto"">\n<div class=""prose dark:prose-invert inline leading-normal break-words min-w-0 [word-break:break-word]"">The &amp;honey Matomake Stick 4.0 is a Japanese hair styling mascara-type stick designed to tame flyaways, frizz, and unruly bangs. This gel-based formula features honey extract, argan oil, and moisturizing ingredients that provide natural-looking hold without stiffness. The convenient brush applicator allows for precise styling without sticky hands, making it perfect for on-the-go touch-ups. Available in different variants including Natural Keep and Super Hold, each featuring distinct honey-based fragrances like Damask Rose or Kinmokusei (Osmanthus).</div>\n</div>\n</div>\n</div>\n</div>",https://foryoupiece.com/wp-content/uploads/Instagram-Post-Photoroom-78-1.jpg
J90C9V92,"Saborino Medical Wrinkle Care Mask V-B3, All-In-One Face Mask 10 Sheets","<div class=""mb-md"">\n<div class=""relative default font-sans text-base text-textMain dark:text-textMainDark selection:bg-super/50 selection:text-textMain dark:selection:bg-superDuper/10 dark:selection:text-superDark"">\n<div class=""min-w-0 break-words [word-break:break-word]"">\n<div dir=""auto"">\n<div class=""prose dark:prose-invert inline leading-normal break-words min-w-0 [word-break:break-word]"">Saborino Medical Wrinkle Care Mask V-B3 is a Japanese 5-in-1 sheet mask that combines toner, emulsion, serum, cream, and mask in one step. The key active ingredient is niacinamide, complemented by B vitamins, ceramides, and collagen. This pharmaceutical-grade mask features a soft, thick sheet with nanocapsule technology for quick absorption and instant hydration. Best suited for those concerned with wrinkles, fine lines, and skin elasticity, while seeking a time-saving skincare solution. Ideal for twice-weekly use as part of an anti-aging routine.</div>\n</div>\n</div>\n</div>\n</div>",https://foryoupiece.com/wp-content/uploads/Instagram-Post-Photoroom-77-1.jpg
9JM5YAQ1,"Botanist Body Soap, Moist 490ml","<div class=""mb-md"">\n<div class=""relative default font-sans text-base text-textMain dark:text-textMainDark selection:bg-super/50 selection:text-textMain dark:selection:bg-superDuper/10 dark:selection:text-superDark"">\n<div class=""min-w-0 break-words [word-break:break-word]"">\n<div dir=""auto"">\n<div class=""prose dark:prose-invert inline leading-normal break-words min-w-0 [word-break:break-word]"">The Botanist Botanical Body Soap Moist is a Japanese body wash featuring a gentle, plant-based formula enriched with botanical ingredients like shea butter, coconut oil, and almond extract. The moisturizing cleanser creates a creamy lather while maintaining skin hydration through its Botanical Butter Milk technology. With a delicate rose and white peach fragrance, this sulfate-free body soap is ideal for those seeking a nourishing daily cleanser that leaves skin soft and smooth. Best suited for normal to dry skin types.</div>\n</div>\n</div>\n</div>\n</div>",https://foryoupiece.com/wp-content/uploads/Instagram-Post-Photoroom-76-1.jpg
O4T1H398,"Botanist Body Soap, Mild Care 490ml","<div class=""mb-md"">\n<div class=""relative default font-sans text-base text-textMain dark:text-textMainDark selection:bg-super/50 selection:text-textMain dark:selection:bg-superDuper/10 dark:selection:text-superDark"">\n<div class=""min-w-0 break-words [word-break:break-word]"">\n<div dir=""auto"">\n<div class=""prose dark:prose-invert inline leading-normal break-words min-w-0 [word-break:break-word]"">Botanist Botanical Body Soap Mild Care is a gentle, plant-based body cleanser designed specifically for dry and sensitive skin. This quasi-drug body soap features glycyrrhizic acid 2K as an active ingredient to prevent acne and skin roughness. Enriched with botanical ingredients like mugwort extract and sugar squalane, it creates a rich foam that cleanses while maintaining skin moisture. The formula offers a delicate pear and white lily fragrance and is free from harsh additives, making it ideal for those seeking a mild, skin-friendly cleansing experience.</div>\n</div>\n</div>\n</div>\n</div>",https://foryoupiece.com/wp-content/uploads/Instagram-Post-Photoroom-75-1.jpg
2N8FIYIT,"Botanist Body Soap Refill, Moist 425ml","<div class=""mb-md"">\n<div class=""relative default font-sans text-base text-textMain dark:text-textMainDark selection:bg-super/50 selection:text-textMain dark:selection:bg-superDuper/10 dark:selection:text-superDark"">\n<div class=""min-w-0 break-words [word-break:break-word]"">\n<div dir=""auto"">\n<div class=""prose dark:prose-invert inline leading-normal break-words min-w-0 [word-break:break-word]"">The BOTANIST Botanical Body Soap Moist Refill (425ml) is a premium Japanese body cleanser designed for those seeking deep hydration. This plant-based formula features botanical ingredients like sugar squalane, aloe vera, and botanical butter milk for intense moisture. The soap creates a rich, gentle lather and leaves skin feeling smooth and nourished. With its elegant rose and white peach fragrance, it's particularly suitable for those with dry skin or those preferring a moisturizing finish. The refill package helps reduce plastic waste.</div>\n</div>\n</div>\n</div>\n</div>",https://foryoupiece.com/wp-content/uploads/Instagram-Post-Photoroom-74-1.jpg
1RA9YEGJ,"Botanist Body Soap Refill, Mild Care 425ml","<div class=""mb-md"">\n<div class=""relative default font-sans text-base text-textMain dark:text-textMainDark selection:bg-super/50 selection:text-textMain dark:selection:bg-superDuper/10 dark:selection:text-superDark"">\n<div class=""min-w-0 break-words [word-break:break-word]"">\n<div dir=""auto"">\n<div class=""prose dark:prose-invert inline leading-normal break-words min-w-0 [word-break:break-word]"">This is Botanist's first quasi-drug body soap refill pouch designed for sensitive and dry skin types. The gentle formula contains glycyrrhizic acid and mugwort extract to prevent acne and skin irritation while maintaining skin health. It features a soothing double fragrance of pear and white lily. The eco-friendly refill pouch reduces plastic waste by 82% compared to regular bottles. This Japanese botanical body cleanser is particularly suitable for those seeking a mild, non-irritating daily body wash that helps maintain smooth, healthy skin.</div>\n</div>\n</div>\n</div>\n</div>",https://foryoupiece.com/wp-content/uploads/Instagram-Post-Photoroom-73-1.jpg
5590HQ5J,"Nivea Creme Care Body Wash Soap Scent 480ml","<div class=""mb-md"">\n<div class=""relative default font-sans text-base text-textMain dark:text-textMainDark selection:bg-super/50 selection:text-textMain dark:selection:bg-superDuper/10 dark:selection:text-superDark"">\n<div class=""min-w-0 break-words [word-break:break-word]"">\n<div dir=""auto"">\n<div class=""prose dark:prose-invert inline leading-normal break-words min-w-0 [word-break:break-word]"">Nivea Creme Care Body Wash is a premium Japanese body cleanser featuring a double-moisturizing formula with body milk ingredients and shea butter. The product creates rich, creamy foam that cleanses while maintaining skin moisture. It contains glycerin and diglycerin for enhanced hydration, leaving skin soft and smooth after washing. Available in European White Soap fragrance, this body wash is ideal for those seeking effective cleansing with intense moisturizing benefits. The formula is pH-balanced, microplastic-free, and comes in a recyclable bottle.</div>\n</div>\n</div>\n</div>\n</div>",https://foryoupiece.com/wp-content/uploads/Instagram-Post-Photoroom-72-1.jpg
KCL2ROTW,"Dove Crushed Macadamia & Rice Milk Creamy Body Scrub 298g","Dove's Crushed Macadamia &amp; Rice Milk Creamy Body Scrub is a whipped cream-textured exfoliator that gently removes dead skin cells while maintaining moisture. Enriched with 1/4 moisturizing cream and natural cleansers, it features fine scrub particles that minimize friction during use. The formula contains macadamia oil and rice milk extracts, leaving skin silky smooth and hydrated. Its sweet, velvety fragrance makes it ideal for those seeking a gentle yet effective body scrub with a luxurious, pampering experience. Best suited for normal to dry skin types, recommended use is 2-3 times per week.",https://foryoupiece.com/wp-content/uploads/Square-Photoroom20-2.jpg
6868XV36,"Dove Kiwi Seeds & Cool Aloe Creamy Body Scrub 298g","<div class=""mb-md"">\n<div class=""relative default font-sans text-base text-textMain dark:text-textMainDark selection:bg-super/50 selection:text-textMain dark:selection:bg-superDuper/10 dark:selection:text-superDark"">\n<div class=""min-w-0 break-words [word-break:break-word]"">\n<div dir=""auto"">\n<div class=""prose dark:prose-invert inline leading-normal break-words min-w-0 [word-break:break-word]"">This Dove body scrub combines kiwi seeds and aloe in a creamy, whipped texture for gentle exfoliation. The formula contains 1/4 moisturizing milk that penetrates deep into the skin layers while removing dead skin cells. Its smooth, creamy consistency spreads easily and doesn't irritate the skin. The refreshing kiwi and aloe scent offers a clean, non-overpowering fragrance. Best suited for those seeking gentle exfoliation with added moisture, particularly those with sensitive or dry skin who want to achieve glowing, translucent skin.</div>\n</div>\n</div>\n</div>\n</div>",https://foryoupiece.com/wp-content/uploads/Instagram-Post-Photoroom-70-1.jpg
1QX7V67S,"Dove Cherry & Apricot Milk Creamy Body Scrub 298g","<div class=""mb-md"">\n<div class=""relative default font-sans text-base text-textMain dark:text-textMainDark selection:bg-super/50 selection:text-textMain dark:selection:bg-superDuper/10 dark:selection:text-superDark"">\n<div class=""min-w-0 break-words [word-break:break-word]"">\n<div dir=""auto"">\n<div class=""prose dark:prose-invert inline leading-normal break-words min-w-0 [word-break:break-word]"">This Dove Cherry &amp; Apricot Milk Creamy Body Scrub is a Japanese body exfoliator with a whipped cream-like texture. The formula combines crushed cherry and apricot milk fragrance for a sweet, refreshing scent. It features gentle exfoliating silica beads and a high-moisture milk blend that deeply hydrates while removing dead skin cells. Best suited for those seeking gentle exfoliation with intense moisturization, leaving skin smooth and glowing. Recommended use is twice weekly after regular cleansing.</div>\n</div>\n</div>\n</div>\n</div>",https://foryoupiece.com/wp-content/uploads/Instagram-Post-Photoroom-69-1.jpg
7IMMXVDA,"L’Oreal Paris Water Treatment, Hyaluronic Acid Wonder Water 200ml","<div class=""mb-md"">\n<div class=""relative default font-sans text-base text-textMain dark:text-textMainDark selection:bg-super/50 selection:text-textMain dark:selection:bg-superDuper/10 dark:selection:text-superDark"">\n<div class=""min-w-0 break-words [word-break:break-word]"">\n<div dir=""auto"">\n<div class=""prose dark:prose-invert inline leading-normal break-words min-w-0 [word-break:break-word]"">L'Oreal Paris Water Treatment is a revolutionary 8-second rinse-out hair treatment with a water-like texture. Enriched with hyaluronic acid, this lightweight formula instantly absorbs into hair without weighing it down. The treatment creates a uniform film on the hair surface, resulting in silky, smooth, and manageable hair that lasts until the next morning. Best suited for those with dry, frizzy, or unruly hair who want quick results without heavy residue. Users may experience a slight warming sensation during application, indicating the product's activation.</div>\n</div>\n</div>\n</div>\n</div>",https://foryoupiece.com/wp-content/uploads/Instagram-Post-Photoroom-68-1.jpg
SJXL75T5,"Fino Premium Touch Essence Hair Oil","<div class=""mb-md"">\n<div class=""relative default font-sans text-base text-textMain dark:text-textMainDark selection:bg-super/50 selection:text-textMain dark:selection:bg-superDuper/10 dark:selection:text-superDark"">\n<div class=""min-w-0 break-words [word-break:break-word]"">\n<div dir=""auto"">\n<div class=""prose dark:prose-invert inline leading-normal break-words min-w-0 [word-break:break-word]"">Shiseido Fino Premium Touch Penetrating Essence Hair Oil is a leave-in hair treatment from Japan designed for damaged hair. This 70ml lightweight yet rich oil features a damage-search function that repairs and coats each hair strand, protecting against heat and friction damage. With a graceful floral fragrance, it provides intense moisture without greasiness. Best suited for those with dry, damaged, or frizzy hair seeking smoothness and manageability. The oil can be applied to damp or dry hair, particularly effective on split ends.</div>\n</div>\n</div>\n</div>\n</div>",https://foryoupiece.com/wp-content/uploads/Instagram-Post-Photoroom-67-1.jpg
E1ACZBEH,"LUCIDO-L #EX Hair Oil Sheer Gloss 80ml","<div class=""mb-md"">\n<div class=""relative default font-sans text-base text-textMain dark:text-textMainDark selection:bg-super/50 selection:text-textMain dark:selection:bg-superDuper/10 dark:selection:text-superDark"">\n<div class=""min-w-0 break-words [word-break:break-word]"">\n<div dir=""auto"">\n<div class=""prose dark:prose-invert inline leading-normal break-words min-w-0 [word-break:break-word]"">LUCIDO-L #EX Hair Oil Sheer Gloss is a leave-in hair treatment oil from Japan featuring ultra-high-pressure processed argan oil and Abyssinian oil. This lightweight, non-greasy formula creates a transparent, glossy finish while protecting hair from UV rays and heat damage. With a gentle floral fragrance, it's ideal for all hair types, especially those seeking wet-look styling or enhanced shine. The oil helps detangle, strengthen, and maintain moisture without heaviness, making it perfect for daily use and styling.</div>\n</div>\n</div>\n</div>\n</div>",https://foryoupiece.com/wp-content/uploads/Instagram-Post-Photoroom-66-1.jpg
90XT1W32,"Fino Premium Touch Hair Mask","<div class=""mb-md"">\n<div class=""relative default font-sans text-base text-textMain dark:text-textMainDark selection:bg-super/50 selection:text-textMain dark:selection:bg-superDuper/10 dark:selection:text-superDark"">\n<div class=""min-w-0 break-words [word-break:break-word]"">\n<div dir=""auto"">\n<div class=""prose dark:prose-invert inline leading-normal break-words min-w-0 [word-break:break-word]"">Shiseido Fino Premium Touch Hair Mask is a popular Japanese hair treatment designed for damaged hair. This concentrated mask contains seven key ingredients, including royal jelly for moisture, PCA for strengthening, and lipidure for repair. The thick, creamy formula penetrates deeply to restore smoothness and shine from root to tip. Best suited for those with dry, color-treated, or chemically processed hair. Features a pleasant grace floral fragrance and can be used 1-2 times weekly for optimal results.</div>\n</div>\n</div>\n</div>\n</div>",https://foryoupiece.com/wp-content/uploads/Instagram-Post-Photoroom-65-1.jpg
6WEPEAHE,"LUCIDO-L #EX Hair Oil Frizz Care 80ml","<div class=""mb-md"">\n<div class=""relative default font-sans text-base text-textMain dark:text-textMainDark selection:bg-super/50 selection:text-textMain dark:selection:bg-superDuper/10 dark:selection:text-superDark"">\n<div class=""min-w-0 break-words [word-break:break-word]"">\n<div dir=""auto"">\n<div class=""prose dark:prose-invert inline leading-normal break-words min-w-0 [word-break:break-word]"">LUCIDO-L #EX Hair Oil Frizz Care is a Japanese leave-in hair treatment featuring high-pressure processed argan oil in a unique gel-like texture. This lightweight, non-sticky formula is specifically designed to tame frizzy, wavy, and unruly hair while providing UV and heat protection. The oil contains heat repair ingredients that work with styling tools to create smooth, manageable hair with a natural shine. Best suited for those with frizzy, unmanageable hair who want a lightweight solution with a pleasant floral fragrance.</div>\n</div>\n</div>\n</div>\n</div>",https://foryoupiece.com/wp-content/uploads/Instagram-Post-Photoroom-63-1.jpg
T2HMHFJN,"&Honey Milky Precious EX Repair Shampoo Refill","<div class=""mb-md"">\n<div class=""relative default font-sans text-base text-textMain dark:text-textMainDark selection:bg-super/50 selection:text-textMain dark:selection:bg-superDuper/10 dark:selection:text-superDark"">\n<div class=""min-w-0 break-words [word-break:break-word]"">\n<div dir=""auto"">\n<div class=""prose dark:prose-invert inline leading-normal break-words min-w-0 [word-break:break-word]"">&amp;honey Milky Precious EX Repair Shampoo is a premium damage-repair shampoo featuring concentrated honey-based ingredients. This ultra-moisturizing formula contains 95% moisturizing and honey components, including specialized milk-honey and keratin-honey liposomes. The shampoo offers 105% moisture retention and 136% damage repair, targeting five types of hair damage: heat, friction, UV, coloring, and dryness. It has a sweet apple-honey fragrance and is best suited for damaged, dry hair needing intensive care and moisture restoration.</div>\n</div>\n</div>\n</div>\n</div>",https://foryoupiece.com/wp-content/uploads/Instagram-Post-Photoroom-59-1.jpg
MBYLLFFB,"&Honey Deep Moist Shampoo Refill","<div class=""mb-md"">\n<div class=""relative default font-sans text-base text-textMain dark:text-textMainDark selection:bg-super/50 selection:text-textMain dark:selection:bg-superDuper/10 dark:selection:text-superDark"">\n<div class=""min-w-0 break-words [word-break:break-word]"">\n<div dir=""auto"">\n<div class=""prose dark:prose-invert inline leading-normal break-words min-w-0 [word-break:break-word]"">The image shows &amp;honey Deep Moist Treatment 2.0, a premium Japanese hair treatment refill pack. This deeply hydrating hair conditioner features a unique blend of three organic honeys (50% Manuka, 30% Acacia, and 20% Japanese raw honey) plus Moroccan argan oil. With a 14% moisture level and over 90% hydrating ingredients, it's specifically formulated for severely damaged, thick, or rough hair. The treatment has a French lavender honey fragrance and is free from sulfates, mineral oils, synthetic dyes, and parabens. Best suited for those seeking intense moisture and repair for unmanageable hair.</div>\n</div>\n</div>\n</div>\n</div>",https://foryoupiece.com/wp-content/uploads/Instagram-Post-Photoroom-62-1.jpg
DD7TWUHZ,"&Honey Deep Moist Treatment Refill 10% Up Limited Edition","<div class=""mb-md"">\n<div class=""relative default font-sans text-base text-textMain dark:text-textMainDark selection:bg-super/50 selection:text-textMain dark:selection:bg-superDuper/10 dark:selection:text-superDark"">\n<div class=""min-w-0 break-words [word-break:break-word]"">\n<div dir=""auto"">\n<div class=""prose dark:prose-invert inline leading-normal break-words min-w-0 [word-break:break-word]"">&amp;honey Deep Moist Treatment 2.0 is a premium Japanese hair treatment formulated with a unique blend of three organic honeys (50% Manuka, 30% Acacia, 20% Japanese raw honey). This deep-conditioning treatment boasts a 14% moisture level and contains over 90% natural moisturizing ingredients, including argan oil, royal jelly, and hyaluronic acid. Featuring a French lavender honey fragrance, it's ideal for severely damaged, thick, or rough hair types. The sulfate-free, paraben-free formula leaves hair silky smooth and deeply hydrated.</div>\n</div>\n</div>\n</div>\n</div>",https://foryoupiece.com/wp-content/uploads/Instagram-Post-Photoroom-2024-12-04T012824.485.jpg
8LVG3JPX,"[Limited Edition] &Honey Melty Moist Repair Shampoo Refill 10% Up","<div class=""mb-md"">\n<div class=""relative default font-sans text-base text-textMain dark:text-textMainDark selection:bg-super/50 selection:text-textMain dark:selection:bg-superDuper/10 dark:selection:text-superDark"">\n<div class=""min-w-0 break-words [word-break:break-word]"">\n<div dir=""auto"">\n<div class=""prose dark:prose-invert inline leading-normal break-words min-w-0 [word-break:break-word]"">The &amp;honey Melty Moist Repair Shampoo is a Japanese hair care product designed specifically for dry, frizzy, and wavy hair. It features a unique 14% moisture content formula enriched with three types of honey (Manuka, Rose, and Raw Japanese), argan oil, and Bulgarian rose water. The shampoo provides intense hydration while gently cleansing with natural shea and honey lather. While it leaves hair silky smooth and shiny, it's best suited for those with dry hair types rather than oily scalps. The product has a lingering floral-fruity rose honey scent.</div>\n</div>\n</div>\n</div>\n</div>",https://foryoupiece.com/wp-content/uploads/Instagram-Post-Photoroom-61-1.jpg
2WHZXBRS,"[Limited Edition] &Honey Melty Moist Repair Treatment Refill 10% Up","<div class=""mb-md"">\n<div class=""relative default font-sans text-base text-textMain dark:text-textMainDark selection:bg-super/50 selection:text-textMain dark:selection:bg-superDuper/10 dark:selection:text-superDark"">\n<div class=""min-w-0 break-words [word-break:break-word]"">\n<div dir=""auto"">\n<div class=""prose dark:prose-invert inline leading-normal break-words min-w-0 [word-break:break-word]"">&amp;Honey Melty Moist Repair Treatment is a premium Japanese hair treatment formulated with three organic honeys (Manuka, Acacia, and Japanese raw honey). This deep-conditioning treatment contains 90% natural moisturizing ingredients, including argan oil, royal jelly, and hyaluronic acid. With a 14% moisture level and French lavender honey fragrance, it's specifically designed for controlling frizz and managing unruly hair. The sulfate-free, paraben-free formula is ideal for those with severely damaged, thick, or coarse hair seeking smoother, more manageable locks.</div>\n</div>\n</div>\n</div>\n</div>",https://foryoupiece.com/wp-content/uploads/Instagram-Post-Photoroom-60-1.jpg
TSF5K7LG,"&Honey Milky Precious EX Repair Treatment Refill","<div class=""mb-md"">\n<div class=""relative default font-sans text-base text-textMain dark:text-textMainDark selection:bg-super/50 selection:text-textMain dark:selection:bg-superDuper/10 dark:selection:text-superDark"">\n<div class=""min-w-0 break-words [word-break:break-word]"">\n<div dir=""auto"">\n<div class=""prose dark:prose-invert inline leading-normal break-words min-w-0 [word-break:break-word]"">The &amp;Honey Milky Precious EX Repair Treatment is a premium Japanese hair treatment formulated with concentrated Milk Honey and Keratin Honey. This advanced formula contains over 95% moisturizing components and targets five types of hair damage: heat, friction, UV rays, coloring, and dryness. The treatment provides deep moisturization and intensive repair for damaged hair, leaving it silky smooth. It features a luxurious berry-sweet honey fragrance and is ideal for those with dry, brittle, or chemically treated hair.</div>\n</div>\n</div>\n</div>\n</div>",https://foryoupiece.com/wp-content/uploads/Instagram-Post-Photoroom-64-1.jpg
MMNTDMJA,"YOLU Calm Night Repair Shampoo Refill","<div class=""mb-md"">\n<div class=""relative default font-sans text-base text-textMain dark:text-textMainDark selection:bg-super/50 selection:text-textMain dark:selection:bg-superDuper/10 dark:selection:text-superDark"">\n<div class=""min-w-0 break-words [word-break:break-word]"">\n<div dir=""auto"">\n<div class=""prose dark:prose-invert inline leading-normal break-words min-w-0 [word-break:break-word]"">YOLU Calm Night Repair Shampoo is a Japanese night-time hair care product designed to protect hair from friction and dryness damage during sleep. This silicone-free formula features a unique ""night cap"" treatment with ceramides, Persian silk tree bark extract, and lotus flower extract to deeply moisturize both hair and scalp. Best suited for damaged, dry hair seeking overnight repair. The relaxing neroli and peony fragrance promotes a peaceful sleep experience. The product is free from parabens, mineral oils, and synthetic colorants.</div>\n</div>\n</div>\n</div>\n</div>",https://foryoupiece.com/wp-content/uploads/Instagram-Post-Photoroom-58-1.jpg
1LYLHZ4S,"YOLU Calm Night Repair Treatment Refill","<div class=""mb-md"">\n<div class=""relative default font-sans text-base text-textMain dark:text-textMainDark selection:bg-super/50 selection:text-textMain dark:selection:bg-superDuper/10 dark:selection:text-superDark"">\n<div class=""min-w-0 break-words [word-break:break-word]"">\n<div dir=""auto"">\n<div class=""prose dark:prose-invert inline leading-normal break-words min-w-0 [word-break:break-word]"">YOLU Calm Night Repair Treatment Refill is a Japanese night-focused hair treatment designed to protect and repair hair during sleep. This innovative formula features a unique ""night cap"" concept that shields hair from friction and dryness damage while sleeping. The treatment contains night ceramides, beauty serum ingredients, and botanical extracts like Nemunoki bark and Lotus flower. With a soothing Neroli and Peony fragrance, it's particularly beneficial for those with damaged, dry, or tangled hair who want to wake up to manageable, shiny locks. The silicone-free formula is suitable for both men and women.</div>\n</div>\n</div>\n</div>\n</div>",https://foryoupiece.com/wp-content/uploads/Instagram-Post-Photoroom-57-1.jpg
OHL4NMJ2,"Botanist Shampoo Refill, Smooth 400ml","<div class=""mb-md""><div class=""relative default font-sans text-base text-textMain dark:text-textMainDark selection:bg-super/50 selection:text-textMain dark:selection:bg-superDuper/10 dark:selection:text-superDark""><div class=""min-w-0 break-words [word-break:break-word]""><div dir=""auto""><div class=""prose text-pretty dark:prose-invert inline leading-normal break-words min-w-0 [word-break:break-word]""><span class="""">This is a refill pouch for Botanist Botanical Smooth Shampoo, a popular Japanese haircare product containing natural botanical ingredients. The silicone-free formula features white birch water, botanical microproteins, and natural oils that help maintain moisture and repair hair damage. With a refreshing green apple and rose fragrance, this shampoo is specifically designed for those who want silky, tangle-free hair with a lightweight finish. Best suited for people with tangled or frizzy hair seeking a smoother, more manageable texture.</span></div></div></div></div></div>",https://foryoupiece.com/wp-content/uploads/Instagram-Post-Photoroom-56-1.jpg
OKTU73WV,"Botanist Treatment Refill, Smooth 400g","<div class=""mb-md"">\n<div class=""relative default font-sans text-base text-textMain dark:text-textMainDark selection:bg-super/50 selection:text-textMain dark:selection:bg-superDuper/10 dark:selection:text-superDark"">\n<div class=""min-w-0 break-words [word-break:break-word]"">\n<div dir=""auto"">\n<div class=""prose dark:prose-invert inline leading-normal break-words min-w-0 [word-break:break-word]"">This is a refill pack of BOTANIST Botanical Hair Treatment in the Smooth variant, a premium Japanese hair care product. The treatment contains natural plant-derived ingredients including white birch, avocado, and soybean, along with three hair repair components: Ceramide NG, Hydrolyzed Hyaluronic Acid, and PEG-30 Phytosterol. It's designed to provide deep moisture and shine while leaving hair silky and tangle-free. The formula features a sophisticated apple and berry fragrance and is ideal for those seeking smooth, manageable hair. It's 90% naturally derived and free from synthetic pigments.</div>\n</div>\n</div>\n</div>\n</div>",https://foryoupiece.com/wp-content/uploads/Instagram-Post-Photoroom-55-1.jpg
IVMXRB3C,"Botanist Shampoo Refill, Damage Care 400ml","<div class=""mb-md"">\n<div class=""relative default font-sans text-base text-textMain dark:text-textMainDark selection:bg-super/50 selection:text-textMain dark:selection:bg-superDuper/10 dark:selection:text-superDark"">\n<div class=""min-w-0 break-words [word-break:break-word]"">\n<div dir=""auto"">\n<div class=""prose dark:prose-invert inline leading-normal break-words min-w-0 [word-break:break-word]"">This is a BOTANIST Botanical Damage Care Shampoo refill pouch containing 400ml of product. It's a Japanese hair care product specifically formulated for damaged hair, featuring plant-derived ingredients in a mildly acidic formula. The shampoo is designed to gently cleanse while repairing damage, leaving hair smooth and shiny. It has a delicate floral scent of freesia and cassis. Best suited for those dealing with split ends, brittle hair, or seeking to restore hair's natural shine. The product is silicone-free and contains 84% natural-derived ingredients.</div>\n</div>\n</div>\n</div>\n</div>",https://foryoupiece.com/wp-content/uploads/Instagram-Post-Photoroom-54-1.jpg
02GVWYQC,"Botanist Treatment Refill, Damage Care 400ml","<div class=""mb-md"">\n<div class=""relative default font-sans text-base text-textMain dark:text-textMainDark selection:bg-super/50 selection:text-textMain dark:selection:bg-superDuper/10 dark:selection:text-superDark"">\n<div class=""min-w-0 break-words [word-break:break-word]"">\n<div dir=""auto"">\n<div class=""prose dark:prose-invert inline leading-normal break-words min-w-0 [word-break:break-word]"">This is a refill pouch for Botanist's Damage Care Treatment, a premium Japanese hair conditioner designed for damaged hair. The plant-based formula features a unique W Botanical Repair Prescription that deeply repairs and nourishes hair from within. With natural ingredients including yuzu extract, argan oil, and camellia seed oil, it provides intense moisture and protection. The treatment leaves hair smooth and glossy with a delicate iris and freesia fragrance. Best suited for those with chemically treated, dry, or damaged hair seeking salon-quality restoration.</div>\n</div>\n</div>\n</div>\n</div>",https://foryoupiece.com/wp-content/uploads/Instagram-Post-Photoroom-53-1.jpg
226XPIGL,"&Honey Melty Moist Repair Hair Pack 1.5","<div class=""mb-md"">\n<div class=""relative default font-sans text-base text-textMain dark:text-textMainDark selection:bg-super/50 selection:text-textMain dark:selection:bg-superDuper/10 dark:selection:text-superDark"">\n<div class=""min-w-0 break-words [word-break:break-word]"">\n<div dir=""auto"">\n<div class=""prose dark:prose-invert inline leading-normal break-words min-w-0 [word-break:break-word]"">The &amp;honey Melty Moist Repair Hair Pack 1.5 is a Japanese hair mask specifically designed for wavy and curly hair. This pink-colored treatment contains over 90% moisturizing ingredients, including three types of honey (Manuka, Rose, and domestic honey), organic oils, and hyaluronic acid. It targets hair with 14% moisture content to eliminate frizz and unruly curls. Applied between shampoo and conditioner, this hair pack features an oriental rose honey scent and is particularly effective for those seeking to manage unruly, frizzy hair while providing deep hydration.</div>\n</div>\n</div>\n</div>\n</div>",https://foryoupiece.com/wp-content/uploads/Instagram-Post-Photoroom-52-1.jpg
6D8RMQ8Q,"Botanist Shampoo Treatment Set, Smooth, Fall Edition Kinmokusei & Fig","<div class=""mb-md"">\n<div class=""relative default font-sans text-base text-textMain dark:text-textMainDark selection:bg-super/50 selection:text-textMain dark:selection:bg-superDuper/10 dark:selection:text-superDark"">\n<div class=""min-w-0 break-words [word-break:break-word]"">\n<div dir=""auto"">\n<div class=""prose dark:prose-invert inline leading-normal break-words min-w-0 [word-break:break-word]"">This is Botanist's limited fall edition shampoo and treatment set featuring a unique Kinmokusei (Osmanthus) and Fig fragrance. The smooth variant is designed for those seeking silky, flowing hair. The formula contains plant-derived ingredients including osmanthus extract, fig extract, and macadamia nut oil to combat seasonal dryness and UV damage. The scent combines the elegant floral notes of osmanthus with the sweet, fruity essence of fig. Best suited for those who prefer lightweight, smooth hair texture and enjoy sophisticated botanical fragrances.</div>\n</div>\n</div>\n</div>\n</div>",https://foryoupiece.com/wp-content/uploads/Instagram-Post-Photoroom-2024-12-04T012617.350.jpg
ECL557K8,"Diane Shampoo Refill, Extra Damage Repair 660ml","<div class=""mb-md"">\n<div class=""relative default font-sans text-base text-textMain dark:text-textMainDark selection:bg-super/50 selection:text-textMain dark:selection:bg-superDuper/10 dark:selection:text-superDark"">\n<div class=""min-w-0 break-words [word-break:break-word]"">\n<div dir=""auto"">\n<div class=""prose dark:prose-invert inline leading-normal break-words min-w-0 [word-break:break-word]"">This is a refill pack of Moist Diane Perfect Beauty Extra Damage Repair Shampoo, a Japanese hair care product containing 660ml of silicone-free and sulfate-free formula. The shampoo features organic argan oil and a unique beauty keratin formula with ""Amino Keratin"" that specifically targets damaged hair ends and dryness. It contains multiple organic oils including sapote, cactus, mango, and andiroba oils. Best suited for severely damaged hair that needs intensive repair and moisture restoration while maintaining a natural, silky finish.</div>\n</div>\n</div>\n</div>\n</div>",https://foryoupiece.com/wp-content/uploads/Square-Photoroom30-2.jpg
ZI9614FD,"Diane Treatment Refill, Extra Damage Repair 660ml","<div class=""mb-md"">\n<div class=""relative default font-sans text-base text-textMain dark:text-textMainDark selection:bg-super/50 selection:text-textMain dark:selection:bg-superDuper/10 dark:selection:text-superDark"">\n<div class=""min-w-0 break-words [word-break:break-word]"">\n<div dir=""auto"">\n<div class=""prose dark:prose-invert inline leading-normal break-words min-w-0 [word-break:break-word]"">Diane Perfect Beauty Extra Damage Repair Treatment Refill (660ml) is a premium Japanese hair treatment designed for severely damaged hair. This silicone-free and sulfate-free formula features organic argan oil and a proprietary beauty keratin complex that deeply repairs split ends and damaged hair follicles. The amino keratin technology specifically targets dry, brittle areas, leaving hair smooth and manageable. Best suited for those with chemically treated, heat-damaged, or naturally dry hair seeking intensive repair and moisture restoration.</div>\n</div>\n</div>\n</div>\n</div>",https://foryoupiece.com/wp-content/uploads/Instagram-Post-Photoroom-2024-11-27T001521.496.jpg
O7MDKQOD,"Momori Moist Hair Cream, For Hard, Thick Hair 150g","<div class=""mb-md"">\n<div class=""relative default font-sans text-base text-textMain dark:text-textMainDark selection:bg-super/50 selection:text-textMain dark:selection:bg-superDuper/10 dark:selection:text-superDark"">\n<div class=""min-w-0 break-words [word-break:break-word]"">\n<div dir=""auto"">\n<div class=""prose dark:prose-invert inline leading-normal break-words min-w-0 [word-break:break-word]"">Momori Peach Moist Hair Cream is a Japanese hair treatment cream specifically formulated for hard, thick, and unruly hair. This 150g cream features four peach-derived ingredients and moisture-retaining components that transform stiff hair into soft, manageable locks. It offers a non-sticky texture, heat protection for styling tools, and doubles as a hand cream. The product leaves a pleasant sweet peach fragrance and is particularly effective for those struggling with coarse, difficult-to-manage hair that needs deep moisturization.</div>\n</div>\n</div>\n</div>\n</div>",https://foryoupiece.com/wp-content/uploads/Instagram-Post-Photoroom-2024-11-27T001417.708.jpg
LK2XB3H4,"Premium Aroma, Eternal Gift, Room Fragrance 400ml","<div class=""mb-md"">\n<div class=""relative default font-sans text-base text-textMain dark:text-textMainDark selection:bg-super/50 selection:text-textMain dark:selection:bg-superDuper/10 dark:selection:text-superDark"">\n<div class=""min-w-0 break-words [word-break:break-word]"">\n<div dir=""auto"">\n<div class=""prose dark:prose-invert inline leading-normal break-words min-w-0 [word-break:break-word]"">Premium Aroma Eternal Gift is a high-end room deodorizer and fragrance designed for entrances and living spaces. This 400ml product features a sophisticated blend of pear, freesia, and white musk notes, creating a transparent and elegant scent. It utilizes nano-powder technology for powerful odor absorption while diffusing a perfume-quality fragrance. The intensity is adjustable, and its effects last 2-3 months. Perfect for those seeking a premium, long-lasting home fragrance solution with effective deodorizing capabilities.</div>\n</div>\n</div>\n</div>\n</div>",https://foryoupiece.com/wp-content/uploads/Instagram-Post-Photoroom-2024-11-27T000913.682.jpg
8753VRVS,"FIANCEE Fragrance Hair Mist Pure Shampoo","<div class=""mb-md"">\n<div class=""relative default font-sans text-base text-textMain dark:text-textMainDark selection:bg-super/50 selection:text-textMain dark:selection:bg-superDuper/10 dark:selection:text-superDark"">\n<div class=""min-w-0 break-words [word-break:break-word]"">\n<div dir=""auto"">\n<div class=""prose dark:prose-invert inline leading-normal break-words min-w-0 [word-break:break-word]"">The FIANCEE Fragrance Hair Mist Pure Shampoo is a Japanese hair mist that offers a gentle, clean shampoo-like fragrance that lingers as hair moves. This multi-functional product contains heat-protective soy protein, camellia oil for treatment, and hair-repairing ingredients like hyaluronic acid and hydrolyzed silk. Perfect for those who prefer subtle, fresh scents, it can be used to refresh hair between washes, fix bed head, protect hair during styling, and provide light moisture. Best suited for anyone seeking a clean, feminine fragrance with hair care benefits.</div>\n</div>\n</div>\n</div>\n</div>",https://foryoupiece.com/wp-content/uploads/Instagram-Post-Photoroom-2024-11-26T223850.282.jpg
LQ5J02CD,"FIANCEE Fragrance Hair Mist Pure Soap","<div class=""mb-md"">\n<div class=""relative default font-sans text-base text-textMain dark:text-textMainDark selection:bg-super/50 selection:text-textMain dark:selection:bg-superDuper/10 dark:selection:text-superDark"">\n<div class=""min-w-0 break-words [word-break:break-word]"">\n<div dir=""auto"">\n<div class=""prose dark:prose-invert inline leading-normal break-words min-w-0 [word-break:break-word]"">The Fiancee Fragrance Hair Mist Pure Shampoo is a Japanese hair care product in a 150ml spray bottle that combines fragrance and hair treatment benefits. This lightweight mist features a gentle, clean shampoo scent that releases throughout the day as hair moves. It contains nourishing ingredients like camellia oil, hyaluronic acid, and hydrolyzed silk for moisture, plus heat protection from soy protein. Perfect for those wanting a subtle, fresh scent while protecting and conditioning their hair. Ideal for daily use, including pre-styling, bedhead control, and refreshing hair throughout the day.</div>\n</div>\n</div>\n</div>\n</div>",https://foryoupiece.com/wp-content/uploads/Instagram-Post-Photoroom-2024-11-27T001249.433.jpg
QM5X7P6F,"FIANCEE Fragrance Hair Mist Pure Mellow Shampoo","<div class=""mb-md"">\n<div class=""relative default font-sans text-base text-textMain dark:text-textMainDark selection:bg-super/50 selection:text-textMain dark:selection:bg-superDuper/10 dark:selection:text-superDark"">\n<div class=""min-w-0 break-words [word-break:break-word]"">\n<div dir=""auto"">\n<div class=""prose dark:prose-invert inline leading-normal break-words min-w-0 [word-break:break-word]"">FIANCEE Fragrance Hair Mist Pure Mellow Shampoo is a Japanese hair mist that combines fragrance and hair care in a 150ml spray bottle. It features a sweet, clean shampoo scent that releases with every hair movement. The formula contains nourishing ingredients like camellia oil, keratin, and hyaluronic acid for moisture, plus heat protection components. Perfect for those seeking a delicate, long-lasting fragrance while protecting their hair. Ideal for daily use, fixing bed hair, and adding a feminine touch between washes.</div>\n</div>\n</div>\n</div>\n</div>",https://foryoupiece.com/wp-content/uploads/Square-Photoroom22-2.jpg
HVZR9R0S,"FIANCEE Body Mist Pure Mellow Shampoo","<div class=""mb-md"">\n<div class=""relative default font-sans text-base text-textMain dark:text-textMainDark selection:bg-super/50 selection:text-textMain dark:selection:bg-superDuper/10 dark:selection:text-superDark"">\n<div class=""min-w-0 break-words [word-break:break-word]"">\n<div dir=""auto"">\n<div class=""prose dark:prose-invert inline leading-normal break-words min-w-0 [word-break:break-word]"">FIANCEE Body Mist Pure Mellow Shampoo is a Japanese fragrance mist inspired by the luxurious scent of high-end salon shampoos. This 50ml body spray features a sophisticated fragrance that evolves from sweet apple and berry top notes to a floral heart of orange flower and jasmine, finally settling into a warm base of musk and sandalwood. The soft, clean scent is perfect for those seeking a subtle, feminine fragrance suitable for daily use, especially after bathing or as a refreshing touch throughout the day.</div>\n</div>\n</div>\n</div>\n</div>",https://foryoupiece.com/wp-content/uploads/Instagram-Post-Photoroom-2024-11-26T223629.229.jpg
ZIP6MPO4,"FIANCEE Body Mist Savon","<div class=""mb-md"">\n<div class=""relative default font-sans text-base text-textMain dark:text-textMainDark selection:bg-super/50 selection:text-textMain dark:selection:bg-superDuper/10 dark:selection:text-superDark"">\n<div class=""min-w-0 break-words [word-break:break-word]"">\n<div dir=""auto"">\n<div class=""prose dark:prose-invert inline leading-normal break-words min-w-0 [word-break:break-word]"">FIANCEE Body Mist Savon is a Japanese body mist fragrance that captures the essence of fresh cleanliness, reminiscent of just stepping out of the shower. The 50ml spray features a delicate blend of bergamot and lemon top notes, rose and lily of the valley middle notes, and a musk base note. Perfect for fragrance beginners and those seeking a subtle, inoffensive scent, it creates a gentle soapy aroma that's suitable for any occasion, from school to office settings. The light formula provides 2-3 hours of wear time.</div>\n</div>\n</div>\n</div>\n</div>",https://foryoupiece.com/wp-content/uploads/Instagram-Post-Photoroom-2024-11-26T223125.354.jpg
QCB8SN5N,"FIANCEE Body Mist Baby Powder","<div class=""mb-md"">\n<div class=""relative default font-sans text-base text-textMain dark:text-textMainDark selection:bg-super/50 selection:text-textMain dark:selection:bg-superDuper/10 dark:selection:text-superDark"">\n<div class=""min-w-0 break-words [word-break:break-word]"">\n<div dir=""auto"">\n<div class=""prose dark:prose-invert inline leading-normal break-words min-w-0 [word-break:break-word]"">FIANCEE Body Mist Baby Puff Puff is a Japanese body mist fragrance that offers a gentle baby powder scent. The fragrance opens with bright notes of cassis and cherry, transitions to soft muguet and jasmine in the middle, and settles into a comforting base of musk and woody amber. This light and powdery fragrance is perfect for daily use in offices or schools, ideal for those who prefer subtle, comforting scents. The product comes in a 50ml spray bottle with a delicate pink and white design.</div>\n</div>\n</div>\n</div>\n</div>",https://foryoupiece.com/wp-content/uploads/Instagram-Post-Photoroom-2024-11-26T214429.368.jpg
720P1LRP,"FIANCEE Body Milk Pure Shampoo","<div class=""mb-md"">\n<div class=""relative default font-sans text-base text-textMain dark:text-textMainDark selection:bg-super/50 selection:text-textMain dark:selection:bg-superDuper/10 dark:selection:text-superDark"">\n<div class=""min-w-0 break-words [word-break:break-word]"">\n<div dir=""auto"">\n<div class=""prose dark:prose-invert inline leading-normal break-words min-w-0 [word-break:break-word]"">FIANCEE Body Mist White Musk is a Japanese fragrance mist featuring a sophisticated blend of white musk with powdery and sweet undertones. The scent evolves from fresh citrus and spice top notes, through floral middle notes with white flowers, rose, and violet, finishing with woody musk, amber, and vanilla base notes. This 50ml body mist is ideal for those seeking a mysterious yet gentle adult fragrance, perfect for special occasions or daily wear. The product comes in a purple bottle decorated with unicorn motifs.</div>\n</div>\n</div>\n</div>\n</div>",https://foryoupiece.com/wp-content/uploads/Instagram-Post-Photoroom-2024-11-26T214221.690.jpg
QJRV3ZSE,"FIANCEE Body Mist Starry Sky","<div class=""mb-md"">\n<div class=""relative default font-sans text-base text-textMain dark:text-textMainDark selection:bg-super/50 selection:text-textMain dark:selection:bg-superDuper/10 dark:selection:text-superDark"">\n<div class=""min-w-0 break-words [word-break:break-word]"">\n<div dir=""auto"">\n<div class=""prose dark:prose-invert inline leading-normal break-words min-w-0 [word-break:break-word]"">FIANCEE Body Mist Evening Star is a Japanese fragrance body mist inspired by the tranquil beauty of starlit nights. This 50ml refreshing spray features a layered scent profile: opening with crisp citrus notes representing a clear night sky, followed by aromatic floral middle notes reminiscent of starlight's warmth, and finishing with gentle amber and musk base notes. Infused with lavender essential oil, it's perfect for daily use or as a calming pre-bedtime ritual to create a peaceful, relaxing atmosphere.</div>\n</div>\n</div>\n</div>\n</div>",https://foryoupiece.com/wp-content/uploads/Instagram-Post-Photoroom-2024-11-26T214053.970.jpg
68TP0IDX,"FIANCEE Body Mist Ikoi Osmanthus Scent","<div class=""mb-md"">\n<div class=""relative default font-sans text-base text-textMain dark:text-textMainDark selection:bg-super/50 selection:text-textMain dark:selection:bg-superDuper/10 dark:selection:text-superDark"">\n<div class=""min-w-0 break-words [word-break:break-word]"">\n<div dir=""auto"">\n<div class=""prose dark:prose-invert inline leading-normal break-words min-w-0 [word-break:break-word]"">FIANCEE Body Mist IKOI is a Japanese fragrance body mist featuring a delicate blend of osmanthus (kinmokusei) as its key note. The scent evolves from fruity top notes of lemon, bergamot, and peach to a floral heart of osmanthus, jasmine, and freesia, finishing with cedar wood and musk base notes. This 50ml mist offers a subtle, natural fragrance perfect for daily wear. Best suited for those who prefer gentle, warm floral scents with a touch of autumn nostalgia.</div>\n</div>\n</div>\n</div>\n</div>",https://foryoupiece.com/wp-content/uploads/Instagram-Post-Photoroom-2024-11-26T213931.412.jpg
HRK6WK8S,"FIANCEE Body Mist Morning Linen","<div class=""mb-md"">\n<div class=""relative default font-sans text-base text-textMain dark:text-textMainDark selection:bg-super/50 selection:text-textMain dark:selection:bg-superDuper/10 dark:selection:text-superDark"">\n<div class=""min-w-0 break-words [word-break:break-word]"">\n<div dir=""auto"">\n<div class=""prose dark:prose-invert inline leading-normal break-words min-w-0 [word-break:break-word]"">FIANCEE Body Mist Morning Linen is a Japanese fragrance mist designed to evoke the scent of freshly laundered linens. This 50ml body spray features a delicate white floral musk composition with top notes of pear and bergamot, middle notes of iris, lily of the valley, and orange flower, and a base of white musk. Perfect for daily use in professional or academic settings where subtle fragrance is preferred, it offers a clean, fresh scent that's reminiscent of fabric softener.</div>\n</div>\n</div>\n</div>\n</div>",https://foryoupiece.com/wp-content/uploads/Instagram-Post-Photoroom-2024-11-26T213800.562.jpg
7ZTN15H5,"FIANCEE Body Mist White Musk","<div class=""mb-md"">\n<div class=""relative default font-sans text-base text-textMain dark:text-textMainDark selection:bg-super/50 selection:text-textMain dark:selection:bg-superDuper/10 dark:selection:text-superDark"">\n<div class=""min-w-0 break-words [word-break:break-word]"">\n<div dir=""auto"">\n<div class=""prose dark:prose-invert inline leading-normal break-words min-w-0 [word-break:break-word]"">FIANCEE Body Mist White Musk is a Japanese fragrance mist featuring a sophisticated blend of white musk with powdery and sweet undertones. The scent evolves from fresh citrus and spice top notes, through floral middle notes with white flowers, rose, and violet, finishing with woody musk, amber, and vanilla base notes. This 50ml body mist is ideal for those seeking a mysterious yet gentle adult fragrance, perfect for special occasions or daily wear. The product comes in a purple bottle decorated with unicorn motifs.</div>\n</div>\n</div>\n</div>\n</div>",https://foryoupiece.com/wp-content/uploads/Instagram-Post-Photoroom-2024-11-26T213600.456.jpg
EI96437L,"FIANCEE Body Mist White Tea","<div class=""mb-md"">\n<div class=""relative default font-sans text-base text-textMain dark:text-textMainDark selection:bg-super/50 selection:text-textMain dark:selection:bg-superDuper/10 dark:selection:text-superDark"">\n<div class=""min-w-0 break-words [word-break:break-word]"">\n<div dir=""auto"">\n<div class=""prose dark:prose-invert inline leading-normal break-words min-w-0 [word-break:break-word]"">FIANCEE Body Mist White Tea is a Japanese body fragrance mist that captures the essence of afternoon tea time. This delicate scent opens with refreshing citrus notes of lemon and bergamot, followed by a heart of tea leaves, jasmine, and rose, before settling into a sophisticated base of musk and cedarwood. Perfect for those who prefer subtle, clean fragrances, it offers a light and elegant wear ideal for daily use. The fragrance evokes a peaceful moment of enjoying tea under gentle sunlight, making it suitable for both casual and formal occasions.</div>\n</div>\n</div>\n</div>\n</div>",https://foryoupiece.com/wp-content/uploads/Instagram-Post-Photoroom-2024-11-26T213404.756.jpg
J9TCBNW4,"FIANCEE Hand Cream Pure Shampoo","<div class=""mb-md"">\n<div class=""relative default font-sans text-base text-textMain dark:text-textMainDark selection:bg-super/50 selection:text-textMain dark:selection:bg-superDuper/10 dark:selection:text-superDark"">\n<div class=""min-w-0 break-words [word-break:break-word]"">\n<div dir=""auto"">\n<div class=""prose dark:prose-invert inline leading-normal break-words min-w-0 [word-break:break-word]"">FIANCEE Hand Cream Pure Shampoo is a Japanese hand moisturizer that captures the fresh, clean scent of shampoo. This award-winning formula contains three types of ceramides and shea butter for deep hydration while maintaining a non-greasy texture. The fragrance combines top notes of lemon and green apple, middle notes of jasmine and muguet, and base notes of musk and woody scents. Perfect for those who want to maintain soft hands while emanating a subtle, fresh fragrance that evokes cleanliness and femininity.</div>\n</div>\n</div>\n</div>\n</div>",https://foryoupiece.com/wp-content/uploads/Instagram-Post-Photoroom-2024-11-26T213225.080.jpg
V9VII2OC,"Saborino Medical Brightening Mask VC, All-In-One Face Mask 10 Sheets","<div class=""mb-md"">\n<div class=""relative default font-sans text-base text-textMain dark:text-textMainDark selection:bg-super/50 selection:text-textMain dark:selection:bg-superDuper/10 dark:selection:text-superDark"">\n<div class=""min-w-0 break-words [word-break:break-word]"">\n<div dir=""auto"">\n<div class=""prose dark:prose-invert inline leading-normal break-words min-w-0 [word-break:break-word]"">Saborino Medical Brightening Mask VC is a Japanese medicated all-in-one sheet mask that combines five skincare steps: toner, emulsion, serum, cream, and mask. This brightening formula contains tranexamic acid and vitamin C to target dark spots and hyperpigmentation, while also featuring retinol, vitamin E, and collagen for anti-aging benefits. The thick, alcohol-free sheet provides intense hydration and is ideal for those concerned with uneven skin tone, photo-aging effects, and discoloration. Best suited for normal to oily skin types, recommended for nighttime use.</div>\n</div>\n</div>\n</div>\n</div>",https://foryoupiece.com/wp-content/uploads/Instagram-Post-Photoroom-2024-11-26T213046.511.jpg
BDKI45KE,"KOSÉ Clear Turn Vitamin Bomb Mask 7 Sheets","<div class=""mb-md"">\n<div class=""relative default font-sans text-base text-textMain dark:text-textMainDark selection:bg-super/50 selection:text-textMain dark:selection:bg-superDuper/10 dark:selection:text-superDark"">\n<div class=""min-w-0 break-words [word-break:break-word]"">\n<div dir=""auto"">\n<div class=""prose dark:prose-invert inline leading-normal break-words min-w-0 [word-break:break-word]"">KOSÉ Clear Turn Vitamin Bomb Mask is a Japanese sheet mask designed for intensive skin brightening and pore care. The mask features a unique textured sheet with bumpy surfaces that helps with gentle exfoliation while delivering a potent blend of vitamins including Vitamin C derivatives, niacinamide (B3), panthenol (B5), and retinol. With a refreshing citrus fragrance, this mask is particularly effective for those concerned with dullness and enlarged pores, promising results comparable to 8 hours of sleep in just 8 minutes of use.</div>\n</div>\n</div>\n</div>\n</div>",https://foryoupiece.com/wp-content/uploads/Instagram-Post-Photoroom-2024-11-26T212739.596.jpg
VFZXJKDU,"KOSÉ Clear Turn Uruuru Bomb Mask 7 Sheets, Deep Hydration","<div class=""mb-md"">\n<div class=""relative default font-sans text-base text-textMain dark:text-textMainDark selection:bg-super/50 selection:text-textMain dark:selection:bg-superDuper/10 dark:selection:text-superDark"">\n<div class=""min-w-0 break-words [word-break:break-word]"">\n<div dir=""auto"">\n<div class=""prose dark:prose-invert inline leading-normal break-words min-w-0 [word-break:break-word]"">The KOSÉ Clear Turn Uruuru Bomb Face Mask is a Japanese sheet mask designed for intense hydration, featuring a charming anime-style illustration on its packaging. This set of 7 masks delivers bomb-level moisture to combat dry and irritated skin using key ingredients like hyaluronic acid, white fungus extract, and glycerin. Free from parabens, UV absorbers, alcohol, and mineral oils, it has a relaxing floral scent. Best suited for those with normal to very dry skin seeking deep hydration and skin plumping effects.</div>\n</div>\n</div>\n</div>\n</div>",https://foryoupiece.com/wp-content/uploads/Instagram-Post-Photoroom-2024-11-26T212835.372.jpg
EZBY8LZA,"Nivea Rich Care & Color Cherry Brown","<div class=""mb-md"">\n<div class=""relative default font-sans text-base text-textMain dark:text-textMainDark selection:bg-super/50 selection:text-textMain dark:selection:bg-superDuper/10 dark:selection:text-superDark"">\n<div class=""min-w-0 break-words [word-break:break-word]"">\n<div dir=""auto"">\n<div class=""prose dark:prose-invert inline leading-normal break-words min-w-0 [word-break:break-word]"">Nivea Rich Care &amp; Color Lip in Cherry Brown is a tinted lip balm that combines moisturizing care with color. This Japanese product features a melting texture enriched with three beauty oils (macadamia nut, avocado, and jojoba) for intense hydration. It provides a transparent, glossy finish with a deep cherry-red tint that's particularly flattering for cool winter skin tones. The formula includes SPF20/PA++ protection and is fragrance-free. Perfect for those seeking both lip care and natural-looking color enhancement in one product.</div>\n</div>\n</div>\n</div>\n</div>",https://foryoupiece.com/wp-content/uploads/Instagram-Post-Photoroom-2024-11-26T212445.314.jpg
0D1HJ198,"Bifesta Micellar Cleansing Sheet, Bright Up, Makeup Remover 46 sheets","<div class=""mb-md"">\n<div class=""relative default font-sans text-base text-textMain dark:text-textMainDark selection:bg-super/50 selection:text-textMain dark:selection:bg-superDuper/10 dark:selection:text-superDark"">\n<div class=""min-w-0 break-words [word-break:break-word]"">\n<div dir=""auto"">\n<div class=""prose dark:prose-invert inline leading-normal break-words min-w-0 [word-break:break-word]"">Bifesta Micellar Cleansing Sheet Bright Up is a Japanese makeup remover featuring 46 large, pre-moistened wipes that effectively remove makeup, cleanse, and tone in one step. These oil-free sheets contain vitamin C derivatives and lactic acid to brighten skin and remove dead cells while maintaining moisture. The unique dual-layer fiber structure allows gentle makeup removal without rubbing. Best suited for those seeking convenience, especially with normal to combination skin looking to address dullness. No rinsing required, making it perfect for quick makeup removal or travel use.</div>\n</div>\n</div>\n</div>\n</div>",https://foryoupiece.com/wp-content/uploads/Instagram-Post-Photoroom-2024-11-26T211944.271.jpg
FDJY5YJ7,"Softymo Medicated White Cleansing Foam 190g","<div class=""mb-md"">\n<div class=""relative default font-sans text-base text-textMain dark:text-textMainDark selection:bg-super/50 selection:text-textMain dark:selection:bg-superDuper/10 dark:selection:text-superDark"">\n<div class=""min-w-0 break-words [word-break:break-word]"">\n<div dir=""auto"">\n<div class=""prose dark:prose-invert inline leading-normal break-words min-w-0 [word-break:break-word]"">Kose Softymo Medicated White Cleansing Foam is a 2-in-1 Japanese facial cleanser that combines makeup removal and face washing functions. This pharmaceutical-grade product features a rich, dense foam formula enriched with pearl extract, soy milk fermentation liquid, and vitamin C derivatives. It effectively removes makeup, deep-cleans pores, and targets residual melanin while being gentle on the skin. Best suited for those seeking a simplified skincare routine and looking to achieve brighter, clearer complexion through daily cleansing.</div>\n</div>\n</div>\n</div>\n</div>",https://foryoupiece.com/wp-content/uploads/Instagram-Post-Photoroom-2024-11-26T212121.325.jpg
EPSUA0PW,"Bifesta Micellar Cleansing Sheet, Perfect Clear, Makeup Remover 46 sheets","<div class=""mb-md"">\n<div class=""relative default font-sans text-base text-textMain dark:text-textMainDark selection:bg-super/50 selection:text-textMain dark:selection:bg-superDuper/10 dark:selection:text-superDark"">\n<div class=""min-w-0 break-words [word-break:break-word]"">\n<div dir=""auto"">\n<div class=""prose dark:prose-invert inline leading-normal break-words min-w-0 [word-break:break-word]"">Bifesta Micellar Cleansing Sheet Perfect Clear is a Japanese 3-in-1 makeup removing sheet that combines cleansing, toning, and moisturizing functions. Each pack contains 46 large, soft sheets with a unique two-layer fiber structure that effectively removes waterproof makeup, sunscreen, and deep-seated pore impurities without rubbing. The formula is gentle, oil-free, and fragrance-free, requiring no rinsing after use. Best suited for those seeking convenient, quick makeup removal while maintaining skin hydration, especially useful for travel or late nights.</div>\n</div>\n</div>\n</div>\n</div>",https://foryoupiece.com/wp-content/uploads/Instagram-Post-Photoroom-2024-11-26T211826.428.jpg
63FQ1NPH,"&Honey Relax Moist Whip Body Cream, 180g","<div class=""mb-md"">\n<div class=""relative default font-sans text-base text-textMain dark:text-textMainDark selection:bg-super/50 selection:text-textMain dark:selection:bg-superDuper/10 dark:selection:text-superDark"">\n<div class=""min-w-0 break-words [word-break:break-word]"">\n<div dir=""auto"">\n<div class=""prose dark:prose-invert inline leading-normal break-words min-w-0 [word-break:break-word]"">The &amp;Honey Relax Moist Whip Body Cream is a fall/winter limited edition body moisturizer featuring a concentrated honey formula. This lightweight, non-sticky cream provides lasting hydration while delivering a soothing aroma blend of lavender and honey. Enriched with high-concentration honey, shea butter, and collagen, it's specially formulated for those concerned about sticky textures. The cream maintains skin moisture until morning and is particularly suitable for those who prefer a lighter moisturizing experience while still getting effective hydration.</div>\n</div>\n</div>\n</div>\n</div>",https://foryoupiece.com/wp-content/uploads/Instagram-Post-Photoroom-2024-11-26T211705.587.jpg
W2O1M0TE,"&Honey Rich Moist Whip Body Cream, 180g","<div class=""mb-md"">\n<div class=""relative default font-sans text-base text-textMain dark:text-textMainDark selection:bg-super/50 selection:text-textMain dark:selection:bg-superDuper/10 dark:selection:text-superDark"">\n<div class=""min-w-0 break-words [word-break:break-word]"">\n<div dir=""auto"">\n<div class=""prose dark:prose-invert inline leading-normal break-words min-w-0 [word-break:break-word]"">The &amp;Honey Rich Moist Whip Body Cream is a Japanese body moisturizer featuring a high concentration of honey and shea butter. This whipped-texture cream is specially formulated for dry skin care during autumn and winter seasons. It provides long-lasting moisture that keeps skin hydrated until the next morning. The product has a distinctive osmanthus honey fragrance and contains natural ingredients like collagen, royal jelly extract, and aloe vera. Despite its rich texture, it absorbs well without feeling sticky.</div>\n</div>\n</div>\n</div>\n</div>",https://foryoupiece.com/wp-content/uploads/Instagram-Post-Photoroom-2024-11-26T211512.638.jpg
G44VI7GT,"Diane Bonheur Body Milk Jasmine Blue","<div class=""mb-md"">\n<div class=""relative default font-sans text-base text-textMain dark:text-textMainDark selection:bg-super/50 selection:text-textMain dark:selection:bg-superDuper/10 dark:selection:text-superDark"">\n<div class=""min-w-0 break-words [word-break:break-word]"">\n<div dir=""auto"">\n<div class=""prose dark:prose-invert inline leading-normal break-words min-w-0 [word-break:break-word]"">Diane Bonheur Body Milk Jasmine Blue is a luxurious body moisturizer containing over 90% natural ingredients. The formula features a delicate blend of jasmine and frankincense, creating a refreshing citrus and sweet floral fragrance with transparent notes. Enriched with Vitamin C, yuzu ceramide, and jojoba oil, this non-sticky milk lotion delivers deep hydration while maintaining a light texture. Best suited for daily use, particularly for those seeking a lightweight yet effective moisturizer with an elegant fragrance.</div>\n</div>\n</div>\n</div>\n</div>",https://foryoupiece.com/wp-content/uploads/Instagram-Post-Photoroom-2024-11-26T211153.026.jpg
CSMXAK1K,"Coenrich The Premium Hand Cream Bight","<div class=""mb-md"">\n<div class=""relative default font-sans text-base text-textMain dark:text-textMainDark selection:bg-super/50 selection:text-textMain dark:selection:bg-superDuper/10 dark:selection:text-superDark"">\n<div class=""min-w-0 break-words [word-break:break-word]"">\n<div dir=""auto"">\n<div class=""prose dark:prose-invert inline leading-normal break-words min-w-0 [word-break:break-word]"">The Kose CoenRich The Premium Bright Q10 Hand Cream is a premium Japanese hand cream featuring coenzyme Q10 and niacinamide for anti-aging and skin brightening benefits. This non-sticky formula provides triple action with light diffusion, water repellency, and UV protection (SPF25 PA++). It contains pearl powder and pink pearls to instantly brighten dull skin while filling in wrinkles and uneven texture. The cream is especially suitable for those concerned with aging hands, dark spots, and maintaining moisture protection throughout daily hand washing.</div>\n</div>\n</div>\n</div>\n</div>",https://foryoupiece.com/wp-content/uploads/Instagram-Post-Photoroom-2024-11-26T211322.378.jpg
DO7IK6NF,"Nivea Skin Milk Refreshing, Body Milk 200g","<div class=""mb-md"">\n<div class=""relative default font-sans text-base text-textMain dark:text-textMainDark selection:bg-super/50 selection:text-textMain dark:selection:bg-superDuper/10 dark:selection:text-superDark"">\n<div class=""min-w-0 break-words [word-break:break-word]"">\n<div dir=""auto"">\n<div class=""prose dark:prose-invert inline leading-normal break-words min-w-0 [word-break:break-word]"">Nivea Skin Milk Refreshing is a lightweight body lotion designed for normal to dry skin types. This Japanese-made moisturizer features a non-sticky, quick-absorbing formula enriched with hyaluronic acid, arginine, ceramide NG, and trehalose. The milk-like texture acts as a protective cushion against dryness while delivering deep hydration to the stratum corneum. Best suited for those who prefer a light, refreshing feel while maintaining all-day moisture. Can be used on both body and face.</div>\n</div>\n</div>\n</div>\n</div>",https://foryoupiece.com/wp-content/uploads/Instagram-Post-Photoroom-2024-11-26T210234.257.jpg
B17V2WK2,"Nivea Skin Milk Rich Moisture, Body Milk 200g","<div class=""mb-md"">\n<div class=""relative default font-sans text-base text-textMain dark:text-textMainDark selection:bg-super/50 selection:text-textMain dark:selection:bg-superDuper/10 dark:selection:text-superDark"">\n<div class=""min-w-0 break-words [word-break:break-word]"">\n<div dir=""auto"">\n<div class=""prose dark:prose-invert inline leading-normal break-words min-w-0 [word-break:break-word]"">Nivea Skin Milk Rich Moisture is a deeply hydrating body milk designed specifically for very dry to dry skin types. This Japanese-made moisturizer features a rich, creamy texture that creates a protective cushion-like barrier against moisture loss. Its formula contains key hydrating ingredients including hyaluronic acid, ceramides, trehalose, and arginine that penetrate deep into the stratum corneum for all-day moisture retention. The lightweight yet nourishing formula can be used on both body and face, making it a versatile moisturizing solution for those seeking long-lasting hydration.</div>\n</div>\n</div>\n</div>\n</div>",https://foryoupiece.com/wp-content/uploads/Instagram-Post-Photoroom-2024-11-26T210340.691.jpg
WAEJWLRU,"Nivea Skin Milk Creamy, Body Milk 200g","<div class=""mb-md"">\n<div class=""relative default font-sans text-base text-textMain dark:text-textMainDark selection:bg-super/50 selection:text-textMain dark:selection:bg-superDuper/10 dark:selection:text-superDark"">\n<div class=""min-w-0 break-words [word-break:break-word]"">\n<div dir=""auto"">\n<div class=""prose dark:prose-invert inline leading-normal break-words min-w-0 [word-break:break-word]"">Nivea Skin Milk Creamy is a Japanese body lotion designed for dry skin types. This creamy-textured milk formula acts as a protective cushion against dryness, preventing moisture loss throughout the day. It contains key moisturizing ingredients including hyaluronic acid, arginine, shea butter, and ceramide NG that penetrate deep into the skin's stratum corneum. The formula provides long-lasting hydration and smoothness while maintaining a non-sticky finish. The product is suitable for both body and face use.</div>\n</div>\n</div>\n</div>\n</div>",https://foryoupiece.com/wp-content/uploads/Instagram-Post-Photoroom-2024-11-26T210107.451.jpg
ASZJLJY8,"Kao 8x4 Powder Spray, Non Fragrance 150g","<div class=""mb-md"">\n<div class=""relative default font-sans text-base text-textMain dark:text-textMainDark selection:bg-super/50 selection:text-textMain dark:selection:bg-superDuper/10 dark:selection:text-superDark"">\n<div class=""min-w-0 break-words [word-break:break-word]"">\n<div dir=""auto"">\n<div class=""prose dark:prose-invert inline leading-normal break-words min-w-0 [word-break:break-word]"">This is a Japanese deodorant spray from Kao Corporation's 8x4 line. It's a fragrance-free antiperspirant powder spray that effectively combats body odor and sweat through its natural antibacterial ingredients, including BGA (beta-glycyrrhetinic acid) derived from licorice and green tea essence. The powder formula helps keep skin dry and smooth, making it suitable for underarms, neck, chest, and back areas. The spray design allows for easy application without removing the cap, and its quiet spray mechanism minimizes powder dispersal.</div>\n</div>\n</div>\n</div>\n</div>",https://foryoupiece.com/wp-content/uploads/Instagram-Post-Photoroom-2024-11-26T180324.418.jpg
DGY9XAE5,"Kao 8x4 Powder Spray, Soap & Pure Flowers Scent 150g","<div class=""mb-md"">\n<div class=""relative default font-sans text-base text-textMain dark:text-textMainDark selection:bg-super/50 selection:text-textMain dark:selection:bg-superDuper/10 dark:selection:text-superDark"">\n<div class=""min-w-0 break-words [word-break:break-word]"">\n<div dir=""auto"">\n<div class=""prose dark:prose-invert inline leading-normal break-words min-w-0 [word-break:break-word]"">The Kao 8x4 Powder Spray (Soap &amp; Pure Flowers Scent) is a Japanese antiperspirant deodorant spray designed for all-day protection. This 150g aerosol features natural ingredients including BGA (β-glycyrrhetinic acid) for antibacterial action and green tea essence for deodorizing. The powder formula absorbs excess sebum while leaving skin smooth and fresh. Ideal for underarms, neck, chest, and back areas where sweat and stickiness are concerns. The gentle soap and floral fragrance provides a clean, refreshing scent that reactivates throughout the day.</div>\n</div>\n</div>\n</div>\n</div>",https://foryoupiece.com/wp-content/uploads/Instagram-Post-Photoroom-100.jpg
FNFJNU0Y,"Kao 8x4 Powder Spray, Floral & Bouquet Scent 150g","<div class=""mb-md"">\n<div class=""relative default font-sans text-base text-textMain dark:text-textMainDark selection:bg-super/50 selection:text-textMain dark:selection:bg-superDuper/10 dark:selection:text-superDark"">\n<div class=""min-w-0 break-words [word-break:break-word]"">\n<div dir=""auto"">\n<div class=""prose dark:prose-invert inline leading-normal break-words min-w-0 [word-break:break-word]"">The 8x4 Aroma Switch Spray in Paris Bouquet scent is a Japanese antiperspirant deodorant spray by Kao Corporation. This premium deodorant features a sophisticated floral fragrance inspired by receiving a bouquet of flowers. It contains BGA (β-glycyrrhetinic acid), a natural antibacterial ingredient derived from licorice, and green tea essence for odor control. The formula includes botanical oil-absorbing powder that keeps skin dry and fresh. The spray effectively controls sweat and odor while providing a natural, refreshing scent that reactivates throughout the day.</div>\n</div>\n</div>\n</div>\n</div>",https://foryoupiece.com/wp-content/uploads/Instagram-Post-Photoroom-99.jpg
JZWHZ0F4,"Kao 8x4 Powder Spray, Jasmine & Pear Scent 150g","<div class=""mb-md"">\n<div class=""relative default font-sans text-base text-textMain dark:text-textMainDark selection:bg-super/50 selection:text-textMain dark:selection:bg-superDuper/10 dark:selection:text-superDark"">\n<div class=""min-w-0 break-words [word-break:break-word]"">\n<div dir=""auto"">\n<div class=""prose dark:prose-invert inline leading-normal break-words min-w-0 [word-break:break-word]"">The Kao 8x4 Powder Spray in Jasmine &amp; Pear scent is a Japanese antiperspirant and deodorant body spray that offers full-body sweat and odor protection. This quasi-drug product contains natural ingredients including licorice-derived antibacterial BGA, green tea essence for deodorizing, and botanical sebum-absorbing powder. The elegant jasmine and pear fragrance provides a sophisticated aroma. Best suited for underarms, neck, chest, and back areas where sweat and stickiness are concerns. The powder formula leaves skin feeling smooth and dry.</div>\n</div>\n</div>\n</div>\n</div>",https://foryoupiece.com/wp-content/uploads/Instagram-Post-Photoroom-2024-11-26T173119.382.jpg
4YL6S4BD,"Biore Zero Sheet, Deodorant Sheet, Gentle Soap Scent 20 sheets","<div class=""mb-md"">\n<div class=""relative default font-sans text-base text-textMain dark:text-textMainDark selection:bg-super/50 selection:text-textMain dark:selection:bg-superDuper/10 dark:selection:text-superDark"">\n<div class=""min-w-0 break-words [word-break:break-word]"">\n<div dir=""auto"">\n<div class=""prose dark:prose-invert inline leading-normal break-words min-w-0 [word-break:break-word]"">Biore Zero Sheet is a premium body wipe product from Kao featuring a unique dual-action formula. These large-sized sheets (230x200mm) start moisturizing when applied and quickly transform to leave skin feeling powder-fresh. The sheets contain a lasting powder veil technology that continuously absorbs sweat and provides long-lasting comfort. With a gentle soap fragrance, these versatile wipes can be used on both face and body, making them perfect for refreshing during humid weather, after exercise, or for quick clean-ups on the go.</div>\n</div>\n</div>\n</div>\n</div>",https://foryoupiece.com/wp-content/uploads/Instagram-Post-Photoroom-96.jpg
Y0U3IJNF,"&Honey Matomake Stick Disney Limited Edition","<div class=""mb-md"">\n<div class=""relative default font-sans text-base text-textMain dark:text-textMainDark selection:bg-super/50 selection:text-textMain dark:selection:bg-superDuper/10 dark:selection:text-superDark"">\n<div class=""min-w-0 break-words [word-break:break-word]"">\n<div dir=""auto"">\n<div class=""prose dark:prose-invert inline leading-normal break-words min-w-0 [word-break:break-word]"">The &amp;Honey Matomake Stick Disney Tsum Tsum Limited Edition is a mascara-type hair styling stick featuring beloved Disney Tsum Tsum characters on its packaging. This compact, gel-based hair styling product effectively tames flyaways and unruly hair while providing moisture through its honey-enriched formula. Perfect for on-the-go touch-ups, it leaves no white residue and prevents hair from spreading due to sweat or humidity. The product comes with a sweet honey fragrance and is ideal for anyone looking to maintain neat, styled hair throughout the day.</div>\n</div>\n</div>\n</div>\n</div>",https://foryoupiece.com/wp-content/uploads/Instagram-Post-Photoroom-95.jpg
QPDQCOWA,"&Honey Milky Precious EX Repair Hair Pack 1.5","<div class=""mb-md"">\n<div class=""relative default font-sans text-base text-textMain dark:text-textMainDark selection:bg-super/50 selection:text-textMain dark:selection:bg-superDuper/10 dark:selection:text-superDark"">\n<div class=""min-w-0 break-words [word-break:break-word]"">\n<div dir=""auto"">\n<div class=""prose dark:prose-invert inline leading-normal break-words min-w-0 [word-break:break-word]"">The &amp;honey Milky Precious EX Repair Hair Pack 1.5 is a premium Japanese hair treatment mask that represents the highest level of damage care in the &amp;honey series. This 130g pack features newly developed Milk Honey and Keratin Honey formulations, with over 95% of ingredients dedicated to moisturizing and repair. The product is specifically designed for severely damaged hair, offering intensive repair and hydration. It has an Apricot Sweet Honey fragrance and is free from sulfates, parabens, and mineral oils, making it ideal for those seeking deep conditioning and damage repair.</div>\n</div>\n</div>\n</div>\n</div>",https://foryoupiece.com/wp-content/uploads/Instagram-Post-Photoroom-93.jpg
YUQIEKVC,"&Honey Milky Precious EX Repair Triple Set [Shampoo/Hair Treatment/Hair Milk]","<div class=""mb-md"">\n<div class=""relative default font-sans text-base text-textMain dark:text-textMainDark selection:bg-super/50 selection:text-textMain dark:selection:bg-superDuper/10 dark:selection:text-superDark"">\n<div class=""min-w-0 break-words [word-break:break-word]"">\n<div dir=""auto"">\n<div class=""prose dark:prose-invert inline leading-normal break-words min-w-0 [word-break:break-word]"">The &amp;Honey Milky Precious EX Repair Triple Set is a premium Japanese hair care collection featuring a shampoo, treatment, and hair milk. This upgraded formula contains high concentrations of Milk Honey and Keratin Honey, designed specifically for damaged hair repair. The set provides intense moisture, smoothness, and damage repair through its unique honey-based ingredients, with over 95% moisturizing components. Each product features distinct sweet honey fragrances: apple for shampoo, raspberry for treatment, and cherry for hair milk. Ideal for those with dry, damaged, or color-treated hair seeking deep restoration.</div>\n</div>\n</div>\n</div>\n</div>",https://foryoupiece.com/wp-content/uploads/Instagram-Post-Photoroom-94.jpg
IKX3GDEU,"Honeyque Deep Repair, Shampoo Treatment Hair Mist Set, Grapefruit Scent","<div class=""mb-md"">\n<div class=""relative default font-sans text-base text-textMain dark:text-textMainDark selection:bg-super/50 selection:text-textMain dark:selection:bg-superDuper/10 dark:selection:text-superDark"">\n<div class=""min-w-0 break-words [word-break:break-word]"">\n<div dir=""auto"">\n<div class=""prose dark:prose-invert inline leading-normal break-words min-w-0 [word-break:break-word]"">This is a limited edition hair care set from HONEYQUE featuring a Deep Repair Shampoo (450ml), Hair Treatment (450ml), and a bonus 2WAY Hair Mist (30ml), all infused with a refreshing grapefruit fragrance. The products contain a special honey protein formula designed to strengthen and hydrate hair from within. The set is particularly effective for managing frizz, preventing humidity damage, and repairing damaged hair. Best suited for those seeking to achieve smooth, manageable hair with added moisture and protection against heat styling.</div>\n</div>\n</div>\n</div>\n</div>",https://foryoupiece.com/wp-content/uploads/Instagram-Post-Photoroom-92.jpg
GDHPX835,"Utena Matomage Super Hold Hair Stick, Hair Wax","<div class=""mb-md"">\n<div class=""relative default font-sans text-base text-textMain dark:text-textMainDark selection:bg-super/50 selection:text-textMain dark:selection:bg-superDuper/10 dark:selection:text-superDark"">\n<div class=""min-w-0 break-words [word-break:break-word]"">\n<div dir=""auto"">\n<div class=""prose dark:prose-invert inline leading-normal break-words min-w-0 [word-break:break-word]"">The Utena Matomage Hair Styling Stick is a Japanese stick-type hair wax designed for precise styling and taming flyaways. This innovative product allows direct application to hair without getting hands messy, making it perfect for quick touch-ups. Available in Regular and Super Hold versions, it effectively manages stray hairs, baby hairs, and keeps updos in place with a natural, non-sticky finish. The fragrance-free, colorant-free formula is especially popular among those seeking easy hair maintenance and professionals like flight attendants who need quick styling solutions.</div>\n</div>\n</div>\n</div>\n</div>",https://foryoupiece.com/wp-content/uploads/Instagram-Post-Photoroom-90.jpg
PQKZDPHC,"Utena Magomage Hair Styling Water, Hair Mist","<div class=""mb-md"">\n<div class=""relative default font-sans text-base text-textMain dark:text-textMainDark selection:bg-super/50 selection:text-textMain dark:selection:bg-superDuper/10 dark:selection:text-superDark"">\n<div class=""min-w-0 break-words [word-break:break-word]"">\n<div dir=""auto"">\n<div class=""prose dark:prose-invert inline leading-normal break-words min-w-0 [word-break:break-word]"">The Utena Matomage Hair Arrangement Water is a Japanese styling mist that helps create and maintain hairstyles without making hair stiff or sticky. This innovative water-based formula makes hair more manageable for updos, braids, and various hairstyles while controlling frizz and flyaways. Perfect for those with fine, damaged, or unruly hair, it provides a natural-looking hold that can be restyled throughout the day. The product contains nourishing ingredients like camellia oil, argan oil, and baobab oil, offering both styling and hair care benefits while being free from fragrances and artificial colorings.</div>\n</div>\n</div>\n</div>\n</div>",https://foryoupiece.com/wp-content/uploads/Instagram-Post-Photoroom-89.jpg
YQF0CYHJ,"Off & Relax Spa Shampoo Refresh 460ml","<div class=""mb-md"">\n<div class=""relative default font-sans text-base text-textMain dark:text-textMainDark selection:bg-super/50 selection:text-textMain dark:selection:bg-superDuper/10 dark:selection:text-superDark"">\n<div class=""min-w-0 break-words [word-break:break-word]"">\n<div dir=""auto"">\n<div class=""prose dark:prose-invert inline leading-normal break-words min-w-0 [word-break:break-word]"">Off &amp; Relax Spa Shampoo Refresh is a Japanese scalp and hair care product that uses mineral-rich hot spring water from three locations in Japan. This refreshing formula features botanical ingredients and amino acids to gently cleanse the scalp while providing natural volume and bounce. With a sophisticated cassis and muguet fragrance, it's particularly suitable for those dealing with oily scalp, lack of volume, or scalp discomfort. The shampoo creates a rich, creamy lather and leaves hair feeling light and airy.</div>\n</div>\n</div>\n</div>\n</div>",https://foryoupiece.com/wp-content/uploads/Instagram-Post-Photoroom-2024-12-04T012407.340.jpg
19B0RRYA,"Off & Relax Spa Treatment Refresh 460g","<div class=""mb-md"">\n<div class=""relative default font-sans text-base text-textMain dark:text-textMainDark selection:bg-super/50 selection:text-textMain dark:selection:bg-superDuper/10 dark:selection:text-superDark"">\n<div class=""min-w-0 break-words [word-break:break-word]"">\n<div dir=""auto"">\n<div class=""prose dark:prose-invert inline leading-normal break-words min-w-0 [word-break:break-word]"">This is Off &amp; Relax Spa Treatment Refresh, a Japanese hair treatment formulated with hot spring water from three different locations in Japan. The product features a unique blend of minerals, amino acids, and botanical essences that focus on both scalp care and hair repair. With a luxurious cassis and muguet fragrance, this treatment is specifically designed for those seeking volume and lightweight moisture. Best suited for normal to medium-thick hair types, it leaves hair fluffy, soft, and manageable while maintaining scalp health.</div>\n</div>\n</div>\n</div>\n</div>",https://foryoupiece.com/wp-content/uploads/Instagram-Post-Photoroom-87.jpg
RGBGYE49,"Off & Relax Spa Shampoo Moisture 460ml","<div class=""mb-md"">\n<div class=""relative default font-sans text-base text-textMain dark:text-textMainDark selection:bg-super/50 selection:text-textMain dark:selection:bg-superDuper/10 dark:selection:text-superDark"">\n<div class=""min-w-0 break-words [word-break:break-word]"">\n<div dir=""auto"">\n<div class=""prose dark:prose-invert inline leading-normal break-words min-w-0 [word-break:break-word]"">Off &amp; Relax Spa Shampoo Moisture 460ml is a Japanese premium haircare product featuring hot spring water from three different locations in Japan. This moisturizing shampoo combines amino acids and botanical essences to repair hair and care for the scalp. It's specially formulated for those with dry hair, split ends, and lack of shine. The product offers a luxurious experience with its distinctive pomegranate and cedarwood fragrance. Best suited for those seeking deep moisture and scalp care, particularly those with normal to medium-thick hair types.</div>\n</div>\n</div>\n</div>\n</div>",https://foryoupiece.com/wp-content/uploads/Instagram-Post-Photoroom-85.jpg
49TIRKAS,"Off & Relax Spa Treatment Moisture 460g","<div class=""mb-md"">\n<div class=""relative default font-sans text-base text-textMain dark:text-textMainDark selection:bg-super/50 selection:text-textMain dark:selection:bg-superDuper/10 dark:selection:text-superDark"">\n<div class=""min-w-0 break-words [word-break:break-word]"">\n<div dir=""auto"">\n<div class=""prose dark:prose-invert inline leading-normal break-words min-w-0 [word-break:break-word]"">Off &amp; Relax Spa Treatment Moisture is a Japanese hair treatment that combines hot spring water from three different locations in Japan with botanical essences. This luxurious formula features a rich texture that coats each hair strand, providing deep moisture and repair. With ingredients like sake lees extract and rice fermentation, it's ideal for those with dry, damaged hair or split ends. The product offers a sophisticated pomegranate and cedarwood fragrance, delivering both scalp care and hair beautification in one treatment.</div>\n</div>\n</div>\n</div>\n</div>",https://foryoupiece.com/wp-content/uploads/Instagram-Post-Photoroom-86.jpg
XDVCEM0I,"Off & Relax Moisture Spa Hair Mask 150g","<div class=""mb-md"">\n<div class=""relative default font-sans text-base text-textMain dark:text-textMainDark selection:bg-super/50 selection:text-textMain dark:selection:bg-superDuper/10 dark:selection:text-superDark"">\n<div class=""min-w-0 break-words [word-break:break-word]"">\n<div dir=""auto"">\n<div class=""prose dark:prose-invert inline leading-normal break-words min-w-0 [word-break:break-word]"">The Off &amp; Relax Spa Hair Mask is a premium Japanese hair treatment that combines hot spring water from three different locations in Japan with amino acids and botanical essences. This unique formula repairs heat and color damage while providing dual care for both scalp and hair. The mask features a quick-rinse technology and delivers intense moisture, reducing frizz and adding shine. With its luxurious pomegranate and cedarwood fragrance, it's ideal for those dealing with dry, damaged hair and split ends. Recommended use is 1-2 times per week.</div>\n</div>\n</div>\n</div>\n</div>",https://foryoupiece.com/wp-content/uploads/Instagram-Post-Photoroom-84.jpg
BJ4ZCPSQ,"Off & Relax Spa Shampoo Deep Cleanse 460ml","<div class=""mb-md"">\n<div class=""relative default font-sans text-base text-textMain dark:text-textMainDark selection:bg-super/50 selection:text-textMain dark:selection:bg-superDuper/10 dark:selection:text-superDark"">\n<div class=""min-w-0 break-words [word-break:break-word]"">\n<div dir=""auto"">\n<div class=""prose dark:prose-invert inline leading-normal break-words min-w-0 [word-break:break-word]"">Off &amp; Relax Hot Spring Water Deep Cleanse Spa Shampoo is a Japanese scalp-focused haircare product that features a blend of three domestic hot spring waters from Izumo, Yuwara, and the Alps. Its unique double zinc colloid formula effectively manages excess sebum production while incorporating natural ingredients like plankton extract, sake lees, and tea leaf extract. The shampoo has a calming forest-bathing fragrance and is particularly suitable for those with oily scalp conditions, dandruff concerns, or those seeking a deep cleansing effect.</div>\n</div>\n</div>\n</div>\n</div>",https://foryoupiece.com/wp-content/uploads/Instagram-Post-Photoroom-83.jpg
TLEWGR0E,"Off & Relax Spa Treatment Deep Cleanse 460g","<div class=""mb-md"">\n<div class=""relative default font-sans text-base text-textMain dark:text-textMainDark selection:bg-super/50 selection:text-textMain dark:selection:bg-superDuper/10 dark:selection:text-superDark"">\n<div class=""min-w-0 break-words [word-break:break-word]"">\n<div dir=""auto"">\n<div class=""prose dark:prose-invert inline leading-normal break-words min-w-0 [word-break:break-word]"">Off &amp; Relax Spa Treatment Deep Cleanse is a Japanese hair treatment specifically formulated to address oily scalp concerns. This premium hair care product features a unique blend of three Japanese hot spring waters (from Izumo, Yubara, and Alps) and a proprietary dual-zinc colloidal formula. It contains sake lees extract, green tea leaf extract, and eucalyptus oil, creating a forest-like aromatherapy experience. The treatment effectively balances scalp oils, reduces itchiness and odor, while maintaining moisture balance. Best suited for those with oily scalp conditions and those seeking a deep cleansing treatment.</div>\n</div>\n</div>\n</div>\n</div>",https://foryoupiece.com/wp-content/uploads/Instagram-Post-Photoroom-82.jpg
XBBNBPVN,"Off & Relax Spa Shampoo Silky Night Repair 460ml","<div class=""mb-md"">\n<div class=""relative default font-sans text-base text-textMain dark:text-textMainDark selection:bg-super/50 selection:text-textMain dark:selection:bg-superDuper/10 dark:selection:text-superDark"">\n<div class=""min-w-0 break-words [word-break:break-word]"">\n<div dir=""auto"">\n<div class=""prose dark:prose-invert inline leading-normal break-words min-w-0 [word-break:break-word]"">Off &amp; Relax Silky Night Repair Spa Shampoo is a Japanese overnight hair repair shampoo infused with three types of hot spring water from Izumo, Yubara, and the Alps. The formula features triple taurine and heat protection technology to prevent damage from UV rays, perms, and coloring. Its unique blend includes five moisturizing ingredients and botanical extracts for deep repair. The shampoo has a distinctive violet musk fragrance with fruity notes. Best suited for those with damaged, dry hair seeking overnight restoration and repair.</div>\n</div>\n</div>\n</div>\n</div>",https://foryoupiece.com/wp-content/uploads/Instagram-Post-Photoroom-81.jpg
JG8P0W9T,"Off & Relax Spa Treatment Silky Night Repair 460g","<div class=""mb-md"">\n<div class=""relative default font-sans text-base text-textMain dark:text-textMainDark selection:bg-super/50 selection:text-textMain dark:selection:bg-superDuper/10 dark:selection:text-superDark"">\n<div class=""min-w-0 break-words [word-break:break-word]"">\n<div dir=""auto"">\n<div class=""prose dark:prose-invert inline leading-normal break-words min-w-0 [word-break:break-word]"">Off &amp; Relax Spa Treatment Silky Night Repair is a premium Japanese hair treatment designed for overnight deep repair. The formula features three Japanese hot spring waters (from Izumo, Yubara, and Alps), triple taurine complex, and five moisturizing ingredients including yuzu ceramides and hyaluronic acid. This treatment protects against UV rays and heat damage while repairing damaged hair during sleep. With its violet musk fragrance, it's particularly suitable for those with dry, damaged hair or those who frequently use heat styling or chemical treatments.</div>\n</div>\n</div>\n</div>\n</div>",https://foryoupiece.com/wp-content/uploads/Instagram-Post-Photoroom-80.jpg
CIY7ARQF,"&Honey Pixie Moist Silky Shampoo","<div class=""mb-md"">\n<div class=""relative default font-sans text-base text-textMain dark:text-textMainDark selection:bg-super/50 selection:text-textMain dark:selection:bg-superDuper/10 dark:selection:text-superDark"">\n<div class=""min-w-0 break-words [word-break:break-word]"">\n<div dir=""auto"">\n<div class=""prose dark:prose-invert inline leading-normal break-words min-w-0 [word-break:break-word]"">&amp;Honey Pixie Moist Silky Shampoo is a Japanese moisturizing shampoo designed for fine, tangled, and dry hair. The formula contains over 90% moisturizing ingredients, including three types of honey (Manuka, Acacia, and raw Japanese honey), golden silk, and cashmere silk components. Its unique 14% moisture level and honey-derived cleansing agents transform dry hair into smooth, manageable locks. The product features a champagne flower honey fragrance and is free from sulfates, silicones, and synthetic additives, making it ideal for those seeking a gentle yet effective hair care solution.</div>\n</div>\n</div>\n</div>\n</div>",https://foryoupiece.com/wp-content/uploads/Instagram-Post-Photoroom-79.jpg
BA33I0DB,"Melano CC Medicated Whitening Anti-Spot Essence Lotion","<div class=""mb-md"">\n<div class=""relative default font-sans text-base text-textMain dark:text-textMainDark selection:bg-super/50 selection:text-textMain dark:selection:bg-superDuper/10 dark:selection:text-superDark"">\n<div class=""min-w-0 break-words [word-break:break-word]"">\n<div dir=""auto"">\n<div class=""prose dark:prose-invert inline leading-normal break-words min-w-0 [word-break:break-word]"">Melano CC Anti-Spot Brightening Lotion is a Japanese medicated toner by Rohto Pharmaceutical that targets dark spots, hyperpigmentation, and acne marks. This lightweight hydrating formula contains high-penetrating Vitamin C derivative (3-O-Ethyl Ascorbic Acid) and anti-inflammatory Dipotassium Glycyrrhizate as key active ingredients. The lotion also features Alpinia White and citrus extracts for added brightening benefits. Best suited for all skin types, particularly those concerned with uneven skin tone, post-acne marks, and enlarged pores. It has a refreshing citrus scent and comes in a 170ml bottle.</div>\n</div>\n</div>\n</div>\n</div>",https://foryoupiece.com/wp-content/uploads/Instagram-Post-Photoroom-78.jpg
PEBTDSJQ,"Ashirira Feet Sheets, Feet Patches, Lavender (30 sheets)","<div class=""mb-md"">\n<div class=""relative default font-sans text-base text-textMain dark:text-textMainDark selection:bg-super/50 selection:text-textMain dark:selection:bg-superDuper/10 dark:selection:text-superDark"">\n<div class=""min-w-0 break-words [word-break:break-word]"">\n<div dir=""auto"">\n<div class=""prose dark:prose-invert inline leading-normal break-words min-w-0 [word-break:break-word]"">Ashirira Foot Relax Sheet is a Japanese foot care product featuring bamboo sap powder patches infused with lavender fragrance. These sheets are designed to be applied to the soles of feet before bedtime, where they work overnight to absorb excess moisture and provide relief for tired, swollen feet. The bamboo sap powder changes color to brown by morning, indicating absorption. Perfect for those with long standing hours, desk jobs, or anyone seeking relaxation through aromatherapy while sleeping.</div>\n</div>\n</div>\n</div>\n</div>",https://foryoupiece.com/wp-content/uploads/Instagram-Post-Photoroom-77.jpg
GYPV97MU,"FIANCEE Perfume de Toilette Pure Shampoo 50ml","<div class=""mb-md"">\n<div class=""relative default font-sans text-base text-textMain dark:text-textMainDark selection:bg-super/50 selection:text-textMain dark:selection:bg-superDuper/10 dark:selection:text-superDark"">\n<div class=""min-w-0 break-words [word-break:break-word]"">\n<div dir=""auto"">\n<div class=""prose dark:prose-invert inline leading-normal break-words min-w-0 [word-break:break-word]"">FIANCEE Parfum de Toilette Pure Shampoo is a Japanese eau de parfum that captures the fresh, clean scent of just-washed hair. This delicate fragrance opens with green apple and lemon top notes, transitions to subtle floral middle notes of jasmine and lily of the valley, and settles into a sophisticated base of musk and woody notes. Perfect for those who prefer subtle, inoffensive fragrances, it offers a gentle, universally appealing scent that's ideal for daily wear and creates a clean, approachable impression.</div>\n</div>\n</div>\n</div>\n</div>",https://foryoupiece.com/wp-content/uploads/Square-Photoroom75-1.jpg
CFH7ABU0,"&Honey Melty Moist Repair Hair Oil 3.0","<div class=""mb-md"">\n<div class=""relative default font-sans text-base text-textMain dark:text-textMainDark selection:bg-super/50 selection:text-textMain dark:selection:bg-superDuper/10 dark:selection:text-superDark"">\n<div class=""min-w-0 break-words [word-break:break-word]"">\n<div dir=""auto"">\n<div class=""prose dark:prose-invert inline leading-normal break-words min-w-0 [word-break:break-word]"">&amp;honey Melty Moist Repair Hair Oil 3.0 is a Japanese hair treatment oil designed for wavy, frizzy, and dry hair. This lightweight formula contains three types of premium honey, argan oil, and botanical ingredients, with over 90% moisturizing and protective components. Distinguished by its 14% moisture retention level and shower rose honey scent, the oil effectively smooths hair texture while preventing unwanted curling. Ideal for those seeking to manage unruly hair while maintaining a non-greasy, silky finish. The pink bottle contains 100ml of product.</div>\n</div>\n</div>\n</div>\n</div>",https://foryoupiece.com/wp-content/uploads/Instagram-Post-Photoroom-75.jpg
TNFUSKLB,"&Honey Melty Moist Repair Hair Oil 3.0 Refill","<div class=""mb-md"">\n<div class=""relative default font-sans text-base text-textMain dark:text-textMainDark selection:bg-super/50 selection:text-textMain dark:selection:bg-superDuper/10 dark:selection:text-superDark"">\n<div class=""min-w-0 break-words [word-break:break-word]"">\n<div dir=""auto"">\n<div class=""prose dark:prose-invert inline leading-normal break-words min-w-0 [word-break:break-word]"">This is a Japanese refill pack for &amp;honey Melty Moist Repair Hair Oil 3.0, a premium hair treatment oil specially formulated with three types of honey and argan oil. The product targets frizzy, wavy, and unruly hair with its 14% moisture-retention formula. Featuring a shower rose honey scent enhanced with Bulgarian damask rose water, this oil effectively smooths and repairs dry hair while providing deep hydration. It's particularly beneficial for those with curly or damaged hair seeking a silky, manageable finish.</div>\n</div>\n</div>\n</div>\n</div>",https://foryoupiece.com/wp-content/uploads/Instagram-Post-Photoroom-74.jpg
26HOVDVM,"&Honey Deep Moist Hair Oil 3.0 Refill","<div class=""mb-md"">\n<div class=""relative default font-sans text-base text-textMain dark:text-textMainDark selection:bg-super/50 selection:text-textMain dark:selection:bg-superDuper/10 dark:selection:text-superDark"">\n<div class=""min-w-0 break-words [word-break:break-word]"">\n<div dir=""auto"">\n<div class=""prose dark:prose-invert inline leading-normal break-words min-w-0 [word-break:break-word]"">The &amp;honey Deep Moist Hair Oil 3.0 Refill is a Japanese hair care product featuring a unique blend of three honey types (50% Manuka, 30% Acacia, 20% Raw Japanese). This silky oil treatment contains over 90% moisturizing ingredients, including organic Moroccan argan oil, royal jelly, and hyaluronic acid. With a pleasant Damask rose honey fragrance, it's specifically formulated for normal to medium-thick hair types, providing deep hydration and shine while preventing frizz. Best suited for those seeking intense moisture without heaviness.</div>\n</div>\n</div>\n</div>\n</div>",https://foryoupiece.com/wp-content/uploads/Instagram-Post-Photoroom-73.jpg
VD0T78KP,"Limited Botanist Shampoo Refill 10% more, Moist 440ml","<div class=""mb-md"">\n<div class=""relative default font-sans text-base text-textMain dark:text-textMainDark selection:bg-super/50 selection:text-textMain dark:selection:bg-superDuper/10 dark:selection:text-superDark"">\n<div class=""min-w-0 break-words [word-break:break-word]"">\n<div dir=""auto"">\n<div class=""prose dark:prose-invert inline leading-normal break-words min-w-0 [word-break:break-word]"">This is a limited edition refill pouch of Botanist Botanical Shampoo in the Moist variant, offering 10% extra volume (440ml). BOTANIST is a Japanese botanical lifestyle brand that creates plant-based hair care products. This gentle, mildly acidic shampoo contains natural ingredients and is specifically formulated for those seeking moisture and softness. With a blend of plant-derived components including argan oil, camellia oil, and jojoba oil, it cleanses while maintaining hair hydration. Best suited for those with dry or damaged hair seeking a natural, moisturizing solution.</div>\n</div>\n</div>\n</div>\n</div>",https://foryoupiece.com/wp-content/uploads/Instagram-Post-Photoroom-72.jpg
ID7G8BD3,"KAO Cape 3D Extra Keep Unscented Level 4 Hair Spray 180g","<div class=""mb-md"">\n<div class=""relative default font-sans text-base text-textMain dark:text-textMainDark selection:bg-super/50 selection:text-textMain dark:selection:bg-superDuper/10 dark:selection:text-superDark"">\n<div class=""min-w-0 break-words [word-break:break-word]"">\n<div dir=""auto"">\n<div class=""prose dark:prose-invert inline leading-normal break-words min-w-0 [word-break:break-word]"">The KAO Cape 3D Extra Keep Unscented Hair Spray (180g) is a Japanese hairspray designed to maintain three-dimensional, voluminous hairstyles throughout the day. Its key features include strong humidity resistance, unscented formula, and an easy-to-use lever-type spray button. The spray provides firm hold without becoming overly stiff or leaving white residue. Best suited for those wanting long-lasting hold for elaborate hairstyles, curls, or updos, particularly in humid conditions. The product is especially popular among users aged 10-20s with various hair types.</div>\n</div>\n</div>\n</div>\n</div>",https://foryoupiece.com/wp-content/uploads/Instagram-Post-Photoroom-71.jpg
GSVJUNCL,"Premium Aroma For Closet Osmanthus Scent 12pcs","<div class=""mb-md"">\n<div class=""relative default font-sans text-base text-textMain dark:text-textMainDark selection:bg-super/50 selection:text-textMain dark:selection:bg-superDuper/10 dark:selection:text-superDark"">\n<div class=""min-w-0 break-words [word-break:break-word]"">\n<div dir=""auto"">\n<div class=""prose dark:prose-invert inline leading-normal break-words min-w-0 [word-break:break-word]"">This is a Premium Aroma moth repellent and closet freshener by S.T. Corporation, featuring an elegant osmanthus (kinmokusei) fragrance. The product combines protective and aromatic functions, containing both moth-repelling and anti-mold agents while diffusing a delicate perfume-grade scent blending osmanthus, citrus, and jasmine notes. Each pack contains 12 sets of 2 sachets, designed to protect clothing in drawers and storage boxes for up to one year. It includes a replacement indicator and is safe for delicate fabrics like cashmere and wool.</div>\n</div>\n</div>\n</div>\n</div>",https://foryoupiece.com/wp-content/uploads/Instagram-Post-Photoroom-70.jpg
0YDPC80Q,"Diane Shampoo Treatment Set, Extra Night Repair","<div class=""mb-md"">\n<div class=""relative default font-sans text-base text-textMain dark:text-textMainDark selection:bg-super/50 selection:text-textMain dark:selection:bg-superDuper/10 dark:selection:text-superDark"">\n<div class=""min-w-0 break-words [word-break:break-word]"">\n<div dir=""auto"">\n<div class=""prose dark:prose-invert inline leading-normal break-words min-w-0 [word-break:break-word]"">Diane Perfect Beauty Extra Night Repair is a premium Japanese hair care set featuring shampoo and treatment designed for overnight deep repair. The formula contains Night Repair Keratin, Vitamin E capsules, and organic argan oil that penetrate deeply while sleeping to restore damaged hair. With a calming midnight berry fragrance, this sulfate-free and silicone-free system is particularly effective for chemically treated, dry, or frizzy hair. The treatment's special capsule technology bursts upon application to deliver intensive moisture and repair to damaged hair cuticles.</div>\n</div>\n</div>\n</div>\n</div>",https://foryoupiece.com/wp-content/uploads/Instagram-Post-Photoroom-69.jpg
UTVBH35T,"Diane Shampoo Treatment Set, Deep Night Moist","<div class=""mb-md"">\n<div class=""relative default font-sans text-base text-textMain dark:text-textMainDark selection:bg-super/50 selection:text-textMain dark:selection:bg-superDuper/10 dark:selection:text-superDark"">\n<div class=""min-w-0 break-words [word-break:break-word]"">\n<div dir=""auto"">\n<div class=""prose dark:prose-invert inline leading-normal break-words min-w-0 [word-break:break-word]"">The Diane Perfect Beauty Deep Night Moist Shampoo &amp; Treatment Set is a Japanese haircare duo designed for intensive overnight moisture repair. The set features a non-silicone shampoo and treatment enriched with organic argan oil, moist keratin, and a blend of natural oils including shea, jojoba, macadamia, and baobab. With its HydroMagic and Wave Canceller technology, it targets frizz and unruly hair while providing deep hydration. The products are infused with a pleasant moonlight berry fragrance combining fruity and floral notes. Best suited for those with dry, thick, or unmanageable hair seeking intensive moisture.</div>\n</div>\n</div>\n</div>\n</div>",https://foryoupiece.com/wp-content/uploads/Instagram-Post-Photoroom-68.jpg
22BQKLBT,"Maputi Delicate Zone Organic White Cream","<div class=""mb-md"">\n<div class=""relative default font-sans text-base text-textMain dark:text-textMainDark selection:bg-super/50 selection:text-textMain dark:selection:bg-superDuper/10 dark:selection:text-superDark"">\n<div class=""min-w-0 break-words [word-break:break-word]"">\n<div dir=""auto"">\n<div class=""prose dark:prose-invert inline leading-normal break-words min-w-0 [word-break:break-word]"">Maputi Organic Fragrance White Cream is a Japanese-made delicate zone skincare product featuring 11 organic herbal extracts certified by ECOCERT. This bestselling cream addresses multiple concerns including darkening, dryness, and odor in sensitive areas. With a pH-balanced, weakly acidic formula, it's free from seven harmful ingredients including parabens, alcohol, and silicone. The cream has a luxurious, long-lasting fragrance combining vanilla, citrus, and peach notes. While primarily designed for intimate areas, it can also be used on underarms, elbows, and knees.</div>\n</div>\n</div>\n</div>\n</div>",https://foryoupiece.com/wp-content/uploads/Instagram-Post-Photoroom-67.jpg
JM2HVT31,"KOSÉ Clear Turn Pore Tightening Mask 7 Sheets, Osmanthus Scent","<div class=""mb-md"">\n<div class=""relative default font-sans text-base text-textMain dark:text-textMainDark selection:bg-super/50 selection:text-textMain dark:selection:bg-superDuper/10 dark:selection:text-superDark"">\n<div class=""min-w-0 break-words [word-break:break-word]"">\n<div dir=""auto"">\n<div class=""prose dark:prose-invert inline leading-normal break-words min-w-0 [word-break:break-word]"">This KOSE Clear Turn Pore Komachi Mask is a Japanese sheet mask that features rice fermentation extract and CICA (Centella Asiatica) for dual-action care of pores and rough skin. The textured sheet provides gentle exfoliation while balancing skin's moisture and oil levels. Designed in collaboration with illustrator yasuna, this mask offers an 8-minute intensive treatment equivalent to 8 hours of sleep. It's formulated with a relaxing osmanthus (kinmokusei) fragrance and is ideal for those concerned with visible pores and uneven texture. The mask is gentle, weakly acidic, and free from colorants, mineral oils, and parabens.</div>\n</div>\n</div>\n</div>\n</div>",https://foryoupiece.com/wp-content/uploads/Instagram-Post-Photoroom-65.jpg
DG37FKI3,"KOSÉ Clear Turn Sorry Skin Curious Mask 7 Sheets, For Acne Skin","<div class=""mb-md"">\n<div class=""relative default font-sans text-base text-textMain dark:text-textMainDark selection:bg-super/50 selection:text-textMain dark:selection:bg-superDuper/10 dark:selection:text-superDark"">\n<div class=""min-w-0 break-words [word-break:break-word]"">\n<div dir=""auto"">\n<div class=""prose dark:prose-invert inline leading-normal break-words min-w-0 [word-break:break-word]"">The KOSE Clear Turn Sorry Skin Kininal Mask is a Japanese medicated sheet mask specifically designed for acne-prone and troubled skin. Each pack contains 7 oil-free sheet masks featuring a triple-layered design that delivers a refreshing serum to target acne-causing bacteria and reduce inflammation. The formula is free from common irritants like fragrances, colorants, alcohol, and parabens. Created in collaboration with illustrator NAPPY, these masks are ideal for those dealing with recurring acne, rough skin, and skin inflammation who want a gentle yet effective treatment.</div>\n</div>\n</div>\n</div>\n</div>",https://foryoupiece.com/wp-content/uploads/Instagram-Post-Photoroom-66.jpg
BK7U7AHL,"Nivea Rich Care & Color Ruby Red","<div class=""mb-md"">\n<div class=""relative default font-sans text-base text-textMain dark:text-textMainDark selection:bg-super/50 selection:text-textMain dark:selection:bg-superDuper/10 dark:selection:text-superDark"">\n<div class=""min-w-0 break-words [word-break:break-word]"">\n<div dir=""auto"">\n<div class=""prose dark:prose-invert inline leading-normal break-words min-w-0 [word-break:break-word]"">The Nivea Rich Care &amp; Color Lip in Ruby Red is a Japanese tinted lip balm that combines skincare and color. This 2g balm features three beauty oils (macadamia nut, avocado, and jojoba) for rich moisturization while providing a transparent, glossy red tint. With SPF20/PA++ protection, it offers a melting texture that spreads smoothly on dry lips. The sheer ruby red shade creates a natural-looking flush, making it perfect for daily wear and minimal makeup looks. It's unscented and particularly suitable for those seeking both lip care and subtle color enhancement.</div>\n</div>\n</div>\n</div>\n</div>",https://foryoupiece.com/wp-content/uploads/Instagram-Post-Photoroom-64.jpg
U9WLNBRA,"Nivea Creme Care Body Wash Honey Scent 480ml","<div class=""mb-md"">\n<div class=""relative default font-sans text-base text-textMain dark:text-textMainDark selection:bg-super/50 selection:text-textMain dark:selection:bg-superDuper/10 dark:selection:text-superDark"">\n<div class=""min-w-0 break-words [word-break:break-word]"">\n<div dir=""auto"">\n<div class=""prose dark:prose-invert inline leading-normal break-words min-w-0 [word-break:break-word]"">Nivea Creme Care Body Wash with Italian Premium Honey Scent is a Japanese-made moisturizing body cleanser featuring a unique double-moisturizing formula. The rich, creamy foam contains body milk ingredients and shea butter for intensive hydration. It effectively cleanses while maintaining skin's moisture barrier, leaving skin soft and smooth without residue. The premium honey fragrance offers a sweet, luxurious scent. Best suited for those seeking a moisturizing body wash, particularly during dry seasons or for dry skin types.</div>\n</div>\n</div>\n</div>\n</div>",https://foryoupiece.com/wp-content/uploads/Instagram-Post-Photoroom-63.jpg
2ZMCFRIP,"Melano CC Medicated Stain Concentration Prevention Premium Serum","<div class=""mb-md"">\n<div class=""relative default font-sans text-base text-textMain dark:text-textMainDark selection:bg-super/50 selection:text-textMain dark:selection:bg-superDuper/10 dark:selection:text-superDark"">\n<div class=""min-w-0 break-words [word-break:break-word]"">\n<div dir=""auto"">\n<div class=""prose dark:prose-invert inline leading-normal break-words min-w-0 [word-break:break-word]"">Melano CC Medicated Stain Concentration Prevention Premium Serum is a Japanese whitening essence by Rohto Pharmaceutical. This 20ml serum features a unique formulation with pure Vitamin C (ascorbic acid) and three types of Vitamin C derivatives for enhanced skin penetration. The thick, concentrated formula targets dark spots, hyperpigmentation, and acne marks while preventing new spots by suppressing melanin production. It also contains Vitamin B6, allantoin, and antibacterial ingredients for acne prevention. Best suited for those concerned with dark spots, uneven skin tone, and acne-prone skin.</div>\n</div>\n</div>\n</div>\n</div>",https://foryoupiece.com/wp-content/uploads/Instagram-Post-Photoroom-62.jpg
RZEAD012,"RISM Daily Care Precious Mask 7 Sheets","<div class=""mb-md"">\n<div class=""relative default font-sans text-base text-textMain dark:text-textMainDark selection:bg-super/50 selection:text-textMain dark:selection:bg-superDuper/10 dark:selection:text-superDark"">\n<div class=""min-w-0 break-words [word-break:break-word]"">\n<div dir=""auto"">\n<div class=""prose dark:prose-invert inline leading-normal break-words min-w-0 [word-break:break-word]"">RISM Daily Care Precious Mask is a Japanese all-in-one sheet mask focused on anti-aging care. Each pack contains 7 sheets infused with plant-based retinol (Bakuchiol) and niacinamide to target firmness and radiance. The mask features a 5-minute quick application time and combines the effects of toner, emulsion, serum, cream, and pack in one step. Best suited for those concerned with skin elasticity and luminosity, it has a pleasant violet honey scent and is ideal for busy individuals seeking a simplified skincare routine.</div>\n</div>\n</div>\n</div>\n</div>",https://foryoupiece.com/wp-content/uploads/Square-Photoroom106-1.jpg
5OF72LS5,"RISM Daily Care Moisture Mask 7 Sheets","<div class=""mb-md"">\n<div class=""relative default font-sans text-base text-textMain dark:text-textMainDark selection:bg-super/50 selection:text-textMain dark:selection:bg-superDuper/10 dark:selection:text-superDark"">\n<div class=""min-w-0 break-words [word-break:break-word]"">\n<div dir=""auto"">\n<div class=""prose dark:prose-invert inline leading-normal break-words min-w-0 [word-break:break-word]"">RISM Daily Care Moisture Mask is a Japanese all-in-one sheet mask that combines toner and moisturizer in one step. Made from 100% plant-based cellulose material, it features niacinamide and hyaluronic acid for deep hydration. The mask is designed for those with dry skin concerns and uneven texture, providing intensive moisture in just 5-10 minutes. Free from alcohol, artificial colors, and suitable for sensitive skin, it's ideal for daily skincare routines or busy mornings when time is limited.</div>\n</div>\n</div>\n</div>\n</div>",https://foryoupiece.com/wp-content/uploads/Instagram-Post-Photoroom-60.jpg
9CAA7LD8,"RISM Daily Care Clear Mask 7 Sheets","<div class=""mb-md"">\n<div class=""relative default font-sans text-base text-textMain dark:text-textMainDark selection:bg-super/50 selection:text-textMain dark:selection:bg-superDuper/10 dark:selection:text-superDark"">\n<div class=""min-w-0 break-words [word-break:break-word]"">\n<div dir=""auto"">\n<div class=""prose dark:prose-invert inline leading-normal break-words min-w-0 [word-break:break-word]"">RISM Daily Care Clear Mask is a Japanese all-in-one sheet mask designed for daily skincare efficiency. Each pack contains 7 sheets made from 100% plant-based cellulose material. The mask features Vitamin C derivatives and Vitamin E for brightening and hydration, along with a unique ingredient called Chrono Chardy that helps regulate skin rhythm. Best suited for those concerned with pore care and seeking clear, radiant skin. The quick 5-minute application makes it perfect for busy morning routines, combining the benefits of toner and moisturizer in one step.</div>\n</div>\n</div>\n</div>\n</div>",https://foryoupiece.com/wp-content/uploads/Instagram-Post-Photoroom-59.jpg
321FCW2V,"RISM Daily Care Shine Mask 7 Sheets","<div class=""mb-md"">\n<div class=""relative default font-sans text-base text-textMain dark:text-textMainDark selection:bg-super/50 selection:text-textMain dark:selection:bg-superDuper/10 dark:selection:text-superDark"">\n<div class=""min-w-0 break-words [word-break:break-word]"">\n<div dir=""auto"">\n<div class=""prose dark:prose-invert inline leading-normal break-words min-w-0 [word-break:break-word]"">RISM Daily Care Shine Mask is a Japanese all-in-one facial sheet mask designed for daily skincare. Each package contains 7 sheets made from 100% plant-based materials. The mask features glutathione and five types of Vitamin C derivatives for brightening, along with triple barrier protection including ceramides and Japanese botanical extracts. Designed for busy individuals, it requires only 5-10 minutes of application and combines the effects of toner, emulsion, serum, cream, and pack. Best suited for those seeking radiant, moisturized skin and concerned with dullness.</div>\n</div>\n</div>\n</div>\n</div>",https://foryoupiece.com/wp-content/uploads/Instagram-Post-Photoroom-58.jpg
RSGJP0YZ,"Saborino Mega Shot Night Face Mask 7 Sheets","<div class=""mb-md"">\n<div class=""relative default font-sans text-base text-textMain dark:text-textMainDark selection:bg-super/50 selection:text-textMain dark:selection:bg-superDuper/10 dark:selection:text-superDark"">\n<div class=""min-w-0 break-words [word-break:break-word]"">\n<div dir=""auto"">\n<div class=""prose dark:prose-invert inline leading-normal break-words min-w-0 [word-break:break-word]"">The Saborino Mega Shot Night Shiratama Beauty Mask is a Japanese all-in-one nighttime sheet mask that combines lotion, serum, cream, and mask treatments in one step. Designed for a 3-minute application before bedtime, it features glutathione, vitamin C derivatives, and 10 types of peptides for intensive hydration and brightening effects. The mask contains niacinamide and specialized German-developed skin conditioning ingredients for plumping and firming. With a melting floral fragrance combining rose and jasmine notes, it's ideal for those seeking efficient skincare with anti-aging and brightening benefits.</div>\n</div>\n</div>\n</div>\n</div>",https://foryoupiece.com/wp-content/uploads/Instagram-Post-Photoroom-57.jpg
ET1NFU1A,"Saborino Mega Shot Morning Face Mask 7 Sheets","<div class=""mb-md"">\n<div class=""relative default font-sans text-base text-textMain dark:text-textMainDark selection:bg-super/50 selection:text-textMain dark:selection:bg-superDuper/10 dark:selection:text-superDark"">\n<div class=""min-w-0 break-words [word-break:break-word]"">\n<div dir=""auto"">\n<div class=""prose dark:prose-invert inline leading-normal break-words min-w-0 [word-break:break-word]"">Saborino Mega Shot Morning Face Mask CC is a premium Japanese sheet mask designed for quick morning skincare. This all-in-one mask combines cleansing, moisturizing, peeling, and makeup primer functions in just 1 minute. It features three types of collagen, vitamin C, and 10 peptides to provide intensive hydration and firmness for mature skin. The mask has a refreshing citrus scent and comes with a soft, full-fitting sheet that adheres well to the face. Perfect for busy professionals seeking efficient yet effective morning skincare routines.</div>\n</div>\n</div>\n</div>\n</div>",https://foryoupiece.com/wp-content/uploads/Instagram-Post-Photoroom-56.jpg
O23HUV78,"Quality 1st Derma Laser NMN+Niacinamide Mask 7 Sheets","<div class=""mb-md"">\n<div class=""relative default font-sans text-base text-textMain dark:text-textMainDark selection:bg-super/50 selection:text-textMain dark:selection:bg-superDuper/10 dark:selection:text-superDark"">\n<div class=""min-w-0 break-words [word-break:break-word]"">\n<div dir=""auto"">\n<div class=""prose dark:prose-invert inline leading-normal break-words min-w-0 [word-break:break-word]"">Quality 1st Derma Laser Super NMN100 Mask is a premium Japanese sheet mask featuring high concentrations of NMN (nicotinamide mononucleotide) and niacinamide for intensive anti-aging care. The mask utilizes nanocapsule technology and a specialized cotton fiber sheet for enhanced absorption. Designed for aging skin concerns, it targets firmness, elasticity, radiance, and clarity. Free from preservatives, alcohol, synthetic colors, fragrances, and mineral oils, this 3-minute treatment mask is particularly suitable for those seeking quick yet effective anti-aging skincare solutions.</div>\n</div>\n</div>\n</div>\n</div>",https://foryoupiece.com/wp-content/uploads/Instagram-Post-Photoroom-54.jpg
MS35Y7LR,"LuLuLun Hydra Azelaic Acid Mask 7 Sheets","<div class=""mb-md"">\n<div class=""relative default font-sans text-base text-textMain dark:text-textMainDark selection:bg-super/50 selection:text-textMain dark:selection:bg-superDuper/10 dark:selection:text-superDark"">\n<div class=""min-w-0 break-words [word-break:break-word]"">\n<div dir=""auto"">\n<div class=""prose dark:prose-invert inline leading-normal break-words min-w-0 [word-break:break-word]"">LuLuLun Hydra AZ Mask is a Japanese daily-use sheet mask featuring azelaic acid derivative as its key ingredient. This facial mask targets skin concerns like excess sebum, enlarged pores, and skin roughness while providing hydration. The mask uses a specially developed ""melty feel"" sheet that adheres closely to the skin, creating a water-layer sensation. Best suited for those with oily, troubled skin or those concerned with pore visibility. The formula includes niacinamide, mild AHA, and next-generation hyaluronic acid for comprehensive skincare benefits.</div>\n</div>\n</div>\n</div>\n</div>",https://foryoupiece.com/wp-content/uploads/Instagram-Post-Photoroom-55.jpg
YNDVSZMF,"&Honey Fleur Kinmokusei Moist Shampoo Refill","<div class=""mb-md"">\n<div class=""relative default font-sans text-base text-textMain dark:text-textMainDark selection:bg-super/50 selection:text-textMain dark:selection:bg-superDuper/10 dark:selection:text-superDark"">\n<div class=""min-w-0 break-words [word-break:break-word]"">\n<div dir=""auto"">\n<div class=""prose dark:prose-invert inline leading-normal break-words min-w-0 [word-break:break-word]"">This is a refill pouch of &amp;honey Fleur Kinmokusei Moist Shampoo, a Japanese moisturizing shampoo featuring sweet osmanthus (kinmokusei) and mimosa fragrances. The formula contains 90% moisturizing ingredients including honey, hyaluronic acid, and natural extracts. It's designed to provide 14% moisture content to hair while eliminating unpleasant scalp odors. The shampoo offers 140% longer-lasting fragrance compared to other products in the series. Best suited for those seeking both intense hydration and long-lasting floral fragrance in their hair care routine.</div>\n</div>\n</div>\n</div>\n</div>",https://foryoupiece.com/wp-content/uploads/Instagram-Post-Photoroom-53.jpg
3C3HLX22,"Botanist Shampoo Refill, Scalp Cleanse 400ml","<div class=""mb-md"">\n<div class=""relative default font-sans text-base text-textMain dark:text-textMainDark selection:bg-super/50 selection:text-textMain dark:selection:bg-superDuper/10 dark:selection:text-superDark"">\n<div class=""min-w-0 break-words [word-break:break-word]"">\n<div dir=""auto"">\n<div class=""prose dark:prose-invert inline leading-normal break-words min-w-0 [word-break:break-word]"">This is a refill pack of BOTANIST Botanical Scalp Cleanse Shampoo, a Japanese haircare product featuring a refreshing lime and leaf green fragrance. The shampoo is formulated with natural plant-derived ingredients including rosemary, white birch, and sugar cane extracts to maintain a healthy scalp and provide moisture. Free from silicones, parabens, synthetic dyes, and sulfates, it's ideal for those concerned with scalp health and oiliness. The formula is 88% naturally derived and features a mild acidic pH balance.</div>\n</div>\n</div>\n</div>\n</div>",https://foryoupiece.com/wp-content/uploads/Instagram-Post-Photoroom-52.jpg
MHOYW3GI,"&Honey Melty Moist Repair Shampoo","<div class=""mb-md"">\n<div class=""relative default font-sans text-base text-textMain dark:text-textMainDark selection:bg-super/50 selection:text-textMain dark:selection:bg-superDuper/10 dark:selection:text-superDark"">\n<div class=""min-w-0 break-words [word-break:break-word]"">\n<div dir=""auto"">\n<div class=""prose dark:prose-invert inline leading-normal break-words min-w-0 [word-break:break-word]"">The &amp;honey Melty Moist Repair Shampoo 1.0 is a Japanese premium hair care product featuring a unique blend of three types of honey, Bulgarian rose water, and argan oil. With 90% moisturizing ingredients and 14% moisture content, it's specifically designed for those with frizzy, wavy, or unruly hair. The shampoo offers a gentle cleansing experience while maintaining moisture balance, leaving hair smooth and manageable. It has a distinctive pure rose honey fragrance and is free from sulfates and parabens.</div>\n</div>\n</div>\n</div>\n</div>",https://foryoupiece.com/wp-content/uploads/Instagram-Post-Photoroom-46.jpg
VYIC0WKD,"&Honey Foam Body Wash Limted Pair Set, Pure Moist (500ml + 440ml)","<div class=""mb-md"">\n<div class=""relative default font-sans text-base text-textMain dark:text-textMainDark selection:bg-super/50 selection:text-textMain dark:selection:bg-superDuper/10 dark:selection:text-superDark"">\n<div class=""min-w-0 break-words [word-break:break-word]"">\n<div dir=""auto"">\n<div class=""prose dark:prose-invert inline leading-normal break-words min-w-0 [word-break:break-word]"">The &amp;Honey Pure Moist Foaming Body Wash is a premium Japanese body cleanser featuring honey-derived cleansing agents and moisturizing ingredients like hyaluronic acid and argan oil. The gentle foam formula creates a smooth, silky lather that cleanses while maintaining skin moisture. With a sophisticated Chardonnay honey fragrance, this body wash is ideal for those seeking a luxurious bathing experience. It's particularly suitable for sensitive skin, being dermatologist-tested and free from harsh chemicals like sulfates, mineral oils, and artificial colorants.</div>\n</div>\n</div>\n</div>\n</div>",https://foryoupiece.com/wp-content/uploads/Instagram-Post-Photoroom-45.jpg
77TSQXSN,"&Honey Foam Body Wash, Pure Moist, 500ml","<div class=""mb-md"">\n<div class=""relative default font-sans text-base text-textMain dark:text-textMainDark selection:bg-super/50 selection:text-textMain dark:selection:bg-superDuper/10 dark:selection:text-superDark"">\n<div class=""min-w-0 break-words [word-break:break-word]"">\n<div dir=""auto"">\n<div class=""prose dark:prose-invert inline leading-normal break-words min-w-0 [word-break:break-word]"">&amp;honey Pure Moist Foam Body Wash is a Japanese body cleanser that dispenses as a fine, creamy foam with a luxurious Chardonnay honey fragrance. The formula contains over 90% moisturizing and natural ingredients, including honey, hyaluronic acid, and argan oil. This gentle, sulfate-free body wash is designed to cleanse while maintaining skin hydration, making it ideal for those with dry or sensitive skin. The foam texture provides a low-friction cleansing experience, leaving skin smooth and subtly scented.</div>\n</div>\n</div>\n</div>\n</div>",https://foryoupiece.com/wp-content/uploads/Instagram-Post-Photoroom-44.jpg
6ZWAXZ13,"Botanist Body Soap Refill, Foam Type, Deep Moist 400ml","<div class=""mb-md"">\n<div class=""relative default font-sans text-base text-textMain dark:text-textMainDark selection:bg-super/50 selection:text-textMain dark:selection:bg-superDuper/10 dark:selection:text-superDark"">\n<div class=""min-w-0 break-words [word-break:break-word]"">\n<div dir=""auto"">\n<div class=""prose dark:prose-invert inline leading-normal break-words min-w-0 [word-break:break-word]"">This is a refill pack for Botanist's Foaming Body Soap in Deep Moist variant, a premium Japanese body cleanser that features a one-push foam dispenser system. The soap combines water lily and raspberry fragrances, containing liquid shea butter and botanical ingredients for deep moisturizing. Its dense, creamy foam allows for gentle cleansing without rubbing, making it ideal for sensitive or dry skin. The formula is free from alcohol, parabens, synthetic dyes, and sulfates, suitable for daily family use while maintaining skin hydration.</div>\n</div>\n</div>\n</div>\n</div>",https://foryoupiece.com/wp-content/uploads/Instagram-Post-Photoroom-43.jpg
YZ3VFQYK,"Quality 1st The Derma Best VC100 + Retinol Mask 20 Sheets","<div class=""mb-md""><div class=""relative default font-sans text-base text-textMain dark:text-textMainDark selection:bg-super/50 selection:text-textMain dark:selection:bg-superDuper/10 dark:selection:text-superDark""><div class=""min-w-0 break-words [word-break:break-word]""><div dir=""auto""><div class=""prose text-pretty dark:prose-invert inline leading-normal break-words min-w-0 [word-break:break-word]""><span class="""">Quality 1st The Derma Best VC100 + Retinol is a premium Japanese sheet mask designed for comprehensive anti-aging care. This flagship product combines six types of high-concentration Vitamin C derivatives, 7% niacinamide, 50% galactomyces ferment filtrate, retinol, and six types of ceramides. The mask targets multiple skin concerns including pores and dullness, featuring a high-adhesion premium sheet that delivers results in just 3 minutes. Best suited for those seeking intensive skin rejuvenation and brightening in a time-efficient format.</span></div></div></div></div></div>",https://foryoupiece.com/wp-content/uploads/Instagram-Post-Photoroom-42.jpg
PLDTDNOE,"Quality 1st The Derma Galactomyces Mask 30 Sheets","<div class=""mb-md"">\n<div class=""relative default font-sans text-base text-textMain dark:text-textMainDark selection:bg-super/50 selection:text-textMain dark:selection:bg-superDuper/10 dark:selection:text-superDark"">\n<div class=""min-w-0 break-words [word-break:break-word]"">\n<div dir=""auto"">\n<div class=""prose dark:prose-invert inline leading-normal break-words min-w-0 [word-break:break-word]"">Quality 1st The Derma Galactomyces Mask is a premium Japanese sheet mask pack containing 30 sheets. Its key feature is the high concentration of 50% Galactomyces ferment filtrate combined with Niacinamide and 11 types of amino acids. This 3-minute mask focuses on improving skin texture, boosting moisture retention, minimizing pores, and enhancing skin radiance. Best suited for those concerned with dryness-related dullness, uneven skin texture, and those seeking a quick yet effective daily skincare solution for a more translucent complexion.</div>\n</div>\n</div>\n</div>\n</div>",https://foryoupiece.com/wp-content/uploads/Instagram-Post-Photoroom-41.jpg
ATPQYK02,"Quality 1st Derma Laser Super VC100 White Mask 7 Sheets","<div class=""mb-md"">\n<div class=""relative default font-sans text-base text-textMain dark:text-textMainDark selection:bg-super/50 selection:text-textMain dark:selection:bg-superDuper/10 dark:selection:text-superDark"">\n<div class=""min-w-0 break-words [word-break:break-word]"">\n<div dir=""auto"">\n<div class=""prose dark:prose-invert inline leading-normal break-words min-w-0 [word-break:break-word]"">Quality 1st Derma Laser Super VC100 White Mask is a premium Japanese sheet mask that features four types of vitamin C derivatives for intensive brightening care. The mask uses nano-capsule technology for enhanced absorption, requiring only 3 minutes of application. Each pack contains 7 cotton non-woven sheets saturated with serum. Free from preservatives, alcohol, and artificial fragrances, it's ideal for those concerned with skin tone, dullness, texture, and pores. Best suited for users seeking quick, effective brightening and moisturizing results.</div>\n</div>\n</div>\n</div>\n</div>",https://foryoupiece.com/wp-content/uploads/Instagram-Post-Photoroom-40.jpg
XXWC52VN,"Quality 1st Derma Laser Super Glutathione 100 Mask 7 Sheets","<div class=""mb-md"">\n<div class=""relative default font-sans text-base text-textMain dark:text-textMainDark selection:bg-super/50 selection:text-textMain dark:selection:bg-superDuper/10 dark:selection:text-superDark"">\n<div class=""min-w-0 break-words [word-break:break-word]"">\n<div dir=""auto"">\n<div class=""prose dark:prose-invert inline leading-normal break-words min-w-0 [word-break:break-word]"">Quality 1st Derma Laser Super Glutathione 100 Mask is a Japanese sheet mask that features high-concentration glutathione for intensive brightening and skin tone evening. The mask contains five types of vitamin C and niacinamide to enhance the effects of glutathione. Using proprietary laser penetration technology, it delivers active ingredients deep into the skin in just 3 minutes. Free from alcohol, artificial colors, fragrances, parabens, and mineral oils, this mask is ideal for those seeking quick, effective skin brightening and anti-aging benefits.</div>\n</div>\n</div>\n</div>\n</div>",https://foryoupiece.com/wp-content/uploads/Instagram-Post-Photoroom-39.jpg
SPU5S9U9,"Quality 1st Derma Laser Azelaic Acid100 Mask 7 Sheets","<div class=""mb-md"">\n<div class=""relative default font-sans text-base text-textMain dark:text-textMainDark selection:bg-super/50 selection:text-textMain dark:selection:bg-superDuper/10 dark:selection:text-superDark"">\n<div class=""min-w-0 break-words [word-break:break-word]"">\n<div dir=""auto"">\n<div class=""prose dark:prose-invert inline leading-normal break-words min-w-0 [word-break:break-word]"">Quality 1st Derma Laser Super AZ100 Mask is a Japanese sheet mask featuring azelaic acid for targeted sebum control and pore care. This 3-minute quick treatment mask combines azelaic acid with glycyrrhizic acid and tea tree extract to combat oily skin concerns and prevent acne. The mask uses a unique penetration system with nano-capsule technology for enhanced absorption. Best suited for those with oily, acne-prone skin or those dealing with sebum-related concerns. The formula is free from preservatives, alcohol, synthetic dyes, fragrances, and mineral oils.</div>\n</div>\n</div>\n</div>\n</div>",https://foryoupiece.com/wp-content/uploads/Instagram-Post-Photoroom-38.jpg
QHXQ6QSU,"Saborino Night Mask, All-In-One Face Mask 7 Sheets","<div class=""mb-md"">\n<div class=""relative default font-sans text-base text-textMain dark:text-textMainDark selection:bg-super/50 selection:text-textMain dark:selection:bg-superDuper/10 dark:selection:text-superDark"">\n<div class=""min-w-0 break-words [word-break:break-word]"">\n<div dir=""auto"">\n<div class=""prose dark:prose-invert inline leading-normal break-words min-w-0 [word-break:break-word]"">Saborino Night Mask is a Japanese all-in-one sheet mask designed for efficient nighttime skincare. This high-moisture face mask combines five skincare steps (toner, emulsion, serum, cream, and pack) into one convenient sheet, requiring only 60 seconds of application before bed. Featuring a chamomile-orange fragrance and ingredients like ceramides, CICA extract, and collagen, it provides deep hydration and anti-aging benefits. Perfect for busy individuals seeking a simplified yet effective evening skincare routine.</div>\n</div>\n</div>\n</div>\n</div>",https://foryoupiece.com/wp-content/uploads/Instagram-Post-Photoroom-36.jpg
OB1GHQLB,"KOSÉ Clear Turn Tiger Aid Face Mask 30 Sheets","<div class=""mb-md"">\n<div class=""relative default font-sans text-base text-textMain dark:text-textMainDark selection:bg-super/50 selection:text-textMain dark:selection:bg-superDuper/10 dark:selection:text-superDark"">\n<div class=""min-w-0 break-words [word-break:break-word]"">\n<div dir=""auto"">\n<div class=""prose dark:prose-invert inline leading-normal break-words min-w-0 [word-break:break-word]"">KOSÉ Clear Turn Tigeraid CICA Repair Mask is a Japanese sheet mask designed for daily skin damage repair. The mask features three types of Centella Asiatica (CICA) extracts, vitamins, and natural moisturizing ingredients that penetrate deep into the skin's layers. It's particularly effective for sensitive, troubled skin and helps with redness, dryness, and barrier repair. The ultra-thin, 100% natural fiber sheet provides excellent adhesion and comes with tweezers for hygienic application. Free from alcohol, parabens, fragrances, and mineral oils, it's ideal for morning skincare routines due to its lightweight, non-sticky formula.</div>\n</div>\n</div>\n</div>\n</div>",https://foryoupiece.com/wp-content/uploads/Instagram-Post-Photoroom-37.jpg
F3C8KML6,"&Honey Matomake Stick Bangs Keep, Natural Type, Osmanthus Scent","<div class=""mb-md"">\n<div class=""relative default font-sans text-base text-textMain dark:text-textMainDark selection:bg-super/50 selection:text-textMain dark:selection:bg-superDuper/10 dark:selection:text-superDark"">\n<div class=""min-w-0 break-words [word-break:break-word]"">\n<div dir=""auto"">\n<div class=""prose dark:prose-invert inline leading-normal break-words min-w-0 [word-break:break-word]"">The &amp;Honey Matomake Stick is a Japanese hair styling product designed to tame flyaway hair and bangs with a single swipe. This gel-based mascara-type stick features a convenient brush applicator and is enriched with honey for moisture retention. The Osmanthus scent variant offers a luxurious fragrance with 156% longer-lasting scent compared to other variants in the series. Perfect for those who need quick touch-ups to maintain neat bangs and control unruly baby hairs throughout the day. Ideal for users seeking both styling control and a pleasant fragrance in their hair care routine.</div>\n</div>\n</div>\n</div>\n</div>",https://foryoupiece.com/wp-content/uploads/Instagram-Post-Photoroom-35.jpg
PKFXC2CJ,"KAO Cape 3D Extra Keep Light Fragrance Level 4 Hair Spray 180g","<div class=""mb-md"">\n<div class=""relative default font-sans text-base text-textMain dark:text-textMainDark selection:bg-super/50 selection:text-textMain dark:selection:bg-superDuper/10 dark:selection:text-superDark"">\n<div class=""min-w-0 break-words [word-break:break-word]"">\n<div dir=""auto"">\n<div class=""prose dark:prose-invert inline leading-normal break-words min-w-0 [word-break:break-word]"">The KAO Cape 3D Extra Keep Hair Spray is a premium Japanese styling product featuring a humidity-resistant formula that provides maximum hold (Level 4) while maintaining hair's natural movement and volume throughout the day. The light sweet fruity fragrance version comes in a distinctive purple can with an ergonomic lever-type spray nozzle for 360-degree application. It's particularly effective for maintaining bangs, creating voluminous styles, and protecting hairstyles in humid conditions without leaving white residue. Best suited for those seeking strong hold without stiffness and who prefer a subtle scent in their styling products.</div>\n</div>\n</div>\n</div>\n</div>",https://foryoupiece.com/wp-content/uploads/Instagram-Post-Photoroom-51.jpg
4J5IDRCK,"&Honey Gel Body Wash, Melty Moist (500ml)","<div class=""mb-md"">\n<div class=""relative default font-sans text-base text-textMain dark:text-textMainDark selection:bg-super/50 selection:text-textMain dark:selection:bg-superDuper/10 dark:selection:text-superDark"">\n<div class=""min-w-0 break-words [word-break:break-word]"">\n<div dir=""auto"">\n<div class=""prose dark:prose-invert inline leading-normal break-words min-w-0 [word-break:break-word]"">The &amp;Honey Melty Moist Gel Body Wash is a premium Japanese body cleanser featuring a honey-based gel formula designed for deep moisturization. The luxurious rose-honey scented wash contains 90% moisturizing ingredients including honey, damask rose water, argan oil, and hyaluronic acid. It creates a rich lather that cleanses while maintaining skin hydration, leaving skin smooth and supple. The fragrance lasts 1.5 times longer than regular body washes. Best suited for those seeking a moisturizing cleanser with an elegant floral-honey scent.</div>\n</div>\n</div>\n</div>\n</div>",https://foryoupiece.com/wp-content/uploads/Instagram-Post-Photoroom-34.jpg
01AO5JEZ,"&Honey Gel Body Wash, Deep Moist (500ml)","<div class=""mb-md"">\n<div class=""relative default font-sans text-base text-textMain dark:text-textMainDark selection:bg-super/50 selection:text-textMain dark:selection:bg-superDuper/10 dark:selection:text-superDark"">\n<div class=""min-w-0 break-words [word-break:break-word]"">\n<div dir=""auto"">\n<div class=""prose dark:prose-invert inline leading-normal break-words min-w-0 [word-break:break-word]"">&amp;honey Deep Moist Gel Body Wash is a Japanese body cleanser featuring a luxurious honey and osmanthus fragrance. This 500ml moisturizing body wash contains 90% hydrating ingredients, including honey, propolis, argan oil, hyaluronic acid, and shea butter. The unique honey gel formula provides a three-step action: gel coating, cleansing, and moisturizing. Best suited for those with dry or sensitive skin, it leaves skin feeling soft and supple while providing long-lasting fragrance. The product is free from sulfates, silicones, parabens, and mineral oils.</div>\n</div>\n</div>\n</div>\n</div>",https://foryoupiece.com/wp-content/uploads/Instagram-Post-Photoroom-47.jpg
1V3KD6I8,"&Honey Pixie Moist Silky Hair Pack 1.5","<div class=""mb-md"">\n<div class=""relative default font-sans text-base text-textMain dark:text-textMainDark selection:bg-super/50 selection:text-textMain dark:selection:bg-superDuper/10 dark:selection:text-superDark"">\n<div class=""min-w-0 break-words [word-break:break-word]"">\n<div dir=""auto"">\n<div class=""prose dark:prose-invert inline leading-normal break-words min-w-0 [word-break:break-word]"">The &amp;honey Pixie Moist Silky Hair Pack 1.5 is a Japanese intensive hair mask designed for dry, frizzy, and fine hair. Its formula contains over 90% moisturizing and protective ingredients, including honey, golden silk, and cashmere silk components. The mask provides superior coating power, making hair smoother and more manageable from root to tip. With its Star Fleur Honey fragrance and sulfate-free formulation, this 130g treatment is particularly effective for those seeking to transform damaged, unruly hair into silky, smooth locks.</div>\n</div>\n</div>\n</div>\n</div>",https://foryoupiece.com/wp-content/uploads/Instagram-Post-Photoroom-2024-12-04T012052.778.jpg
17S8L4RB,"&Honey Pixie Moist Silky Treatment","<div class=""mb-md"">\n<div class=""relative default font-sans text-base text-textMain dark:text-textMainDark selection:bg-super/50 selection:text-textMain dark:selection:bg-superDuper/10 dark:selection:text-superDark"">\n<div class=""min-w-0 break-words [word-break:break-word]"">\n<div dir=""auto"">\n<div class=""prose dark:prose-invert inline leading-normal break-words min-w-0 [word-break:break-word]"">The &amp;Honey Pixie Moist Silky Treatment is a Japanese hair treatment formulated with over 90% moisturizing ingredients, featuring a unique blend of three types of honey (Manuka, Citrus, and Raw) along with golden silk and cashmere keratin. This lightweight treatment is specifically designed for fine, tangled, and dry hair, offering high coating power (120% compared to conventional products) while preventing heaviness. It leaves hair silky smooth with a delicate champagne floral honey scent, making it particularly suitable for those with fine hair or ""cat hair"" texture seeking manageability without weighing hair down.</div>\n</div>\n</div>\n</div>\n</div>",https://foryoupiece.com/wp-content/uploads/Instagram-Post-Photoroom-2024-12-04T011959.514.jpg
9BNCR9OF,"&Honey Pixie Moist Silky Shampoo Refill","<div class=""mb-md"">\n<div class=""relative default font-sans text-base text-textMain dark:text-textMainDark selection:bg-super/50 selection:text-textMain dark:selection:bg-superDuper/10 dark:selection:text-superDark"">\n<div class=""min-w-0 break-words [word-break:break-word]"">\n<div dir=""auto"">\n<div class=""prose dark:prose-invert inline leading-normal break-words min-w-0 [word-break:break-word]"">&amp;honey Pixie Moist Silky Shampoo Refill (350ml) is a Japanese moisturizing shampoo specifically designed for fine, tangled hair prone to dryness. The formula contains three types of honey (Manuka, Acacia, and raw Japanese honey), cashmere silk proteins, and Argan oil, with over 90% moisturizing ingredients. It features a unique honey coating technology that helps reduce frizz and tangles while providing deep hydration. The sulfate-free, silicone-free formula is ideal for those with fine or flyaway hair and has a champagne fleur honey fragrance.</div>\n</div>\n</div>\n</div>\n</div>",https://foryoupiece.com/wp-content/uploads/Instagram-Post-Photoroom-2024-12-04T011902.942.jpg
HWLUPJGH,"&Honey Pixie Moist Silky Treatment Refill","<div class=""mb-md"">\n<div class=""relative default font-sans text-base text-textMain dark:text-textMainDark selection:bg-super/50 selection:text-textMain dark:selection:bg-superDuper/10 dark:selection:text-superDark"">\n<div class=""min-w-0 break-words [word-break:break-word]"">\n<div dir=""auto"">\n<div class=""prose dark:prose-invert inline leading-normal break-words min-w-0 [word-break:break-word]"">The &amp;Honey Pixie Moist Silky Treatment Refill is a Japanese hair treatment designed for fine, tangled, and dry hair. This luxurious formula contains over 90% moisturizing ingredients, including three types of honey (Manuka, Citrus, Raw), cashmere silk proteins, and Argan oil. The treatment helps reduce frizz, improve manageability, and create silky-smooth hair with enhanced shine. It features a champagne flower honey fragrance and is free from sulfates, parabens, and mineral oils. Best suited for those with fine hair texture seeking smoothness and better detangling.</div>\n</div>\n</div>\n</div>\n</div>",https://foryoupiece.com/wp-content/uploads/Instagram-Post-Photoroom-2024-12-04T011557.080.jpg
WWDQ3AH8,"&Honey Pixie Moist Silky Hair Oil","<div class=""mb-md"">\n<div class=""relative default font-sans text-base text-textMain dark:text-textMainDark selection:bg-super/50 selection:text-textMain dark:selection:bg-superDuper/10 dark:selection:text-superDark"">\n<div class=""min-w-0 break-words [word-break:break-word]"">\n<div dir=""auto"">\n<div class=""prose dark:prose-invert inline leading-normal break-words min-w-0 [word-break:break-word]"">The &amp;Honey Pixie Moist Silky Hair Oil is a Japanese leave-in hair treatment designed specifically for dry, fine, and frizzy hair. The formula contains over 90% moisturizing ingredients, including three types of honey (Manuka, Citrus, and Raw), golden silk, and cashmere protein. Its lightweight texture provides deep hydration without weighing hair down, making it ideal for those with fine or ""cat-like"" hair. The product features a bright floral honey fragrance and helps improve manageability while reducing tangles and adding shine.</div>\n</div>\n</div>\n</div>\n</div>",https://foryoupiece.com/wp-content/uploads/Instagram-Post-Photoroom-2024-12-04T011744.517.jpg
6KFUIB36,"&Honey Fleur Kinmokusei Moist Shampoo","<div class=""mb-md"">\n<div class=""relative default font-sans text-base text-textMain dark:text-textMainDark selection:bg-super/50 selection:text-textMain dark:selection:bg-superDuper/10 dark:selection:text-superDark"">\n<div class=""min-w-0 break-words [word-break:break-word]"">\n<div dir=""auto"">\n<div class=""prose dark:prose-invert inline leading-normal break-words min-w-0 [word-break:break-word]"">&amp;Honey Fleur Kinmokusei Moist Shampoo is a Japanese moisturizing shampoo featuring a signature blend of Osmanthus (Kinmokusei) and Mimosa fragrances. The formula contains over 90% moisturizing ingredients, including Manuka honey, hyaluronic acid, and natural extracts. It focuses on maintaining 14% hair moisture content and offers 140% longer-lasting fragrance compared to other &amp;honey products. This shampoo is particularly suitable for those with fine, straight hair seeking hydration without heaviness, while enjoying a long-lasting floral honey scent.</div>\n</div>\n</div>\n</div>\n</div>",https://foryoupiece.com/wp-content/uploads/Instagram-Post-Photoroom-50.jpg
KY79L8RI,"&Honey Fleur Mimosa Moist Treatment","<div class=""mb-md"">\n<div class=""relative default font-sans text-base text-textMain dark:text-textMainDark selection:bg-super/50 selection:text-textMain dark:selection:bg-superDuper/10 dark:selection:text-superDark"">\n<div class=""min-w-0 break-words [word-break:break-word]"">\n<div dir=""auto"">\n<div class=""prose dark:prose-invert inline leading-normal break-words min-w-0 [word-break:break-word]"">&amp;Honey Fleur Mimosa Moist Treatment is a Japanese hair treatment featuring a unique blend of three honey types (60% Manuka, 20% Dandelion, 20% Raw Honey). It boasts 140% longer-lasting fragrance with a signature Mimosa honey scent. The formula maintains 14% hair moisture content, with over 90% of ingredients being moisturizing components, including hyaluronic acid and organic argan oil. Free from sulfates, parabens, and mineral oils, this treatment is ideal for those with dry, flat hair seeking a soft, airy finish while controlling scalp odor.</div>\n</div>\n</div>\n</div>\n</div>",https://foryoupiece.com/wp-content/uploads/Instagram-Post-Photoroom-49.jpg
V7ES0EBN,"&Honey Fleur Mimosa Moist Treatment Refill","<div class=""mb-md"">\n<div class=""relative default font-sans text-base text-textMain dark:text-textMainDark selection:bg-super/50 selection:text-textMain dark:selection:bg-superDuper/10 dark:selection:text-superDark"">\n<div class=""min-w-0 break-words [word-break:break-word]"">\n<div dir=""auto"">\n<div class=""prose dark:prose-invert inline leading-normal break-words min-w-0 [word-break:break-word]"">&amp;honey Fleur Mimosa Moist Treatment is a Japanese hair treatment product designed for dry and damaged hair. This luxurious formula contains three types of honey (Manuka, Dandelion, Raw), along with argan oil, jojoba extract, and hyaluronic acid. The treatment features a distinctive Mimosa honey fragrance that provides a long-lasting, relaxing scent. It's particularly effective for those seeking soft, moisturized, and fluffy hair texture. The sulfate-free, paraben-free formula is best suited for those with dry scalp and flat hair concerns.</div>\n</div>\n</div>\n</div>\n</div>",https://foryoupiece.com/wp-content/uploads/Instagram-Post-Photoroom-2024-12-04T011459.840.jpg
AMOE89NO,"&Honey Fleur Kinmokusei & Mimosa Moist Hair Oil","<div class=""mb-md"">\n<div class=""relative default font-sans text-base text-textMain dark:text-textMainDark selection:bg-super/50 selection:text-textMain dark:selection:bg-superDuper/10 dark:selection:text-superDark"">\n<div class=""min-w-0 break-words [word-break:break-word]"">\n<div dir=""auto"">\n<div class=""prose dark:prose-invert inline leading-normal break-words min-w-0 [word-break:break-word]"">The &amp;honey Fleur Kinmokusei &amp; Mimosa Moist Hair Oil is a Japanese hair treatment oil that combines sweet osmanthus (kinmokusei) and mimosa fragrances. This lightweight, non-greasy formula contains three types of honey and focuses on maintaining 14% hair moisture content. Over 90% of its ingredients are moisturizing and fragrance components, featuring argan oil and hyaluronic acid. Known for its 140% longer-lasting scent compared to other &amp;honey products, it's ideal for those seeking frizz control and lasting fragrance while maintaining soft, silky hair.</div>\n</div>\n</div>\n</div>\n</div>",https://foryoupiece.com/wp-content/uploads/Instagram-Post-Photoroom-2024-12-04T011238.158.jpg
6QJOLE8P,"&Honey Melty Moist Repair Treatment","<div class=""mb-md"">\n<div class=""relative default font-sans text-base text-textMain dark:text-textMainDark selection:bg-super/50 selection:text-textMain dark:selection:bg-superDuper/10 dark:selection:text-superDark"">\n<div class=""min-w-0 break-words [word-break:break-word]"">\n<div dir=""auto"">\n<div class=""prose dark:prose-invert inline leading-normal break-words min-w-0 [word-break:break-word]"">The &amp;honey Melty Moist Repair Treatment 2.0 is a Japanese hair treatment designed to combat frizz and unruly hair through moisture control. Its unique formula maintains 14% moisture content and contains over 90% hydrating ingredients, including three types of honey (Manuka, Rose, and Japanese), organic Moroccan argan oil, and hyaluronic acid. The treatment features a sweet rose honey fragrance and is particularly effective for those with wavy, curly, or unmanageable hair seeking smoother, more controllable locks. Free from sulfates, parabens, and synthetic dyes.</div>\n</div>\n</div>\n</div>\n</div>",https://foryoupiece.com/wp-content/uploads/Instagram-Post-Photoroom-100-2.jpg
MDACSUXW,"Okuchi Mouthwash Mint Flavor, Bad Breath Care, Fluid, Non-Alcohol","<div class=""mb-md"">\n<div class=""relative default font-sans text-base text-textMain dark:text-textMainDark selection:bg-super/50 selection:text-textMain dark:selection:bg-superDuper/10 dark:selection:text-superDark"">\n<div class=""min-w-0 break-words [word-break:break-word]"">\n<div dir=""auto"">\n<div class=""prose dark:prose-invert inline leading-normal break-words min-w-0 [word-break:break-word]"">Okuchi Mint Mouthwash is a Japanese oral care product featuring a unique protein-solidifying formula that visibly removes mouth debris and plaque while freshening breath. This non-alcoholic, low-irritation mouthwash comes in convenient 11ml single-use stick packets, making it perfect for travel and on-the-go use. With a refreshing lime-mint flavor, it requires just 20 seconds of rinsing and needs no water rinse afterward. The formula contains natural ingredients like propolis extract, tea leaf extract, and xylitol, ideal for those seeking gentle yet effective oral care.</div>\n</div>\n</div>\n</div>\n</div>",https://foryoupiece.com/wp-content/uploads/Instagram-Post-Photoroom-48.jpg
BDH2GXPA,"Okuchi Mouthwash Gachi Lemon Flavor, Bad Breath Care, Fluid, Non-Alcohol","<div class=""mb-md"">\n<div class=""relative default font-sans text-base text-textMain dark:text-textMainDark selection:bg-super/50 selection:text-textMain dark:selection:bg-superDuper/10 dark:selection:text-superDark"">\n<div class=""min-w-0 break-words [word-break:break-word]"">\n<div dir=""auto"">\n<div class=""prose dark:prose-invert inline leading-normal break-words min-w-0 [word-break:break-word]"">Okuchi Gachi Lemon is a convenient single-use stick mouthwash from Japan, containing 11ml per packet. This non-alcoholic, low-irritation formula features a refreshing lemon flavor and contains kitosan and tea leaf extract that binds with protein-based debris in your mouth. What makes it unique is that it visually shows the removed debris as brown particles after 20 seconds of gargling. Perfect for on-the-go oral care when brushing isn't possible, like at work, school, or while traveling.</div>\n</div>\n</div>\n</div>\n</div>",https://foryoupiece.com/wp-content/uploads/Instagram-Post-Photoroom-99-2.jpg
9GJ2KRMC,"Okuchi Mouthwash Lemon Flavor, Bad Breath Care, Fluid, Non-Alcohol","<div class=""mb-md"">\n<div class=""relative default font-sans text-base text-textMain dark:text-textMainDark selection:bg-super/50 selection:text-textMain dark:selection:bg-superDuper/10 dark:selection:text-superDark"">\n<div class=""min-w-0 break-words [word-break:break-word]"">\n<div dir=""auto"">\n<div class=""prose dark:prose-invert inline leading-normal break-words min-w-0 [word-break:break-word]"">Okuchi Lemon is a Japanese portable mouthwash in convenient 11ml single-use sachets. This innovative oral care product features a non-alcoholic, hypoallergenic formula with a mild lemon flavor. Its unique feature is the ability to visibly solidify and remove protein-based debris and plaque when gargled for 20 seconds. Made with natural ingredients like tea leaf extract and propolis, it's perfect for on-the-go use when brushing isn't possible, such as after meals, during travel, or at work.</div>\n</div>\n</div>\n</div>\n</div>",https://foryoupiece.com/wp-content/uploads/Instagram-Post-Photoroom-98-2.jpg
NTFAZ8QX,"Tsujiri Matcha Milk Powder Light Taste 190g","<div class=""mb-md"">\n<div class=""relative default font-sans text-base text-textMain dark:text-textMainDark selection:bg-super/50 selection:text-textMain dark:selection:bg-superDuper/10 dark:selection:text-superDark"">\n<div class=""min-w-0 break-words [word-break:break-word]"">\n<div dir=""auto"">\n<div class=""prose dark:prose-invert inline leading-normal break-words min-w-0 [word-break:break-word]"">Tsujiri Matcha Milk Powder is a premium instant green tea latte mix from the renowned Japanese tea brand Tsujiri, established in 1860 in Kyoto. This 190g package contains a carefully balanced blend of high-quality Uji matcha and creamy milk powder, creating a smooth and mellow flavor. Perfect for both hot and cold preparations - simply mix 3 teaspoons (17g) with water or milk. Ideal for matcha lovers seeking convenient yet authentic Japanese tea experience at home.</div>\n</div>\n</div>\n</div>\n</div>",https://foryoupiece.com/wp-content/uploads/Instagram-Post-Photoroom-97-2.jpg
O8VT9S70,"Tsujiri Matcha Milk Powder Rich Taste 150g","<div class=""mb-md"">\n<div class=""relative default font-sans text-base text-textMain dark:text-textMainDark selection:bg-super/50 selection:text-textMain dark:selection:bg-superDuper/10 dark:selection:text-superDark"">\n<div class=""min-w-0 break-words [word-break:break-word]"">\n<div dir=""auto"">\n<div class=""prose dark:prose-invert inline leading-normal break-words min-w-0 [word-break:break-word]"">This is Tsujiri's premium matcha milk powder featuring double the amount of high-quality Uji matcha compared to their regular blend. Made by the historic Kyoto tea house founded in 1860, this rich-flavored instant drink powder creates a smooth, frothy matcha latte with a deep, slightly bitter taste and authentic umami. Perfect for matcha enthusiasts seeking a more intense flavor profile, it can be enjoyed hot or cold and also works well in baking or as a topping for desserts. Each 150g package makes approximately 8 servings.</div>\n</div>\n</div>\n</div>\n</div>",https://foryoupiece.com/wp-content/uploads/Instagram-Post-Photoroom-96-2.jpg
71H7VSIO,"&Honey Moist Shine Hair Oil","<div class=""mb-md"">\n<div class=""relative default font-sans text-base text-textMain dark:text-textMainDark selection:bg-super/50 selection:text-textMain dark:selection:bg-superDuper/10 dark:selection:text-superDark"">\n<div class=""min-w-0 break-words [word-break:break-word]"">\n<div dir=""auto"">\n<div class=""prose dark:prose-invert inline leading-normal break-words min-w-0 [word-break:break-word]"">The &amp;honey Moist Shine Hair Oil 3.0 is a Japanese hair treatment oil designed to provide deep hydration while creating a lightweight, glossy finish. This organic-focused formula contains 90% moisturizing ingredients, including three types of honey, Moroccan argan oil, royal jelly, and hyaluronic acid. With a delicate Fairy Rose Honey fragrance, it's specifically formulated for fine to normal hair types seeking shine and smoothness. The oil helps maintain 14% moisture content in hair while preventing frizz and damage, making it particularly suitable for color-treated hair.</div>\n</div>\n</div>\n</div>\n</div>",https://foryoupiece.com/wp-content/uploads/Instagram-Post-Photoroom-95-2.jpg
BEBDGS5I,"&Honey Deep Moist Hair Oil","<div class=""mb-md"">\n<div class=""relative default font-sans text-base text-textMain dark:text-textMainDark selection:bg-super/50 selection:text-textMain dark:selection:bg-superDuper/10 dark:selection:text-superDark"">\n<div class=""min-w-0 break-words [word-break:break-word]"">\n<div dir=""auto"">\n<div class=""prose dark:prose-invert inline leading-normal break-words min-w-0 [word-break:break-word]"">The &amp;honey EX Deep Moist Hair Oil 3.0 is a premium Japanese hair treatment oil featuring a luxurious blend of three types of honey (50% Manuka, 30% Acacia, 20% Japanese raw honey). Over 90% of its ingredients are moisturizing components, including organic Moroccan argan oil, royal jelly, propolis, and hyaluronic acid. With a sweet Damask Rose honey fragrance, this oil is best suited for thick, coarse, or damaged hair types, providing deep hydration and frizz control while maintaining a non-greasy finish.</div>\n</div>\n</div>\n</div>\n</div>",https://foryoupiece.com/wp-content/uploads/Instagram-Post-Photoroom-94-2.jpg
L7B6W57U,"&Honey EX Deep Moist Hair Oil","<div class=""mb-md"">\n<div class=""relative default font-sans text-base text-textMain dark:text-textMainDark selection:bg-super/50 selection:text-textMain dark:selection:bg-superDuper/10 dark:selection:text-superDark"">\n<div class=""min-w-0 break-words [word-break:break-word]"">\n<div dir=""auto"">\n<div class=""prose dark:prose-invert inline leading-normal break-words min-w-0 [word-break:break-word]"">The &amp;honey EX Deep Moist Hair Oil 3.0 is a premium Japanese hair treatment oil featuring a unique blend of three honey types (New Zealand Manuka, Hungarian Acacia, and Japanese raw honey), combined with organic Moroccan argan oil and other moisturizing ingredients. This luxurious formula contains over 90% moisturizing components and features an elegant Grand Rose Honey fragrance. Best suited for those with dry, stiff, or tangled hair seeking intense hydration and shine. The oil is sulfate-free, paraben-free, and cruelty-free.</div>\n</div>\n</div>\n</div>\n</div>",https://foryoupiece.com/wp-content/uploads/Instagram-Post-Photoroom-93-2.jpg
Q94JHI5J,"&Honey Melty Moist Rich Hair Oil","<div class=""mb-md"">\n<div class=""relative default font-sans text-base text-textMain dark:text-textMainDark selection:bg-super/50 selection:text-textMain dark:selection:bg-superDuper/10 dark:selection:text-superDark"">\n<div class=""min-w-0 break-words [word-break:break-word]"">\n<div dir=""auto"">\n<div class=""prose dark:prose-invert inline leading-normal break-words min-w-0 [word-break:break-word]"">The &amp;honey Melty Moist Rich Hair Oil 3.0 is a premium Japanese hair treatment oil featuring a unique blend of three honey types (Manuka, Rose, and Raw honey) and organic Moroccan argan oil. This luxurious formula maintains 14% moisture content and contains over 90% moisturizing ingredients. With its velvet rose honey fragrance, it effectively manages frizz and unruly hair while providing deep hydration. Best suited for those with thick, rough, or dry hair seeking intense moisture and smoothness.</div>\n</div>\n</div>\n</div>\n</div>",https://foryoupiece.com/wp-content/uploads/Instagram-Post-Photoroom-2024-12-04T013111.920.jpg
9IFB5GGA,"&Honey Creamy Hair Oil 100ml","<div class=""mb-md"">\n<div class=""relative default font-sans text-base text-textMain dark:text-textMainDark selection:bg-super/50 selection:text-textMain dark:selection:bg-superDuper/10 dark:selection:text-superDark"">\n<div class=""min-w-0 break-words [word-break:break-word]"">\n<div dir=""auto"">\n<div class=""prose dark:prose-invert inline leading-normal break-words min-w-0 [word-break:break-word]"">The &amp;honey Creamy EX Damage Repair Hair Oil 3.0 is a Japanese hair treatment oil designed for severely damaged hair. This luxurious formula contains over 90% moisturizing and repairing ingredients, including three types of honey (Manuka, Black Bee, and Raw Honey). It features a 5D repair system that targets damage from heat, friction, UV rays, hair color, and dryness. With its rich berry-honey scent and ultra-moisturizing texture, this oil is best suited for thick, coarse, or extremely dry and damaged hair that needs intensive repair and hydration.</div>\n</div>\n</div>\n</div>\n</div>",https://foryoupiece.com/wp-content/uploads/Instagram-Post-Photoroom-92-2.jpg
IRIXGACT,"&Honey Color Control Repair Treatment","<div class=""mb-md"">\n<div class=""relative default font-sans text-base text-textMain dark:text-textMainDark selection:bg-super/50 selection:text-textMain dark:selection:bg-superDuper/10 dark:selection:text-superDark"">\n<div class=""min-w-0 break-words [word-break:break-word]"">\n<div dir=""auto"">\n<div class=""prose dark:prose-invert inline leading-normal break-words min-w-0 [word-break:break-word]"">The &amp;Honey Color Control Repair Treatment is a premium Japanese hair treatment specifically formulated for color-treated hair. This luxurious formula contains over 90% moisturizing and protective ingredients, including three types of honey, levulinic acid, and keratin. It boasts a 130% color retention rate while providing deep cuticle care and repair. The treatment leaves hair smooth and shiny with a delicate French Lavender Honey fragrance. Best suited for those seeking to maintain vibrant hair color while addressing damage from chemical treatments.</div>\n</div>\n</div>\n</div>\n</div>",https://foryoupiece.com/wp-content/uploads/Instagram-Post-Photoroom-91-2.jpg
35Y4EKLW,"&Honey Color Control Repair Shampoo Refill","<div class=""mb-md"">\n<div class=""relative default font-sans text-base text-textMain dark:text-textMainDark selection:bg-super/50 selection:text-textMain dark:selection:bg-superDuper/10 dark:selection:text-superDark"">\n<div class=""min-w-0 break-words [word-break:break-word]"">\n<div dir=""auto"">\n<div class=""prose dark:prose-invert inline leading-normal break-words min-w-0 [word-break:break-word]"">This &amp;Honey Color Control Repair Hair Treatment Refill is a Japanese hair treatment designed specifically for color-treated hair. The formula combines honey, royal jelly extracts, and specialized color-care ingredients to maintain vibrant hair color with a claimed 130% color retention rate. Over 90% of its ingredients focus on moisturizing and color protection, featuring a pleasant French lavender honey scent. It's particularly suitable for those experiencing quick color fading, dryness after coloring, or color-related damage, promising to deliver smooth, shiny results while preserving hair color vibrancy.</div>\n</div>\n</div>\n</div>\n</div>",https://foryoupiece.com/wp-content/uploads/Instagram-Post-Photoroom-90-2.jpg
3STG739F,"&Honey Color Control Repair Treatment Refill","<div class=""mb-md""><div class=""relative default font-sans text-base text-textMain dark:text-textMainDark selection:bg-super/50 selection:text-textMain dark:selection:bg-superDuper/10 dark:selection:text-superDark""><div class=""min-w-0 break-words [word-break:break-word]""><div dir=""auto""><div class=""prose text-pretty dark:prose-invert inline leading-normal break-words min-w-0 [word-break:break-word]""><span class="""">The &amp;Honey Color Control Repair Hair Treatment Refill (350g) is a Japanese color-protecting hair treatment refill pack featuring honey-based technology. This moisturizing formula contains over 90% active ingredients, including honey, levulinic acid, and keratin, designed to maintain vibrant hair color while providing deep nourishment. With a pleasant French lavender honey fragrance, it offers 130% better color retention compared to other &amp;honey products. Perfect for those with color-treated hair seeking to preserve their hair color while achieving a silky, smooth finish.</span></div></div></div></div></div>",https://foryoupiece.com/wp-content/uploads/Instagram-Post-Photoroom-89-2.jpg
LF20384B,"&Honey Color Control Repair Hair Oil 100ml","<div class=""mb-md"">\n<div class=""relative default font-sans text-base text-textMain dark:text-textMainDark selection:bg-super/50 selection:text-textMain dark:selection:bg-superDuper/10 dark:selection:text-superDark"">\n<div class=""min-w-0 break-words [word-break:break-word]"">\n<div dir=""auto"">\n<div class=""prose dark:prose-invert inline leading-normal break-words min-w-0 [word-break:break-word]"">The &amp;Honey Color Control Repair Hair Oil is a Japanese hair care product designed specifically for color-treated hair. This lightweight oil features a unique color control formula that helps maintain vibrant hair color with a claimed 130% color retention rate. Enriched with honey and protective ingredients that make up 90% of its composition, it provides deep moisture while creating a smooth, glossy finish. The product has a distinctive Hortensia honey scent derived from Japanese hydrangea extract. Best suited for those concerned about color fading and seeking to maintain their dyed hair's vibrancy.</div>\n</div>\n</div>\n</div>\n</div>","https://foryoupiece.com/wp-content/uploads/Instagram-Post-Photoroom-88-2.jpg, https://foryoupiece.com/wp-content/uploads/Instagram-Post-Photoroom-88-2.jpg"
XK7E4RAJ,"&Honey Color Control Repair Hair Milk 160ml","<div class=""mb-md"">\n<div class=""relative default font-sans text-base text-textMain dark:text-textMainDark selection:bg-super/50 selection:text-textMain dark:selection:bg-superDuper/10 dark:selection:text-superDark"">\n<div class=""min-w-0 break-words [word-break:break-word]"">\n<div dir=""auto"">\n<div class=""prose dark:prose-invert inline leading-normal break-words min-w-0 [word-break:break-word]"">The &amp;honey Color Control Repair Hair Milk 3.0 is a leave-in hair treatment milk from Japan's popular honey-based cosmetics brand. This 160ml product is specifically designed for color-treated hair, featuring a unique Color Control Formula that helps maintain vibrant hair color while providing deep hydration. The formula contains over 90% moisturizing ingredients, including honey, levulinic acid, and natural extracts. With its lilac honey fragrance and milky texture, it's ideal for those seeking both color protection and a moisture-rich, glossy finish for their dyed hair.</div>\n</div>\n</div>\n</div>\n</div>",https://foryoupiece.com/wp-content/uploads/Instagram-Post-Photoroom-87-2.jpg
YVXCOYPH,"Fino Premium Touch Pink Ribbon Hair Mask","<div class=""mb-md"">\n<div class=""relative default font-sans text-base text-textMain dark:text-textMainDark selection:bg-super/50 selection:text-textMain dark:selection:bg-superDuper/10 dark:selection:text-superDark"">\n<div class=""min-w-0 break-words [word-break:break-word]"">\n<div dir=""auto"">\n<div class=""prose dark:prose-invert inline leading-normal break-words min-w-0 [word-break:break-word]"">The Fino Premium Touch Pink Ribbon Hair Mask is a limited edition deep conditioning treatment from Shiseido's Fine Today brand. This hair mask features six beauty serum ingredients and a damage search function that deeply penetrates and repairs damaged hair strands from root to tip. It has a sophisticated floral fragrance and transforms hair into a silky, smooth texture. This special pink edition supports breast cancer awareness, with proceeds contributing to medical wig creation and donation programs. Best suited for severely damaged hair, particularly effective when used 2-3 times weekly.</div>\n</div>\n</div>\n</div>\n</div>",https://foryoupiece.com/wp-content/uploads/Instagram-Post-Photoroom-86-1.jpg
K0WFDDCZ,"Fino Premium Touch Pink Ribbon Essence Hair Oil","<div class=""mb-md"">\n<div class=""relative default font-sans text-base text-textMain dark:text-textMainDark selection:bg-super/50 selection:text-textMain dark:selection:bg-superDuper/10 dark:selection:text-superDark"">\n<div class=""min-w-0 break-words [word-break:break-word]"">\n<div dir=""auto"">\n<div class=""prose dark:prose-invert inline leading-normal break-words min-w-0 [word-break:break-word]"">The Fino Premium Touch Pink Ribbon Essence Hair Oil is a limited-edition Japanese hair treatment designed for damaged hair. This lightweight, non-sticky oil features a damage-search function that repairs and protects hair from heat, friction, and daily wear. Enriched with dual concentrated oils and beauty serum ingredients, it creates silky, manageable hair with a graceful floral fragrance. Best suited for those with damaged, frizzy, or hard-to-manage hair. Part of sales supports breast cancer awareness through the Pink Ribbon campaign.</div>\n</div>\n</div>\n</div>\n</div>",https://foryoupiece.com/wp-content/uploads/Instagram-Post-Photoroom-85-2.jpg
6ZE2RSOW,"Fino Premium Touch Hair Mask Refill 700g","<div class=""mb-md"">\n<div class=""relative default font-sans text-base text-textMain dark:text-textMainDark selection:bg-super/50 selection:text-textMain dark:selection:bg-superDuper/10 dark:selection:text-superDark"">\n<div class=""min-w-0 break-words [word-break:break-word]"">\n<div dir=""auto"">\n<div class=""prose dark:prose-invert inline leading-normal break-words min-w-0 [word-break:break-word]"">Shiseido's Fino Premium Touch Hair Mask is a premium Japanese deep-conditioning treatment that repairs and nourishes damaged hair. This 700g refill pack features six beauty essence components, including Royal Jelly EX, trehalose, and pearl peptides, designed to target and repair even minor damage throughout the hair shaft. The mask delivers intense moisture, strengthens cuticles, and maintains color while leaving hair silky smooth with a graceful floral fragrance. Ideal for severely damaged hair and suitable as both daily conditioner or intensive treatment.</div>\n</div>\n</div>\n</div>\n</div>",https://foryoupiece.com/wp-content/uploads/Instagram-Post-Photoroom-84-2.jpg
WC09I9DD,"[NEW] TSUBAKI Premium EX Repair Mask 180g","<div class=""mb-md"">\n<div class=""relative default font-sans text-base text-textMain dark:text-textMainDark selection:bg-super/50 selection:text-textMain dark:selection:bg-superDuper/10 dark:selection:text-superDark"">\n<div class=""min-w-0 break-words [word-break:break-word]"">\n<div dir=""auto"">\n<div class=""prose dark:prose-invert inline leading-normal break-words min-w-0 [word-break:break-word]"">The Shiseido Tsubaki Premium EX Repair Hair Mask is a luxurious Japanese hair treatment formulated with camellia oil, royal jelly extract, and pearl protein. Its innovative penetration technology allows for instant absorption with zero waiting time, making it ideal for busy routines. The mask deeply repairs damaged hair, reduces frizz, enhances shine, and provides intense moisture. Best suited for all hair types, especially chemically treated, heat-damaged, or dry hair. The rich, creamy formula features a delightful fruity-floral fragrance and comes in a premium gold jar.</div>\n</div>\n</div>\n</div>\n</div>",https://foryoupiece.com/wp-content/uploads/Instagram-Post-Photoroom-83-2.jpg
50BAWC57,"TSUBAKI Premium EX Damage Care & Repair Treatment Refill","<div class=""mb-md"">\n<div class=""relative default font-sans text-base text-textMain dark:text-textMainDark selection:bg-super/50 selection:text-textMain dark:selection:bg-superDuper/10 dark:selection:text-superDark"">\n<div class=""min-w-0 break-words [word-break:break-word]"">\n<div dir=""auto"">\n<div class=""prose dark:prose-invert inline leading-normal break-words min-w-0 [word-break:break-word]"">The TSUBAKI Premium EX Intensive Repair Treatment is a premium Japanese hair conditioner specifically formulated for severely damaged hair. This innovative treatment features camellia oil and ionic repair technology that penetrates deep into the hair's structure for comprehensive repair. The formula contains royal jelly extract, hyaluronic acid, and soybean extract to restore smoothness, shine, and elasticity. Ideal for hair damaged by bleaching, coloring, or heat styling, it leaves hair soft and manageable with a pleasant rose and camellia fragrance.</div>\n</div>\n</div>\n</div>\n</div>",https://foryoupiece.com/wp-content/uploads/Instagram-Post-Photoroom-32.jpg
ZXK62XW2,"&Honey Deep Moist Treatment","<div class=""mb-md"">\n<div class=""relative default font-sans text-base text-textMain dark:text-textMainDark selection:bg-super/50 selection:text-textMain dark:selection:bg-superDuper/10 dark:selection:text-superDark"">\n<div class=""min-w-0 break-words [word-break:break-word]"">\n<div dir=""auto"">\n<div class=""prose dark:prose-invert inline leading-normal break-words min-w-0 [word-break:break-word]"">The &amp;honey Deep Moist Treatment 2.0 is a premium Japanese hair treatment formulated with a unique blend of three organic honeys (50% Manuka, 30% Acacia, 20% Japanese raw honey). This lavender-scented treatment contains over 90% moisturizing and protective ingredients, including Moroccan argan oil and royal jelly. Best suited for damaged, rough, or dry hair, it helps maintain 14% moisture content while providing deep hydration and repair. The treatment is sulfate-free, mineral oil-free, and cruelty-free, delivering a soft, silky finish.</div>\n</div>\n</div>\n</div>\n</div>",https://foryoupiece.com/wp-content/uploads/Instagram-Post-Photoroom-31.jpg
R7SIXXGR,"&Honey Milky Precious EX Repair Sample","<div class=""mb-md"">\n<div class=""relative default font-sans text-base text-textMain dark:text-textMainDark selection:bg-super/50 selection:text-textMain dark:selection:bg-superDuper/10 dark:selection:text-superDark"">\n<div class=""min-w-0 break-words [word-break:break-word]"">\n<div dir=""auto"">\n<div class=""prose dark:prose-invert inline leading-normal break-words min-w-0 [word-break:break-word]"">The &amp;honey Milky Precious EX Repair Hair Oil is a premium Japanese hair treatment product featuring high-purity honey and keratin formulation. This lightweight, non-sticky oil deeply moisturizes and repairs damaged hair with its concentrated milk honey and keratin honey technology. It offers intense hydration, frizz control, and damage repair while leaving a sweet cherry honey scent. Best suited for those with dry, damaged, or color-treated hair seeking deep repair and moisture without heaviness. The product contains over 95% moisturizing and honey-based ingredients for optimal hair care results.</div>\n</div>\n</div>\n</div>\n</div>",https://foryoupiece.com/wp-content/uploads/Instagram-Post-Photoroom-82-2.jpg
MJCC0COQ,"&Honey Milky Precious EX Repair Shampoo","<div class=""mb-md"">\n<div class=""relative default font-sans text-base text-textMain dark:text-textMainDark selection:bg-super/50 selection:text-textMain dark:selection:bg-superDuper/10 dark:selection:text-superDark"">\n<div class=""min-w-0 break-words [word-break:break-word]"">\n<div dir=""auto"">\n<div class=""prose dark:prose-invert inline leading-normal break-words min-w-0 [word-break:break-word]"">The &amp;Honey Milky Precious EX Repair Hair Oil is a premium Japanese hair care product designed for damaged and dry hair. This lightweight oil contains over 95% moisturizing and honey-based ingredients, featuring specialized milk honey and keratin honey formulations. With its berry-sweet honey fragrance, the oil provides deep hydration, repairs five types of damage (heat, friction, UV, color, and dryness), and creates a smooth, non-greasy finish. It's particularly effective for those with highly damaged, color-treated, or naturally dry hair seeking intensive repair and moisture.</div>\n</div>\n</div>\n</div>\n</div>",https://foryoupiece.com/wp-content/uploads/Instagram-Post-Photoroom-81-2.jpg
S65LYIPS,"&Honey Milky Precious EX Repair Treatment","<div class=""mb-md"">\n<div class=""relative default font-sans text-base text-textMain dark:text-textMainDark selection:bg-super/50 selection:text-textMain dark:selection:bg-superDuper/10 dark:selection:text-superDark"">\n<div class=""min-w-0 break-words [word-break:break-word]"">\n<div dir=""auto"">\n<div class=""prose dark:prose-invert inline leading-normal break-words min-w-0 [word-break:break-word]"">The &amp;Honey Milky Precious EX Repair Treatment is a premium Japanese hair treatment formulated with concentrated milk honey and keratin honey. This advanced damage repair solution contains over 95% moisturizing and honey-based ingredients, specifically designed for dry and damaged hair. With its apple sweet honey fragrance, the treatment deeply hydrates, repairs damage from heat styling, coloring, and environmental stressors, leaving hair silky smooth and manageable. Best suited for those seeking intensive repair and moisture restoration for damaged hair.</div>\n</div>\n</div>\n</div>\n</div>",https://foryoupiece.com/wp-content/uploads/Instagram-Post-Photoroom-80-2.jpg
W6VTHQV9,"&Honey Milky Precious EX Repair Hair Oil","<div class=""mb-md"">\n<div class=""relative default font-sans text-base text-textMain dark:text-textMainDark selection:bg-super/50 selection:text-textMain dark:selection:bg-superDuper/10 dark:selection:text-superDark"">\n<div class=""min-w-0 break-words [word-break:break-word]"">\n<div dir=""auto"">\n<div class=""prose dark:prose-invert inline leading-normal break-words min-w-0 [word-break:break-word]"">The &amp;Honey Milky Precious EX Repair Hair Oil is a premium Japanese hair care product designed for damaged and dry hair. This lightweight oil contains over 95% moisturizing and honey-based ingredients, featuring specialized milk honey and keratin honey formulations. With its berry-sweet honey fragrance, the oil provides deep hydration, repairs five types of damage (heat, friction, UV, color, and dryness), and creates a smooth, non-greasy finish. It's particularly effective for those with highly damaged, color-treated, or naturally dry hair seeking intensive repair and moisture.</div>\n</div>\n</div>\n</div>\n</div>",https://foryoupiece.com/wp-content/uploads/Instagram-Post-Photoroom-79-2.jpg
BM3W2JHS,"&Honey Gel Body Wash, Sabon (500ml)","<div class=""mb-md"">\n<div class=""relative default font-sans text-base text-textMain dark:text-textMainDark selection:bg-super/50 selection:text-textMain dark:selection:bg-superDuper/10 dark:selection:text-superDark"">\n<div class=""min-w-0 break-words [word-break:break-word]"">\n<div dir=""auto"">\n<div class=""prose dark:prose-invert inline leading-normal break-words min-w-0 [word-break:break-word]"">The &amp;honey Sabon Clear Gel Body Wash is a Japanese body cleanser featuring a unique honey gel formula that effectively cleanses while maintaining skin moisture. The emerald-colored gel has a refreshing sabon honey scent that lingers after bathing. Made with over 90% moisturizing ingredients including honey extracts and blue clay, it leaves skin silky smooth without dryness. Best suited for those seeking a fresh, clean feeling while managing body odor, especially during warm seasons. The product is silicone-free, sulfate-free, and cruelty-free.</div>\n</div>\n</div>\n</div>\n</div>",https://foryoupiece.com/wp-content/uploads/Instagram-Post-Photoroom-30.jpg
FFVAR4UY,"&Honey Gel Body Wash Refill, Deep Moist (440ml)","<div class=""mb-md"">\n<div class=""relative default font-sans text-base text-textMain dark:text-textMainDark selection:bg-super/50 selection:text-textMain dark:selection:bg-superDuper/10 dark:selection:text-superDark"">\n<div class=""min-w-0 break-words [word-break:break-word]"">\n<div dir=""auto"">\n<div class=""prose dark:prose-invert inline leading-normal break-words min-w-0 [word-break:break-word]"">This &amp;honey Deep Moist Gel Body Wash Refill is a luxurious Japanese body cleanser featuring a gentle formula enriched with natural honey extracts and Moroccan organic oil. The product contains over 90% moisturizing and skin-conditioning ingredients, making it ideal for those with dry skin. It has a delicate osmanthus honey fragrance that lingers 1.4 times longer after bathing. Free from sulfates, parabens, mineral oils, and synthetic dyes, this body wash provides thorough cleansing while maintaining skin hydration.</div>\n</div>\n</div>\n</div>\n</div>",https://foryoupiece.com/wp-content/uploads/Instagram-Post-Photoroom-78-2.jpg
OJ6Q4YSV,"&Honey Gel Body Wash Refill, Melty Moist (440ml)","<div class=""mb-md"">\n<div class=""relative default font-sans text-base text-textMain dark:text-textMainDark selection:bg-super/50 selection:text-textMain dark:selection:bg-superDuper/10 dark:selection:text-superDark"">\n<div class=""min-w-0 break-words [word-break:break-word]"">\n<div dir=""auto"">\n<div class=""prose dark:prose-invert inline leading-normal break-words min-w-0 [word-break:break-word]"">This Japanese body wash refill from &amp;honey features a unique honey gel formula designed for deep moisturizing. The product contains natural honey extracts and rose honey fragrance, with over 90% moisturizing ingredients including tea tree oil and CICA components. It creates a rich lather while cleansing and leaves skin smooth without dryness. Best suited for those concerned with skin dullness, seeking both hydration and smoothness, or who enjoy elegant rose scents. The fragrance lingers 1.5 times longer than regular body washes.</div>\n</div>\n</div>\n</div>\n</div>",https://foryoupiece.com/wp-content/uploads/Instagram-Post-Photoroom-77-2.jpg
F1GSJTLL,"&Honey Gel Body Wash Refill, Sabon (440ml)","<div class=""mb-md"">\n<div class=""relative default font-sans text-base text-textMain dark:text-textMainDark selection:bg-super/50 selection:text-textMain dark:selection:bg-superDuper/10 dark:selection:text-superDark"">\n<div class=""min-w-0 break-words [word-break:break-word]"">\n<div dir=""auto"">\n<div class=""prose dark:prose-invert inline leading-normal break-words min-w-0 [word-break:break-word]"">This &amp;honey Sabon Clear Gel Body Wash is a Japanese body cleanser that combines honey's moisturizing properties with a refreshing sabon (soap) fragrance. Made by ViCREA, over 90% of its formula consists of moisturizing and skin-conditioning ingredients, including honey, blue clay, tea leaf extract, and chamomile. The gel-based wash effectively cleanses while keeping skin hydrated, eliminates body odors, and leaves a fresh scent. It's sulfate-free, paraben-free, and ideal for those seeking a gentle yet thorough cleanse with a clean, refreshing finish.</div>\n</div>\n</div>\n</div>\n</div>",https://foryoupiece.com/wp-content/uploads/Instagram-Post-Photoroom-76-2.jpg
WHHP0J4O,"&Honey Foam Body Wash Refill, Pure Moist","<div class=""mb-md""><div class=""relative default font-sans text-base text-textMain dark:text-textMainDark selection:bg-super/50 selection:text-textMain dark:selection:bg-superDuper/10 dark:selection:text-superDark""><div class=""min-w-0 break-words [word-break:break-word]""><div dir=""auto""><div class=""prose text-pretty dark:prose-invert inline leading-normal break-words min-w-0 [word-break:break-word]""><span class="""">The &amp;honey Pure Moist Foam Body Wash is a Japanese body cleanser featuring a honey-infused foam formula designed for gentle cleansing and deep hydration. Its key features include over 90% moisturizing and natural ingredients, including honey-derived cleansing agents, hyaluronic acid, and argan oil. The product offers a silky-smooth finish while maintaining skin moisture balance. With its elegant Chardonnay honey scent and hypoallergenic formula free from eight common additives, it's particularly suitable for those seeking a gentle, moisturizing body wash that's safe for sensitive skin.</span></div></div></div></div></div>",https://foryoupiece.com/wp-content/uploads/Instagram-Post-Photoroom-75-2.jpg
MSU8C79M,"Nivea Creme Care Body Wash, European White Soap, Refill 360ml","<div class=""mb-md"">\n<div class=""relative default font-sans text-base text-textMain dark:text-textMainDark selection:bg-super/50 selection:text-textMain dark:selection:bg-superDuper/10 dark:selection:text-superDark"">\n<div class=""min-w-0 break-words [word-break:break-word]"">\n<div dir=""auto"">\n<div class=""prose dark:prose-invert inline leading-normal break-words min-w-0 [word-break:break-word]"">This is a refill pouch of Nivea Creme Care Body Wash featuring a European white soap fragrance. The Japanese-made body wash is infused with Nivea cream essence, body milk components, and shea butter for double-rich moisturizing care. Its cream-like rich lather gently cleanses while protecting skin's moisture. The formula provides a refreshing cleanse while leaving skin feeling smooth and hydrated. Perfect for those seeking a moisturizing body wash with a classic European soap scent.</div>\n</div>\n</div>\n</div>\n</div>",https://foryoupiece.com/wp-content/uploads/Instagram-Post-Photoroom-74-2.jpg
OVGISAM1,"Nivea Creme Care Body Wash, French Garden Rose, Refill 360ml","<div class=""mb-md"">\n<div class=""relative default font-sans text-base text-textMain dark:text-textMainDark selection:bg-super/50 selection:text-textMain dark:selection:bg-superDuper/10 dark:selection:text-superDark"">\n<div class=""min-w-0 break-words [word-break:break-word]"">\n<div dir=""auto"">\n<div class=""prose dark:prose-invert inline leading-normal break-words min-w-0 [word-break:break-word]"">This is a refill pack of Nivea Creme Care Body Wash with French Garden Rose fragrance, designed with Nivea's signature skincare concept. The body wash features a double moisturizing formula containing body milk ingredients and shea butter for deep hydration. Its rich, cream-like lather gently cleanses while protecting skin's moisture barrier. The luxurious rose-scented formula is ideal for those seeking a pampering shower experience that leaves skin feeling soft and moisturized. Made in Japan by Kao Corporation.</div>\n</div>\n</div>\n</div>\n</div>",https://foryoupiece.com/wp-content/uploads/Instagram-Post-Photoroom-73-2.jpg
X3UK2541,"Nivea Creme Care Body Wash, Paris Rich Parfum Refill 360ml","<div class=""mb-md"">\n<div class=""relative default font-sans text-base text-textMain dark:text-textMainDark selection:bg-super/50 selection:text-textMain dark:selection:bg-superDuper/10 dark:selection:text-superDark"">\n<div class=""min-w-0 break-words [word-break:break-word]"">\n<div dir=""auto"">\n<div class=""prose dark:prose-invert inline leading-normal break-words min-w-0 [word-break:break-word]"">This is a Nivea Creme Care Body Wash refill pack (360ml) with Paris Rich Parfum fragrance, designed specifically for the Japanese market. The body wash features a double-moisturizing formula containing body milk ingredients (glycerin, diglycerin) and shea butter for deep hydration. Its unique selling point is the rich, creamy lather that cleanses gently while maintaining skin moisture. The product is particularly suitable for those seeking a luxurious bathing experience with lasting hydration and an elegant Parisian fragrance.</div>\n</div>\n</div>\n</div>\n</div>",https://foryoupiece.com/wp-content/uploads/Instagram-Post-Photoroom-71-2.jpg
RY5160WP,"Nivea Creme Care Body Wash, Honey Scent, Refill 360ml","<div class=""mb-md"">\n<div class=""relative default font-sans text-base text-textMain dark:text-textMainDark selection:bg-super/50 selection:text-textMain dark:selection:bg-superDuper/10 dark:selection:text-superDark"">\n<div class=""min-w-0 break-words [word-break:break-word]"">\n<div dir=""auto"">\n<div class=""prose dark:prose-invert inline leading-normal break-words min-w-0 [word-break:break-word]"">This is a refillable Nivea Cream Care Body Wash with Italian Premium Honey fragrance from Japan. The body wash features a double moisturizing formula containing Nivea cream ingredients (lanolin alcohol and glycerin) plus shea butter for deep hydration. It produces rich, creamy lather that cleanses gently while maintaining skin moisture. Though it rinses clean, it leaves skin feeling soft and hydrated. Best suited for those seeking a luxurious, moisturizing body wash with a sweet honey scent for daily use.</div>\n</div>\n</div>\n</div>\n</div>",https://foryoupiece.com/wp-content/uploads/Instagram-Post-Photoroom-72-2.jpg
CO5IMPDA,"Dove Pomegranate & Shea Butter Creamy Body Scrub 298g","<div class=""mb-md"">\n<div class=""relative default font-sans text-base text-textMain dark:text-textMainDark selection:bg-super/50 selection:text-textMain dark:selection:bg-superDuper/10 dark:selection:text-superDark"">\n<div class=""min-w-0 break-words [word-break:break-word]"">\n<div dir=""auto"">\n<div class=""prose dark:prose-invert inline leading-normal break-words min-w-0 [word-break:break-word]"">This Dove Creamy Body Scrub combines pomegranate seeds and shea butter in a whipped cream-like texture. The gentle exfoliating formula contains 1/4 moisturizing cream and natural cleansers that effectively remove dead skin cells while deeply nourishing the skin. With its pH-balanced, sulfate-free formula and sweet pomegranate fragrance, this body polish is particularly suitable for those seeking smooth, radiant skin. Best used 2-3 times weekly, it's especially effective on rough areas like elbows and heels.</div>\n</div>\n</div>\n</div>\n</div>",https://foryoupiece.com/wp-content/uploads/Instagram-Post-Photoroom-70-2.jpg
TMJLWJ9E,"Kao Cape Super Hard Unscented Level 3 Hair Spray 180g","<div class=""mb-md"">\n<div class=""relative default font-sans text-base text-textMain dark:text-textMainDark selection:bg-super/50 selection:text-textMain dark:selection:bg-superDuper/10 dark:selection:text-superDark"">\n<div class=""min-w-0 break-words [word-break:break-word]"">\n<div dir=""auto"">\n<div class=""prose dark:prose-invert inline leading-normal break-words min-w-0 [word-break:break-word]"">Kao Cape Super Hard is a high-performance unscented hairspray from Japan that provides strong, long-lasting hold without making hair stiff or sticky. This level 3 formula effectively controls flyaways and frizz while maintaining style even in rainy or humid conditions. The spray features an easy-to-use lever-type nozzle for precise application. Best suited for those who need reliable all-day hold without fragrance, particularly effective for stubborn hair types or when dealing with challenging weather conditions.</div>\n</div>\n</div>\n</div>\n</div>",https://foryoupiece.com/wp-content/uploads/Instagram-Post-Photoroom-69-2.jpg
C141KF3J,"Kao Cape Super Hard Light Fragrance Level 3 Hair Spray 180g","<div class=""mb-md"">\n<div class=""relative default font-sans text-base text-textMain dark:text-textMainDark selection:bg-super/50 selection:text-textMain dark:selection:bg-superDuper/10 dark:selection:text-superDark"">\n<div class=""min-w-0 break-words [word-break:break-word]"">\n<div dir=""auto"">\n<div class=""prose dark:prose-invert inline leading-normal break-words min-w-0 [word-break:break-word]"">This is a Kao Cape FOR ACTIVE hair spray (180g) from Japan, featuring a light fruity fragrance. It's designed to provide maximum hold without making hair stiff or crunchy. The spray offers superior resistance against humidity, sweat, and oil while maintaining natural movement and volume. The product uses a convenient lever-type nozzle for 360-degree application and produces an ultra-fine mist that doesn't leave white residue. Best suited for those who need long-lasting hold during physical activities or humid conditions while maintaining a natural-looking finish.</div>\n</div>\n</div>\n</div>\n</div>",https://foryoupiece.com/wp-content/uploads/Instagram-Post-Photoroom-68-2.jpg
060X8YK9,"Kao Cape Natural & Keep Unscented Level 2 Hair Spray 180g","<div class=""mb-md"">\n<div class=""relative default font-sans text-base text-textMain dark:text-textMainDark selection:bg-super/50 selection:text-textMain dark:selection:bg-superDuper/10 dark:selection:text-superDark"">\n<div class=""min-w-0 break-words [word-break:break-word]"">\n<div dir=""auto"">\n<div class=""prose dark:prose-invert inline leading-normal break-words min-w-0 [word-break:break-word]"">This is a Japanese hairspray from Kao's Cape line that provides medium-hold styling without stiffness. The green-packaged spray features a fragrance-free formula with polysilicone-9 for soft, natural-looking results while maintaining hairstyles throughout the day. It's equipped with an easy-to-use lever-type button and requires spraying from 20cm distance for optimal application. Best suited for those who want flexible hold with natural movement, especially those sensitive to fragrances or seeking a lightweight styling product.</div>\n</div>\n</div>\n</div>\n</div>",https://foryoupiece.com/wp-content/uploads/Instagram-Post-Photoroom-67-2.jpg
OKWWWGG0,"Kao Cape Soft Light Fragrance Level 1 Hair Spray 180g","<div class=""mb-md"">\n<div class=""relative default font-sans text-base text-textMain dark:text-textMainDark selection:bg-super/50 selection:text-textMain dark:selection:bg-superDuper/10 dark:selection:text-superDark"">\n<div class=""min-w-0 break-words [word-break:break-word]"">\n<div dir=""auto"">\n<div class=""prose dark:prose-invert inline leading-normal break-words min-w-0 [word-break:break-word]"">Kao Cape Soft Hair Spray (Pink) is a Japanese hair styling spray with Level 1 hold strength, designed for those who prefer a natural, non-stiff finish. This 180g aerosol spray features a light fruity fragrance and contains polysilicone-9 for a soft feel. It effectively controls flyaways and frizz while allowing hair to remain touchable and easily restyled with fingers. The spray comes with an easy-to-use lever-type button and is ideal for users seeking light hold with natural movement.</div>\n</div>\n</div>\n</div>\n</div>",https://foryoupiece.com/wp-content/uploads/Instagram-Post-Photoroom-66-2.jpg
5Z726LH6,"Utena Matomage Hair Stick Balm Regular Type","<div class=""mb-md"">\n<div class=""relative default font-sans text-base text-textMain dark:text-textMainDark selection:bg-super/50 selection:text-textMain dark:selection:bg-superDuper/10 dark:selection:text-superDark"">\n<div class=""min-w-0 break-words [word-break:break-word]"">\n<div dir=""auto"">\n<div class=""prose dark:prose-invert inline leading-normal break-words min-w-0 [word-break:break-word]"">The Utena Matomage Hair Styling Stick Regular is a Japanese stick-type hair wax designed to tame flyaway hair and baby hairs without creating a stiff or sticky finish. This compact, portable styling tool allows direct application to hair without getting hands messy. Formulated with camellia oil, argan oil, and baobab oil, it provides a natural hold while adding shine. The fragrance-free formula is particularly effective for updo styles, bangs, and general hair tidying. Best suited for those seeking quick, natural-looking hair control on the go.</div>\n</div>\n</div>\n</div>\n</div>",https://foryoupiece.com/wp-content/uploads/Instagram-Post-Photoroom-2024-11-28T214529.519.jpg
H446UD2T,"&Honey Deep Moist Hand Cream (Moist), Fleur Honey Fragrance, 1.8 oz (50 g)","<div class=""mb-md"">\n<div class=""relative default font-sans text-base text-textMain dark:text-textMainDark selection:bg-super/50 selection:text-textMain dark:selection:bg-superDuper/10 dark:selection:text-superDark"">\n<div class=""min-w-0 break-words [word-break:break-word]"">\n<div dir=""auto"">\n<div class=""prose dark:prose-invert inline leading-normal break-words min-w-0 [word-break:break-word]"">The Utena Matomage Hair Styling Stick Regular is a Japanese stick-type hair wax designed to tame flyaway hair and baby hairs without creating a stiff or sticky finish. This compact, portable styling tool allows direct application to hair without getting hands messy. Formulated with camellia oil, argan oil, and baobab oil, it provides a natural hold while adding shine. The fragrance-free formula is particularly effective for updo styles, bangs, and general hair tidying. Best suited for those seeking quick, natural-looking hair control on the go.</div>\n</div>\n</div>\n</div>\n</div>",https://foryoupiece.com/wp-content/uploads/Instagram-Post-Photoroom-29.jpg
PMN2WO5J,"Kao Cape Natural & Keep Light Fragrance Level 2 Hair Spray 180g","<div class=""mb-md"">\n<div class=""relative default font-sans text-base text-textMain dark:text-textMainDark selection:bg-super/50 selection:text-textMain dark:selection:bg-superDuper/10 dark:selection:text-superDark"">\n<div class=""min-w-0 break-words [word-break:break-word]"">\n<div dir=""auto"">\n<div class=""prose dark:prose-invert inline leading-normal break-words min-w-0 [word-break:break-word]"">Kao Cape Natural &amp; Keep Level 2 Hair Spray is a Japanese styling product designed for those seeking natural-looking hair control. This green-packaged hairspray provides a medium hold that keeps hairstyles in place without stiffness, allowing for natural movement and soft texture. It features a light, sweet fruity fragrance and an easy-to-use lever-type spray mechanism. Perfect for daily styling, it's particularly effective for maintaining gentle waves, side-swept bangs, and casual hairstyles while being humidity-resistant.</div>\n</div>\n</div>\n</div>\n</div>",https://foryoupiece.com/wp-content/uploads/Instagram-Post-Photoroom-2024-11-28T181840.620.jpg
2CNHB81M,"&Honey Deep Moist Hair Pack 1.5","<div class=""mb-md"">\n<div class=""relative default font-sans text-base text-textMain dark:text-textMainDark selection:bg-super/50 selection:text-textMain dark:selection:bg-superDuper/10 dark:selection:text-superDark"">\n<div class=""min-w-0 break-words [word-break:break-word]"">\n<div dir=""auto"">\n<div class=""prose dark:prose-invert inline leading-normal break-words min-w-0 [word-break:break-word]"">The &amp;honey Deep Moist Hair Pack 1.5 is a Japanese hair mask designed for deep hydration and frizz control. This 130g treatment features a unique blend of three honey types (Manuka, Acacia, and Japanese raw honey), 100% organic Moroccan argan oil, and royal jelly. The formula maintains 14% moisture content in hair, higher than conventional treatments. With its signature Etoile honey fragrance, this mask is particularly effective for dry, frizzy, or color-treated hair, making it ideal for those seeking intense moisture and smoothness.</div>\n</div>\n</div>\n</div>\n</div>",https://foryoupiece.com/wp-content/uploads/Instagram-Post-Photoroom-28.jpg
NFJ1NJUU,"TSUBAKI Premium EX Repair Mask Hair Pack 180g","<div class=""mb-md"">\n<div class=""relative default font-sans text-base text-textMain dark:text-textMainDark selection:bg-super/50 selection:text-textMain dark:selection:bg-superDuper/10 dark:selection:text-superDark"">\n<div class=""min-w-0 break-words [word-break:break-word]"">\n<div dir=""auto"">\n<div class=""prose dark:prose-invert inline leading-normal break-words min-w-0 [word-break:break-word]"">The TSUBAKI Premium EX Repair Mask is a premium Japanese hair treatment mask from Fine Today (formerly Shiseido) that delivers instant salon-quality results with zero waiting time. This 180g gold-packaged mask features innovative ion repair technology and CMC complex that penetrates deep into damaged hair shafts, repairing and sealing cuticles. Enriched with Japanese camellia oil, pearl protein, amino acids, and royal jelly, it's ideal for severely damaged, chemically treated, or heat-styled hair, leaving it smooth, moisturized, and lustrous. Best used 1-2 times weekly after regular hair washing.</div>\n</div>\n</div>\n</div>\n</div>",https://foryoupiece.com/wp-content/uploads/Instagram-Post-Photoroom-27.jpg
XYLHFLK6,"&Honey Creamy EX Damage Repair Treatment","<div class=""mb-md"">\n<div class=""relative default font-sans text-base text-textMain dark:text-textMainDark selection:bg-super/50 selection:text-textMain dark:selection:bg-superDuper/10 dark:selection:text-superDark"">\n<div class=""min-w-0 break-words [word-break:break-word]"">\n<div dir=""auto"">\n<div class=""prose dark:prose-invert inline leading-normal break-words min-w-0 [word-break:break-word]"">The &amp;honey Creamy EX Damage Repair Treatment 2.0 is a premium Japanese hair treatment designed for severely damaged hair. This 450g treatment features a unique 5D repair formula that targets five types of damage: heat, friction, UV rays, hair color, and dryness. It contains three types of honey, hyaluronic acid, and royal jelly extract, with over 90% moisturizing ingredients to maintain 14% hair moisture content. The sulfate-free, paraben-free formula has a French berry honey fragrance and is particularly suitable for those with thick, coarse, or heavily damaged hair.</div>\n</div>\n</div>\n</div>\n</div>",https://foryoupiece.com/wp-content/uploads/Instagram-Post-Photoroom-25.jpg
B7RH5SU2,"KOSÉ Je laime Shampoo Treatment Set Straight & Gloss Kikirara Design, 480ml x2","<div class=""mb-md"">\n<div class=""relative default font-sans text-base text-textMain dark:text-textMainDark selection:bg-super/50 selection:text-textMain dark:selection:bg-superDuper/10 dark:selection:text-superDark"">\n<div class=""min-w-0 break-words [word-break:break-word]"">\n<div dir=""auto"">\n<div class=""prose dark:prose-invert inline leading-normal break-words min-w-0 [word-break:break-word]"">This is a limited edition Sanrio collaboration shampoo and treatment set from KOSE's Je l'aime Relax line, featuring Little Twin Stars (Kiki &amp; Lara) design. Released in May 2024, this nighttime hair care set helps control frizz and straighten wavy hair while you sleep. The formula includes silk proteins and a ""silk cap effect"" to protect hair from friction and dryness overnight. With an aromatic jasmine fragrance, it's best suited for those seeking shine and smoothness in unruly hair. Available in two variants: Straight &amp; Rich (for dry hair) and Straight &amp; Gloss (for dull hair).</div>\n</div>\n</div>\n</div>\n</div>",https://foryoupiece.com/wp-content/uploads/Instagram-Post-Photoroom-26.jpg
SPJK3A5T,"&Honey Pixie Moist Silky Tiple Set [Shampoo/Hair Treatment/Hair Pack]","<div class=""mb-md"">\n<div class=""relative default font-sans text-base text-textMain dark:text-textMainDark selection:bg-super/50 selection:text-textMain dark:selection:bg-superDuper/10 dark:selection:text-superDark"">\n<div class=""min-w-0 break-words [word-break:break-word]"">\n<div dir=""auto"">\n<div class=""prose dark:prose-invert inline leading-normal break-words min-w-0 [word-break:break-word]"">The &amp;Honey Pixie Moist Silky Triple Set is a premium Japanese hair care collection featuring a shampoo, treatment, and hair oil. The line's standout feature is its cashmere silk formula combined with three types of honey (Manuka, Citrus, Raw) and golden silk technology. Designed specifically for fine, tangled hair prone to dryness, it provides intense moisture while ensuring silky smoothness. The products contain over 90% moisturizing ingredients and feature a delicate fruity-floral champagne honey fragrance. Best suited for those with thin, easily tangled hair seeking both hydration and lightweight manageability.</div>\n</div>\n</div>\n</div>\n</div>",https://foryoupiece.com/wp-content/uploads/Instagram-Post-Photoroom-24.jpg
PHYP3NPP,"Fino Premium Touch Serum Hair Mask, Intensive Care Shot","<div class=""mb-md"">\n<div class=""relative default font-sans text-base text-textMain dark:text-textMainDark selection:bg-super/50 selection:text-textMain dark:selection:bg-superDuper/10 dark:selection:text-superDark"">\n<div class=""min-w-0 break-words [word-break:break-word]"">\n<div dir=""auto"">\n<div class=""prose dark:prose-invert inline leading-normal break-words min-w-0 [word-break:break-word]"">The Shiseido Fino Premium Touch Hair Mask is a premium Japanese hair treatment featuring six types of hair serum ingredients, including royal jelly, PCA, and lipidure. This concentrated essence mask is designed to repair severely damaged hair from coloring, perming, or heat styling. The thick, creamy formula penetrates deeply to restore moisture, strength, and elasticity while providing intense shine and color protection. Best suited for those with dry, damaged, or color-treated hair seeking salon-quality results at home. The product has a distinctive elegant floral fragrance.</div>\n</div>\n</div>\n</div>\n</div>",https://foryoupiece.com/wp-content/uploads/Instagram-Post-Photoroom-23.jpg
EEJ0RB3U,"Botanist Botanical Hair Balm","<div class=""mb-md"">\n<div class=""relative default font-sans text-base text-textMain dark:text-textMainDark selection:bg-super/50 selection:text-textMain dark:selection:bg-superDuper/10 dark:selection:text-superDark"">\n<div class=""min-w-0 break-words [word-break:break-word]"">\n<div dir=""auto"">\n<div class=""prose dark:prose-invert inline leading-normal break-words min-w-0 [word-break:break-word]"">The Botanist Botanical Hair Balm is a multi-purpose styling balm that transforms into an oil-like texture when warmed. It features a refreshing lemongrass and geranium fragrance and contains 11 amino acids along with natural plant oils for intensive hair repair. The balm provides natural shine, moisture, and texture while doubling as a hand and body cream. Best suited for those seeking natural-looking wet styles, damaged hair repair, or those who prefer botanical-based hair products with a lightweight finish.</div>\n</div>\n</div>\n</div>\n</div>",https://foryoupiece.com/wp-content/uploads/Instagram-Post-Photoroom-2024-11-28T181321.373.jpg
UCKTIS87,"LUCIDO-L Moist Hair Cream 150g","<div class=""mb-md"">\n<div class=""relative default font-sans text-base text-textMain dark:text-textMainDark selection:bg-super/50 selection:text-textMain dark:selection:bg-superDuper/10 dark:selection:text-superDark"">\n<div class=""min-w-0 break-words [word-break:break-word]"">\n<div dir=""auto"">\n<div class=""prose dark:prose-invert inline leading-normal break-words min-w-0 [word-break:break-word]"">LUCIDO-L Designing Tube Hair Cream (Moist) is a Japanese leave-in hair styling cream designed for damaged and frizzy hair. Its non-sticky formula contains hyaluronic acid and panthenol to lock in moisture and tame unruly hair. The cream features UV protection and heat-protect properties to prevent damage from styling tools. With a light stylish green fragrance, it provides a natural, smooth finish without heaviness. Best suited for those with dry, damaged, or hard-to-manage hair who want a lightweight styling product that offers both treatment and styling benefits.</div>\n</div>\n</div>\n</div>\n</div>",https://foryoupiece.com/wp-content/uploads/Instagram-Post-Photoroom-65-2.jpg
TAHHVJXV,"LUCIDO-L Oil Treatment Deep Moist Hair Cream 150g","<div class=""mb-md"">\n<div class=""relative default font-sans text-base text-textMain dark:text-textMainDark selection:bg-super/50 selection:text-textMain dark:selection:bg-superDuper/10 dark:selection:text-superDark"">\n<div class=""min-w-0 break-words [word-break:break-word]"">\n<div dir=""auto"">\n<div class=""prose dark:prose-invert inline leading-normal break-words min-w-0 [word-break:break-word]"">LUCIDO-L Oil Treatment Deep Moist Hair Cream is a leave-in hair treatment featuring ultra-high-pressure processed argan oil that deeply penetrates and repairs damaged hair. This rich cream formula prevents moisture loss, tames frizz, and protects against heat damage while providing UV protection. With a pleasant floral fragrance, it can be applied to both towel-dried or dry hair. Best suited for those with coarse, dry, or damaged hair seeking smoother, more manageable locks. The cream delivers a non-greasy finish while maintaining moisture throughout the day.</div>\n</div>\n</div>\n</div>\n</div>",https://foryoupiece.com/wp-content/uploads/Instagram-Post-Photoroom-2024-11-28T181003.456.jpg
VQGDDXVR,"Kabi Killer Mold Remover, Pack of 3 [Main unit 400g & Refill 400g x2]","<div class=""mb-md"">\n<div class=""relative default font-sans text-base text-textMain dark:text-textMainDark selection:bg-super/50 selection:text-textMain dark:selection:bg-superDuper/10 dark:selection:text-superDark"">\n<div class=""min-w-0 break-words [word-break:break-word]"">\n<div dir=""auto"">\n<div class=""prose dark:prose-invert inline leading-normal break-words min-w-0 [word-break:break-word]"">Kabi Killer is Japan's leading mold removal spray by Johnson. This pack includes one main unit (400g) and two refills (400g each). The product features a powerful penetrating formula that effectively eliminates mold and black mildew from bathroom surfaces, particularly effective on tiles, grout, and rubber seals. It kills 99.9% of bacteria and removes unpleasant odors. Simply spray, wait 5 minutes, and rinse - no scrubbing required. Best suited for bathroom cleaning and maintenance, especially in humid environments.</div>\n</div>\n</div>\n</div>\n</div>",https://foryoupiece.com/wp-content/uploads/Instagram-Post-Photoroom-2024-11-27T022702.960.jpg
0CSP729G,"SALONIA Hair Straightening Pink","<div class=""mb-md"">\n<div class=""relative default font-sans text-base text-textMain dark:text-textMainDark selection:bg-super/50 selection:text-textMain dark:selection:bg-superDuper/10 dark:selection:text-superDark"">\n<div class=""min-w-0 break-words [word-break:break-word]"">\n<div dir=""auto"">\n<div class=""prose dark:prose-invert inline leading-normal break-words min-w-0 [word-break:break-word]"">The SALONIA My Nuance Hair Straightener 24mm in Pink is a 2024 Fall/Winter limited edition hair styling tool from Japan. This ceramic-coated straightener features adjustable temperature settings from 120°C to 230°C, heats up in 30 seconds, and includes negative ion technology for smoother styling. With its 360° swivel cord, auto-shutoff feature, and worldwide voltage compatibility (100-240V), it's ideal for those seeking a reliable, travel-friendly straightener for creating sleek, frizz-free hairstyles. A heat-resistant pouch is included.</div>\n</div>\n</div>\n</div>\n</div>",https://foryoupiece.com/wp-content/uploads/Instagram-Post-Photoroom-2024-11-28T180831.823.jpg
ND29I3PD,"SALONIA 2-Ways Straight Curl Hair Iron Pink 32mm","<div class=""mb-md"">\n<div class=""relative default font-sans text-base text-textMain dark:text-textMainDark selection:bg-super/50 selection:text-textMain dark:selection:bg-superDuper/10 dark:selection:text-superDark"">\n<div class=""min-w-0 break-words [word-break:break-word]"">\n<div dir=""auto"">\n<div class=""prose dark:prose-invert inline leading-normal break-words min-w-0 [word-break:break-word]"">The SALONIA 2-Way Straight &amp; Curl Hair Iron in My Nuance Pink is a versatile hair styling tool featuring a 32mm ceramic-coated barrel that can switch between straightening and curling functions with one touch. The device offers precise temperature control from 100°C to 220°C in 5°C increments, with a digital display. It's equipped with auto-shutoff, 360° swivel cord, and worldwide voltage compatibility (100-240V). Best suited for those seeking an all-in-one styling solution for both straight and curled hairstyles.</div>\n</div>\n</div>\n</div>\n</div>",https://foryoupiece.com/wp-content/uploads/Instagram-Post-Photoroom-2024-11-28T180559.231.jpg
O1MLY0K4,"SALONIA Ceremic Curling Hair Iron","<div class=""mb-md"">\n<div class=""relative default font-sans text-base text-textMain dark:text-textMainDark selection:bg-super/50 selection:text-textMain dark:selection:bg-superDuper/10 dark:selection:text-superDark"">\n<div class=""min-w-0 break-words [word-break:break-word]"">\n<div dir=""auto"">\n<div class=""prose dark:prose-invert inline leading-normal break-words min-w-0 [word-break:break-word]"">The SALONIA MyNuance Ceramic Curling Hair Iron 32mm is a professional-grade styling tool designed for creating soft, natural curls. This versatile curling iron features ceramic-coated plates that prevent snagging, adjustable temperature settings from 100°C to 210°C, and heats up in about 50 seconds. With worldwide voltage compatibility (100V-240V) and safety features like auto-shutoff after 30 minutes, it's ideal for medium to long hair lengths. The 32mm barrel size is perfect for achieving loose, feminine waves while maintaining hair's natural shine.</div>\n</div>\n</div>\n</div>\n</div>",https://foryoupiece.com/wp-content/uploads/Instagram-Post-Photoroom-2024-11-28T180628.420.jpg
8JSPQUTZ,"SALONIA Speedy Ion Dryer, My Nuance Limited Pink","<div class=""mb-md"">\n<div class=""relative default font-sans text-base text-textMain dark:text-textMainDark selection:bg-super/50 selection:text-textMain dark:selection:bg-superDuper/10 dark:selection:text-superDark"">\n<div class=""min-w-0 break-words [word-break:break-word]"">\n<div dir=""auto"">\n<div class=""prose dark:prose-invert inline leading-normal break-words min-w-0 [word-break:break-word]"">The SALONIA Speedy Ion Dryer in My Nuance Pink is a limited edition Fall/Winter 2024 hair dryer featuring a soft, dusty pink colorway. This lightweight, foldable dryer delivers powerful 2.3m³/min airflow that reduces drying time by 30%. It comes with three modes (Turbo, Set, Cool), negative ion technology for hair protection, and a compact design ideal for travel. Best suited for those seeking a stylish, efficient hair dryer that combines aesthetic appeal with practical functionality for daily use.</div>\n</div>\n</div>\n</div>\n</div>",https://foryoupiece.com/wp-content/uploads/Instagram-Post-Photoroom-63-2.jpg
7P5IJYRA,"SALONIA Speedy Ion Dryer, My Nuance Limited Purple","<div class=""mb-md"">\n<div class=""relative default font-sans text-base text-textMain dark:text-textMainDark selection:bg-super/50 selection:text-textMain dark:selection:bg-superDuper/10 dark:selection:text-superDark"">\n<div class=""min-w-0 break-words [word-break:break-word]"">\n<div dir=""auto"">\n<div class=""prose dark:prose-invert inline leading-normal break-words min-w-0 [word-break:break-word]"">The SALONIA Speedy Ion Dryer in My Nuance Purple is a 2024 Fall/Winter limited edition hair dryer from Japan. This lightweight dryer features powerful 2.3m³/min airflow that reduces drying time by 30% compared to previous models. It comes with negative ion technology to reduce hair damage and frizz, plus three mode settings (Turbo, Set, Cool) for versatile styling. The foldable design and soft purple color make it both practical and aesthetically pleasing, ideal for those seeking efficient daily hair care with style.</div>\n</div>\n</div>\n</div>\n</div>",https://foryoupiece.com/wp-content/uploads/Instagram-Post-Photoroom-62-2.jpg
ZLOONOKY,"KOSÉ Clear Turn Ultra Moisturizing Aging Care Mask EX 40 Sheets","<div class=""mb-md"">\n<div class=""relative default font-sans text-base text-textMain dark:text-textMainDark selection:bg-super/50 selection:text-textMain dark:selection:bg-superDuper/10 dark:selection:text-superDark"">\n<div class=""min-w-0 break-words [word-break:break-word]"">\n<div dir=""auto"">\n<div class=""prose dark:prose-invert inline leading-normal break-words min-w-0 [word-break:break-word]"">The KOSE Clear Turn Ultra-Rich Moisturizing Anti-aging Mask EX is a premium Japanese sheet mask that offers 8-in-1 skincare benefits, functioning as a toner, astringent, serum, emulsion, cream, pack, eye mask, and massage treatment. The thick cotton sheet is infused with a milky essence containing coenzyme Q10, argan oil, collagen, and hyaluronic acid. Designed for those concerned with aging signs and visible pores, it deeply moisturizes and supports skin barrier function. Each box contains 40 sheets, making it suitable for daily use.</div>\n</div>\n</div>\n</div>\n</div>",https://foryoupiece.com/wp-content/uploads/Instagram-Post-Photoroom-2024-11-28T175900.659.jpg
XX1IHOR4,"KOSÉ Clear Turn Medicated Skin Whitening Mask 50 Sheets","<div class=""mb-md"">\n<div class=""relative default font-sans text-base text-textMain dark:text-textMainDark selection:bg-super/50 selection:text-textMain dark:selection:bg-superDuper/10 dark:selection:text-superDark"">\n<div class=""min-w-0 break-words [word-break:break-word]"">\n<div dir=""auto"">\n<div class=""prose dark:prose-invert inline leading-normal break-words min-w-0 [word-break:break-word]"">The KOSE Clear Turn Medicated Whitening Skin White Mask is a Japanese all-in-one sheet mask pack containing 50 sheets. It combines six skincare steps: toner, serum, lotion, cream, face mask, and eye mask. The mask contains niacinamide for whitening and anti-spot effects, plus hydrating ingredients like collagen, hyaluronic acid, and astaxanthin to target dry fine lines. Made with a 3-layer natural cotton sheet that adheres well to the skin, it's ideal for daily use by those seeking both brightening and anti-aging benefits in one convenient treatment.</div>\n</div>\n</div>\n</div>\n</div>",https://foryoupiece.com/wp-content/uploads/Instagram-Post-Photoroom-2024-11-28T180057.201.jpg
YT3ERA6I,"KOSÉ Clear Turn Medicated Plump Skin Mask 50 Sheets","<div class=""mb-md"">\n<div class=""relative default font-sans text-base text-textMain dark:text-textMainDark selection:bg-super/50 selection:text-textMain dark:selection:bg-superDuper/10 dark:selection:text-superDark"">\n<div class=""min-w-0 break-words [word-break:break-word]"">\n<div dir=""auto"">\n<div class=""prose dark:prose-invert inline leading-normal break-words min-w-0 [word-break:break-word]"">KOSE Clear Turn Plumping Mask is a Japanese sheet mask pack containing 50 sheets designed to combat fine lines caused by dryness. This all-in-one mask combines six skincare steps: lotion, serum, emulsion, cream, pack, and eye mask. Made with 100% plant-derived Japanese materials, it features retinol derivative, collagen, hyaluronic acid, and astaxanthin for deep hydration. The thick, well-fitting sheet delivers beauty serum deep into the skin's outer layer, making it ideal for daily use on dry, aging-prone skin.</div>\n</div>\n</div>\n</div>\n</div>",https://foryoupiece.com/wp-content/uploads/Instagram-Post-Photoroom-2024-11-28T175542.474.jpg
795BW77V,"KOSÉ Clear Turn Firm Lift Mask EX 40 Sheets","<div class=""mb-md"">\n<div class=""relative default font-sans text-base text-textMain dark:text-textMainDark selection:bg-super/50 selection:text-textMain dark:selection:bg-superDuper/10 dark:selection:text-superDark"">\n<div class=""min-w-0 break-words [word-break:break-word]"">\n<div dir=""auto"">\n<div class=""prose dark:prose-invert inline leading-normal break-words min-w-0 [word-break:break-word]"">KOSÉ Clear Turn Firm Lift Mask EX is a Japanese sheet mask pack containing 40 sheets that delivers intensive firming and moisturizing benefits. Each mask features a unique three-layer cotton structure infused with three types of concentrated collagen and fermentation technology. The all-in-one mask provides 10 skincare functions, including toner, serum, cream, and eye care. Fragrance-free, colorant-free, and mineral oil-free, it's ideal for those concerned with skin firmness, dryness, and fine lines. The thick essence penetrates deeply to create a lifted, tighter-looking complexion with regular use.</div>\n</div>\n</div>\n</div>\n</div>",https://foryoupiece.com/wp-content/uploads/Instagram-Post-Photoroom-2024-11-28T175425.003.jpg
DWDGUZXX,"KOSÉ Clear Turn Japanese Rice Mask EX 40 Sheets","<div class=""mb-md"">\n<div class=""relative default font-sans text-base text-textMain dark:text-textMainDark selection:bg-super/50 selection:text-textMain dark:selection:bg-superDuper/10 dark:selection:text-superDark"">\n<div class=""min-w-0 break-words [word-break:break-word]"">\n<div dir=""auto"">\n<div class=""prose dark:prose-invert inline leading-normal break-words min-w-0 [word-break:break-word]"">KOSÉ Clear Turn Japanese Rice Mask EX is a premium sheet mask infused with five pure Japanese rice-derived extracts, including rice ferment, rice bran, and purple rice. This all-in-one mask combines six skincare steps (toner, serum, emulsion, cream, pack, and eye mask) in one sheet. The ultra-thick cotton mask features a concentrated milky serum that deeply hydrates skin, minimizes visible pores, and improves skin texture. Best suited for those concerned with dryness and visible pores, providing lasting moisture until the next morning.</div>\n</div>\n</div>\n</div>\n</div>",https://foryoupiece.com/wp-content/uploads/Instagram-Post-Photoroom-2024-11-28T175226.832.jpg
ARI8VO4N,"KOSÉ Clear Turn Cica Moist Mask 40 Sheets","<div class=""mb-md"">\n<div class=""relative default font-sans text-base text-textMain dark:text-textMainDark selection:bg-super/50 selection:text-textMain dark:selection:bg-superDuper/10 dark:selection:text-superDark"">\n<div class=""min-w-0 break-words [word-break:break-word]"">\n<div dir=""auto"">\n<div class=""prose dark:prose-invert inline leading-normal break-words min-w-0 [word-break:break-word]"">KOSÉ Clear Turn CICA Moist Mask is a Japanese sheet mask pack containing 40 sheets designed for daily skin care. The mask features Centella Asiatica (CICA) extract, sage oil, and dokudami extract to provide intense hydration and soothe irritated skin. It offers 5-in-1 benefits: toner, astringent, serum, emulsion, and mask functions. Made with hypoallergenic, fragrance-free formula and 100% biomass-derived sheets, it's particularly suitable for those with sensitive skin or experiencing mask-related irritation and dryness.</div>\n</div>\n</div>\n</div>\n</div>",https://foryoupiece.com/wp-content/uploads/Instagram-Post-Photoroom-64-2.jpg
1MA4ILPY,"KOSÉ Clear Turn Eye Mask, 32 sheets","<div class=""mb-md"">\n<div class=""relative default font-sans text-base text-textMain dark:text-textMainDark selection:bg-super/50 selection:text-textMain dark:selection:bg-superDuper/10 dark:selection:text-superDark"">\n<div class=""min-w-0 break-words [word-break:break-word]"">\n<div dir=""auto"">\n<div class=""prose dark:prose-invert inline leading-normal break-words min-w-0 [word-break:break-word]"">KOSÉ Clear Turn Plumping Eye Zone Mask is a Japanese skincare product containing 32 pairs of thin, soft cotton sheets designed for targeted treatment of the eye and mouth areas. The masks feature retinol derivatives, collagen, hyaluronic acid, and astaxanthin to combat dry fine lines and wrinkles. The large-sized sheets adhere firmly to the skin, providing intensive moisture through a sealing effect. Best suited for those concerned about aging signs around eyes and mouth areas, particularly dryness-related fine lines.</div>\n</div>\n</div>\n</div>\n</div>",https://foryoupiece.com/wp-content/uploads/Instagram-Post-Photoroom-2024-11-28T175109.005.jpg
JKSW7CTO,"Sokko Beauty Stem Cells Essential Face Mask Box 30 Sheets","<div class=""mb-md"">\n<div class=""relative default font-sans text-base text-textMain dark:text-textMainDark selection:bg-super/50 selection:text-textMain dark:selection:bg-superDuper/10 dark:selection:text-superDark"">\n<div class=""min-w-0 break-words [word-break:break-word]"">\n<div dir=""auto"">\n<div class=""prose dark:prose-invert inline leading-normal break-words min-w-0 [word-break:break-word]"">Sokko Beauty Stem Cells Essential Face Mask Box is a Japanese sheet mask collection featuring 30 masks with human stem cell culture solution and galactomyces ferment extract. The highly adhesive mask sheets are designed for daily use, providing intensive hydration and anti-aging benefits. Each mask is infused with beauty essence containing growth factors and nourishing ingredients. Best suited for those seeking skin rejuvenation and moisture retention. The box includes a hygienic tweezer for easy mask removal.</div>\n</div>\n</div>\n</div>\n</div>",https://foryoupiece.com/wp-content/uploads/Instagram-Post-Photoroom-2024-11-28T174912.777.jpg
5LJFYHSW,"Curel Intensive Moisture Care, Mositure Cream","<div class=""mb-md"">\n<div class=""relative default font-sans text-base text-textMain dark:text-textMainDark selection:bg-super/50 selection:text-textMain dark:selection:bg-superDuper/10 dark:selection:text-superDark"">\n<div class=""min-w-0 break-words [word-break:break-word]"">\n<div dir=""auto"">\n<div class=""prose dark:prose-invert inline leading-normal break-words min-w-0 [word-break:break-word]"">Curel Intensive Moisture Facial Cream is a Japanese pharmaceutical-grade moisturizer specifically formulated for dry, sensitive skin. This lightweight yet deeply nourishing cream features ceramide-functioning ingredients and eucalyptus extract that penetrate deep into the skin's barrier. The fragrance-free, colorant-free, and alcohol-free formula contains allantoin to prevent skin irritation. Its airy texture absorbs quickly while providing intense hydration, making it ideal for those seeking effective moisturization without heaviness. The cream is particularly suitable for year-round use and can be applied after toner or lotion.</div>\n</div>\n</div>\n</div>\n</div>",https://foryoupiece.com/wp-content/uploads/Instagram-Post-Photoroom-2024-11-28T174409.230.jpg
QC99BTZF,"Curel BB cream","<div class=""mb-md"">\n<div class=""relative default font-sans text-base text-textMain dark:text-textMainDark selection:bg-super/50 selection:text-textMain dark:selection:bg-superDuper/10 dark:selection:text-superDark"">\n<div class=""min-w-0 break-words [word-break:break-word]"">\n<div dir=""auto"">\n<div class=""prose dark:prose-invert inline leading-normal break-words min-w-0 [word-break:break-word]"">Curel BB Cream is a Japanese skincare-makeup hybrid designed specifically for dry and sensitive skin. This 4-in-1 product functions as a makeup primer, foundation, moisturizer, and UV protector (SPF30/PA+++). Featuring ceramide-based ingredients, it effectively covers imperfections like pores, redness, and uneven skin tone while maintaining skin moisture. The lightweight, non-sticky cream provides natural coverage without feeling heavy. Free from fragrances, alcohol, and UV absorbers, it's ideal for those seeking gentle yet effective coverage while treating sensitive skin.</div>\n</div>\n</div>\n</div>\n</div>",https://foryoupiece.com/wp-content/uploads/Instagram-Post-Photoroom-2024-11-28T174624.734.jpg
HTW9XKDP,"Quality 1st The Derma VC100 Mask 30 Sheets","<div class=""mb-md"">\n<div class=""relative default font-sans text-base text-textMain dark:text-textMainDark selection:bg-super/50 selection:text-textMain dark:selection:bg-superDuper/10 dark:selection:text-superDark"">\n<div class=""min-w-0 break-words [word-break:break-word]"">\n<div dir=""auto"">\n<div class=""prose dark:prose-invert inline leading-normal break-words min-w-0 [word-break:break-word]"">Quality 1st The Derma VC100 is a Japanese sheet mask featuring four types of concentrated vitamin C and niacinamide for intensive skin brightening and pore care. The mask uses nanocapsule technology for enhanced ingredient penetration and requires only 3 minutes of application. Free from preservatives, alcohol, and synthetic fragrances, it's ideal for those seeking quick, effective skincare targeting dullness, uneven texture, and enlarged pores. The cotton-based sheet provides excellent adhesion and comes generously soaked in vitamin-rich serum for optimal hydration.</div>\n</div>\n</div>\n</div>\n</div>",https://foryoupiece.com/wp-content/uploads/Instagram-Post-Photoroom-2024-11-27T022507.941.jpg
B2RH8IPW,"Ipoddo Tea Matcha Powder, Hatsu-mukashi 40g Box","<div class=""mb-md"">\n<div class=""relative default font-sans text-base text-textMain dark:text-textMainDark selection:bg-super/50 selection:text-textMain dark:selection:bg-superDuper/10 dark:selection:text-superDark"">\n<div class=""min-w-0 break-words [word-break:break-word]"">\n<div dir=""auto"">\n<div class=""prose dark:prose-invert inline leading-normal break-words min-w-0 [word-break:break-word]"">Hatsu-mukashi is a light, everyday matcha green tea powder from Kyoto's renowned Ippodo Tea Store, established over 300 years ago. This 40g ceremonial-grade matcha features a refreshingly sharp taste profile with distinct bitterness and astringency that creates an invigorating experience. Perfect for both traditional usucha (thin tea) preparation and modern applications like lattes or baking. Its crisp character makes it especially suitable for balancing sweet desserts and for those who appreciate a more straightforward, robust matcha flavor.</div>\n</div>\n</div>\n</div>\n</div>",https://foryoupiece.com/wp-content/uploads/Instagram-Post-Photoroom-21.jpg
QKJSQSIK,"Marukyu Koyamaen Matcha Powder, Aoarashi 40g Can","<div class=""mb-md"">\n<div class=""relative default font-sans text-base text-textMain dark:text-textMainDark selection:bg-super/50 selection:text-textMain dark:selection:bg-superDuper/10 dark:selection:text-superDark"">\n<div class=""min-w-0 break-words [word-break:break-word]"">\n<div dir=""auto"">\n<div class=""prose dark:prose-invert inline leading-normal break-words min-w-0 [word-break:break-word]"">Aoarashi (青嵐) is a ceremonial grade matcha powder produced by Marukyu Koyamaen, a renowned 300-year-old tea company in Uji, Kyoto. The name means ""blue storm,"" reflecting its refreshing character. This entry-level ceremonial matcha offers a light-bodied, smooth taste with mild sweetness, slight nuttiness, and gentle astringency. It's versatile for both traditional usucha (thin tea) preparation and modern applications like lattes or baking. The 40g can maintains freshness and should be stored in a cool, dark place.</div>\n</div>\n</div>\n</div>\n</div>",https://foryoupiece.com/wp-content/uploads/Instagram-Post-Photoroom-22.jpg
10NHW1NJ,"Momori Hair Milk, Non Rinsing Treatment For Soft Hair 100ml","<div class=""mb-md"">\n<div class=""relative default font-sans text-base text-textMain dark:text-textMainDark selection:bg-super/50 selection:text-textMain dark:selection:bg-superDuper/10 dark:selection:text-superDark"">\n<div class=""min-w-0 break-words [word-break:break-word]"">\n<div dir=""auto"">\n<div class=""prose dark:prose-invert inline leading-normal break-words min-w-0 [word-break:break-word]"">Momori Hair Milk is a Japanese leave-in hair treatment specifically designed for fine, soft hair prone to tangles. This lightweight milk-type formula contains peach-derived ingredients including peach extract and peach oil for moisture retention and protection. It offers heat protection for styling tools while maintaining a non-sticky texture that leaves hair smooth and manageable. The product features a gentle peach-floral fragrance and can double as a hand cream. Best suited for those with fine, delicate hair seeking lightweight moisture and detangling benefits.</div>\n</div>\n</div>\n</div>\n</div>",https://foryoupiece.com/wp-content/uploads/Instagram-Post-Photoroom-20.jpg
U5DFKJVT,"ORBIS Essence In Hair Mask 200g","<div class=""mb-md"">\n<div class=""relative default font-sans text-base text-textMain dark:text-textMainDark selection:bg-super/50 selection:text-textMain dark:selection:bg-superDuper/10 dark:selection:text-superDark"">\n<div class=""min-w-0 break-words [word-break:break-word]"">\n<div dir=""auto"">\n<div class=""prose dark:prose-invert inline leading-normal break-words min-w-0 [word-break:break-word]"">ORBIS Essence In Hair Mask is a premium Japanese hair treatment mask designed for weekly deep conditioning. This no-wait rinse-off mask features dual nano-capsule technology that penetrates deep into hair strands, repairing both internal and external damage. With its Essential Booster formula and protein-lipid complex, it transforms damaged, dry hair into salon-like silky, smooth tresses. Perfect for those seeking quick yet effective hair repair without extended waiting time. The fragrance-free formula is especially suitable for damaged, dry hair needing intensive care.</div>\n</div>\n</div>\n</div>\n</div>",https://foryoupiece.com/wp-content/uploads/Instagram-Post-Photoroom-18.jpg
WC39QI6R,"ORBIS Essence In Hair Milk 140g","<div class=""mb-md"">\n<div class=""relative default font-sans text-base text-textMain dark:text-textMainDark selection:bg-super/50 selection:text-textMain dark:selection:bg-superDuper/10 dark:selection:text-superDark"">\n<div class=""min-w-0 break-words [word-break:break-word]"">\n<div dir=""auto"">\n<div class=""prose dark:prose-invert inline leading-normal break-words min-w-0 [word-break:break-word]"">ORBIS Essence In Hair Milk is a leave-in hair treatment from Japan that combines beauty essence and moisturizing milk in one formula. This fragrance-free product contains CMC-like ingredients and 11 amino acids to repair damaged hair from within, while high-retention milk coats the surface to lock in moisture. It features heat-protecting proteins and is ideal for those dealing with frizz, dryness, split ends, and lack of shine. The lightweight, non-sticky formula works well on both damp and dry hair, making it particularly suitable for heat styling.</div>\n</div>\n</div>\n</div>\n</div>",https://foryoupiece.com/wp-content/uploads/Instagram-Post-Photoroom-19.jpg
PBP11T7R,"Coenrich The Premium Medicated Wrinkle White Hand Cream, Floral Scent","<div class=""mb-md"">\n<div class=""relative default font-sans text-base text-textMain dark:text-textMainDark selection:bg-super/50 selection:text-textMain dark:selection:bg-superDuper/10 dark:selection:text-superDark"">\n<div class=""min-w-0 break-words [word-break:break-word]"">\n<div dir=""auto"">\n<div class=""prose dark:prose-invert inline leading-normal break-words min-w-0 [word-break:break-word]"">This is a premium Japanese medicated hand cream from Kose Cosmeport's Coenrich line. The anti-aging formula features coenzyme Q10 and niacinamide as key active ingredients to improve wrinkles and prevent dark spots. The rich, melting texture provides intense moisture without feeling sticky. It contains beauty ingredients like hyaluronic acid, collagen, and royal jelly extract. Best suited for those concerned with aging hands, dryness, and uneven skin tone. The product is fragrance-free and colorant-free in its original version, though a limited osmanthus scented version is also available.</div>\n</div>\n</div>\n</div>\n</div>",https://foryoupiece.com/wp-content/uploads/Instagram-Post-Photoroom-17.jpg
9V2EPZBZ,"Bifesta Micellar Cleansing Water Acne Care 400ml","<div class=""mb-md"">\n<div class=""relative default font-sans text-base text-textMain dark:text-textMainDark selection:bg-super/50 selection:text-textMain dark:selection:bg-superDuper/10 dark:selection:text-superDark"">\n<div class=""min-w-0 break-words [word-break:break-word]"">\n<div dir=""auto"">\n<div class=""prose dark:prose-invert inline leading-normal break-words min-w-0 [word-break:break-word]"">The Bifesta Micellar Cleansing Water Acne Care 400ml is a Japanese no-rinse makeup remover specifically formulated for acne-prone skin. This gentle cleanser uses micellar technology to effectively remove makeup, dirt, and impurities while fighting acne with anti-inflammatory and antibacterial ingredients. It contains penetrating hyaluronic acid for hydration and is free from fragrances, colorants, oils, alcohol, and parabens. The formula is allergy-tested and includes pullulan for skin protection, making it ideal for those seeking a gentle yet effective acne-fighting cleansing solution.</div>\n</div>\n</div>\n</div>\n</div>",https://foryoupiece.com/wp-content/uploads/Instagram-Post-Photoroom-16.jpg
6THTFJIE,"ANESSA All-In-One Beauty Pact Foundation Shade 02 Natural","<div class=""mb-md"">\n<div class=""relative default font-sans text-base text-textMain dark:text-textMainDark selection:bg-super/50 selection:text-textMain dark:selection:bg-superDuper/10 dark:selection:text-superDark"">\n<div class=""min-w-0 break-words [word-break:break-word]"">\n<div dir=""auto"">\n<div class=""prose dark:prose-invert inline leading-normal break-words min-w-0 [word-break:break-word]"">The Anessa All-In-One Beauty Pact is a multi-functional compact foundation from Shiseido Japan that combines three products: UV protection (SPF50+ PA+++), makeup primer, and foundation. Available in two shades, it features Aqua Booster Technology that strengthens UV protection when exposed to water or sweat. The cream-type foundation offers natural coverage with a ceramic-like finish that lasts up to 8 hours. With 50% skincare ingredients and a pleasant citrus fragrance, it's ideal for busy mornings and outdoor activities.</div>\n</div>\n</div>\n</div>\n</div>",https://foryoupiece.com/wp-content/uploads/Instagram-Post-Photoroom-15.jpg
R0VTZFVL,"KISSME Heroine Make Set of 2, Volume Up Mascara & Mascara Remover","<div class=""mb-md"">\n<div class=""relative default font-sans text-base text-textMain dark:text-textMainDark selection:bg-super/50 selection:text-textMain dark:selection:bg-superDuper/10 dark:selection:text-superDark"">\n<div class=""min-w-0 break-words [word-break:break-word]"">\n<div dir=""auto"">\n<div class=""prose dark:prose-invert inline leading-normal break-words min-w-0 [word-break:break-word]"">This is a popular Japanese mascara set from KissMe Heroine Make, featuring their signature Volume Up Super Waterproof Mascara paired with a Speedy Mascara Remover. The mascara delivers dramatic volume and long-lasting curl with superior waterproof performance, enriched with six types of eyelash-nourishing ingredients including camellia oil and royal jelly extract. The companion remover instantly dissolves the waterproof formula without rubbing, making it perfect for those who need their mascara to withstand tears, sweat, and humidity while wanting easy removal at day's end.</div>\n</div>\n</div>\n</div>\n</div>",https://foryoupiece.com/wp-content/uploads/Instagram-Post-Photoroom-14.jpg
Q6YQS3G5,"Yamamoto Kanpo Sugar Off Tea 10gx24 Bags","<div class=""mb-md"">\n<div class=""relative default font-sans text-base text-textMain dark:text-textMainDark selection:bg-super/50 selection:text-textMain dark:selection:bg-superDuper/10 dark:selection:text-superDark"">\n<div class=""min-w-0 break-words [word-break:break-word]"">\n<div dir=""auto"">\n<div class=""prose dark:prose-invert inline leading-normal break-words min-w-0 [word-break:break-word]"">Yamamoto Kanpo Sugar Flow Tea is a Japanese herbal blend designed to help manage blood sugar levels naturally. Each box contains 24 tea bags of 10g each, combining 12 carefully selected ingredients including mulberry leaf, oolong tea, brown rice, barley, and gymnema sylvestre. This low-calorie tea can be enjoyed hot or cold and is particularly suitable for those concerned about sugar intake or looking to support their dietary habits. The tea offers a pleasant, mild flavor that pairs well with meals and provides a convenient way to supplement a health-conscious lifestyle.</div>\n</div>\n</div>\n</div>\n</div>",https://foryoupiece.com/wp-content/uploads/Instagram-Post-Photoroom-13.jpg
9XI7BXEF,"Yamamoto Kanpo Fat Reduce Tea 10gx24 Bags","<div class=""mb-md"">\n<div class=""relative default font-sans text-base text-textMain dark:text-textMainDark selection:bg-super/50 selection:text-textMain dark:selection:bg-superDuper/10 dark:selection:text-superDark"">\n<div class=""min-w-0 break-words [word-break:break-word]"">\n<div dir=""auto"">\n<div class=""prose dark:prose-invert inline leading-normal break-words min-w-0 [word-break:break-word]"">Yamamoto Kanpo Fat Flow Tea is a Japanese health tea blend specifically designed for people who enjoy fatty foods and are concerned about their fat intake. This 24-bag pack contains a carefully selected mixture of 11 natural ingredients including Eucommia leaves, oolong tea, pu-erh tea, green tea extract, barley, and brown rice. The tea can be enjoyed hot or cold, making it versatile year-round. Each tea bag makes approximately 0.9L of tea and is tested for 230 types of residual pesticides.</div>\n</div>\n</div>\n</div>\n</div>",https://foryoupiece.com/wp-content/uploads/Instagram-Post-Photoroom-12.jpg
ST6OYFDB,"Breath Care Mint, 50 Tablets","<div class=""mb-md"">\n<div class=""relative default font-sans text-base text-textMain dark:text-textMainDark selection:bg-super/50 selection:text-textMain dark:selection:bg-superDuper/10 dark:selection:text-superDark"">\n<div class=""min-w-0 break-words [word-break:break-word]"">\n<div dir=""auto"">\n<div class=""prose dark:prose-invert inline leading-normal break-words min-w-0 [word-break:break-word]"">Breath Care Mint by Kobayashi Pharmaceutical is a Japanese breath-freshening supplement in capsule form. Each pack contains 50 mint-flavored capsules designed to refresh breath from inside the stomach rather than just masking mouth odors. The capsules are meant to be swallowed whole with water, particularly after consuming foods with strong odors like garlic or after drinking alcohol. The recommended dosage is 2-3 capsules per use, or 3-4 capsules when stronger freshening is desired. The portable container makes it convenient for on-the-go use.</div>\n</div>\n</div>\n</div>\n</div>",https://foryoupiece.com/wp-content/uploads/Instagram-Post-Photoroom-61-2.jpg
D17515YH,"Febreze Disinfecting and Deodorizing Spray for Cloth 370ml + Febreze Toilet Freshener x2 [Blue Savon & Lavender Scent]","<div class=""mb-md"">\n<div class=""relative default font-sans text-base text-textMain dark:text-textMainDark selection:bg-super/50 selection:text-textMain dark:selection:bg-superDuper/10 dark:selection:text-superDark"">\n<div class=""min-w-0 break-words [word-break:break-word]"">\n<div dir=""auto"">\n<div class=""prose dark:prose-invert inline leading-normal break-words min-w-0 [word-break:break-word]"">This is a special bundle pack of Febreze products featuring their signature W (double-action) fabric spray and toilet fresheners. The fabric spray combines disinfecting and deodorizing properties with 3D penetration technology that reaches deep into fabric fibers, eliminating bacteria and viruses while providing up to 72 hours of protection. The set includes a 370ml fabric spray and two toilet fresheners in Blue Savon and Lavender scents. Perfect for households looking for comprehensive odor control and sanitization for both fabrics and bathroom spaces.</div>\n</div>\n</div>\n</div>\n</div>",https://foryoupiece.com/wp-content/uploads/Instagram-Post-Photoroom-60-2.jpg
H5BZ2HZ3,"Biore Black Friday Set of 5, Hand Soap, Hand Soap Refill, Body Soap, Body Sheet, Fabric Sheet","<div class=""mb-md"">\n<div class=""relative default font-sans text-base text-textMain dark:text-textMainDark selection:bg-super/50 selection:text-textMain dark:selection:bg-superDuper/10 dark:selection:text-superDark"">\n<div class=""min-w-0 break-words [word-break:break-word]"">\n<div dir=""auto"">\n<div class=""prose dark:prose-invert inline leading-normal break-words min-w-0 [word-break:break-word]"">The Biore Black Friday Limited Edition Set is a special holiday bundle featuring essential personal care items from the popular Japanese brand Biore. The set includes hand soap with pump dispenser, hand soap refill, body wash, body cleansing sheets, and fabric freshening sheets. Known for their gentle formulations and effective cleansing properties, these products are perfect for daily hygiene routines. The set makes an excellent gift or personal care starter pack for those who appreciate Japanese skincare quality.</div>\n</div>\n</div>\n</div>\n</div>",https://foryoupiece.com/wp-content/uploads/Instagram-Post-Photoroom-2024-11-27T234745.758.jpg
B7ZVSPJ7,"Coenrich The Premium Medicated Wrinkle White Hand Cream, Peach Scent","<div class=""mb-md"">\n<div class=""relative default font-sans text-base text-textMain dark:text-textMainDark selection:bg-super/50 selection:text-textMain dark:selection:bg-superDuper/10 dark:selection:text-superDark"">\n<div class=""min-w-0 break-words [word-break:break-word]"">\n<div dir=""auto"">\n<div class=""prose dark:prose-invert inline leading-normal break-words min-w-0 [word-break:break-word]"">This is a premium Japanese medicated hand cream by Kose Cosmeport that combines anti-aging and whitening properties. The key ingredient is Coenzyme Q10 along with niacinamide, which helps improve wrinkles and prevent dark spots. It features a rich, non-greasy texture that deeply moisturizes while caring for nails and cuticles. The cream has a fresh peach fragrance and is particularly suitable for those concerned about aging signs on their hands, such as dryness, loss of firmness, and hyperpigmentation. This is a quasi-drug product approved in Japan.</div>\n</div>\n</div>\n</div>\n</div>",https://foryoupiece.com/wp-content/uploads/Instagram-Post-Photoroom-2024-11-27T234945.662.jpg
Z2CYZ3Y3,"The Stem Cell White Face Mask Premium 30 sheets","<div class=""mb-md"">\n<div class=""relative default font-sans text-base text-textMain dark:text-textMainDark selection:bg-super/50 selection:text-textMain dark:selection:bg-superDuper/10 dark:selection:text-superDark"">\n<div class=""min-w-0 break-words [word-break:break-word]"">\n<div dir=""auto"">\n<div class=""prose dark:prose-invert inline leading-normal break-words min-w-0 [word-break:break-word]"">The Stem Cell White Face Mask is a premium Japanese sheet mask set containing 30 pieces. The mask features a unique blend of human and plant stem cell culture solutions, combined with Black Pearl Extract, Fermented Yeast Cell Extract, Hyaluronic Acid, and Nano Collagen. Designed for 5-10 minutes of use after cleansing, it aims to provide deep hydration, improve skin elasticity, and promote a brighter complexion. Best suited for those seeking intensive skin rejuvenation and brightening effects.</div>\n</div>\n</div>\n</div>\n</div>",https://foryoupiece.com/wp-content/uploads/Instagram-Post-Photoroom-11.jpg
5TO9116R,"Coenrich Medicated Whitening Hand Cream Peach Fragrance","<div class=""mb-md"">\n<div class=""relative default font-sans text-base text-textMain dark:text-textMainDark selection:bg-super/50 selection:text-textMain dark:selection:bg-superDuper/10 dark:selection:text-superDark"">\n<div class=""min-w-0 break-words [word-break:break-word]"">\n<div dir=""auto"">\n<div class=""prose dark:prose-invert inline leading-normal break-words min-w-0 [word-break:break-word]"">This is a Japanese medicated hand cream by Kose Cosmeport that combines anti-aging and whitening benefits. The formula features microencapsulated Coenzyme Q10, niacinamide, and three nourishing oils including jojoba and royal jelly. It helps prevent dark spots and sun damage while deeply moisturizing without feeling greasy. The cream has a fresh peach fragrance and is particularly suitable for those concerned with aging hands, dryness, and uneven skin tone. Best for all skin types seeking both hydration and brightening effects.</div>\n</div>\n</div>\n</div>\n</div>",https://foryoupiece.com/wp-content/uploads/Instagram-Post-Photoroom-8.jpg
7WAT5U1H,"Ichikami Premium Hair Treatment Mask, Damage Repair 200g","<div class=""mb-md"">\n<div class=""relative default font-sans text-base text-textMain dark:text-textMainDark selection:bg-super/50 selection:text-textMain dark:selection:bg-superDuper/10 dark:selection:text-superDark"">\n<div class=""min-w-0 break-words [word-break:break-word]"">\n<div dir=""auto"">\n<div class=""prose dark:prose-invert inline leading-normal break-words min-w-0 [word-break:break-word]"">The Ichikami Premium Hair Treatment Mask is a Japanese sulfate-free hair mask designed for damaged hair repair and deep moisturizing. Its unique ""Wrapping System"" technology combines five premium Japanese botanical oils, including rice bran, safflower, and camellia oils, to penetrate deeply into hair strands. The rich, creamy texture provides salon-like results, leaving hair silky smooth and manageable. Best suited for those with dry, damaged, or coarse hair. Features an elegant cherry blossom fragrance and comes in a 200g jar.</div>\n</div>\n</div>\n</div>\n</div>",https://foryoupiece.com/wp-content/uploads/Instagram-Post-Photoroom-10.jpg
I1EOQ7XH,"Marukyu Koyamaen Matcha Powder, Wako 40g Can","<div class=""mb-md"">\n<div class=""relative default font-sans text-base text-textMain dark:text-textMainDark selection:bg-super/50 selection:text-textMain dark:selection:bg-superDuper/10 dark:selection:text-superDark"">\n<div class=""min-w-0 break-words [word-break:break-word]"">\n<div dir=""auto"">\n<div class=""prose dark:prose-invert inline leading-normal break-words min-w-0 [word-break:break-word]"">Wako is a premium ceremonial grade matcha powder produced by Marukyu Koyamaen, one of Japan's most prestigious tea manufacturers from Uji, Kyoto. This 40g can contains a light vibrant green powder characterized by its refreshing aroma and smooth finish. It offers a balanced flavor profile with subtle nutty notes, mild sweetness, and minimal bitterness. Perfect for daily matcha drinkers who prefer a stronger matcha taste, it's excellent for both traditional preparation (usucha) and matcha lattes. The powder maintains freshness for approximately 7 months when properly stored.</div>\n</div>\n</div>\n</div>\n</div>",https://foryoupiece.com/wp-content/uploads/Instagram-Post-Photoroom-7.jpg
4982833105335,"Ipoddo Tea Matcha Powder, Ikuyo-no-mukashi 30g Box","<div class=""mb-md"">\n<div class=""relative default font-sans text-base text-textMain dark:text-textMainDark selection:bg-super/50 selection:text-textMain dark:selection:bg-superDuper/10 dark:selection:text-superDark"">\n<div class=""min-w-0 break-words [word-break:break-word]"">\n<div dir=""auto"">\n<div class=""prose dark:prose-invert inline leading-normal break-words min-w-0 [word-break:break-word]"">Ikuyo-no-mukashi (幾世の昔) is a premium ceremonial grade matcha green tea powder from Ippodo Tea, a renowned 300-year-old Kyoto tea house. This versatile 30g matcha features a smooth, balanced flavor profile with subtle sweetness, gentle umami, and minimal astringency. It's particularly well-suited for beginners and daily matcha drinkers, perfect for both traditional usucha (thin tea) preparation and modern applications like lattes. The powder has a vibrant green color and pairs excellently with both traditional Japanese sweets and contemporary desserts.</div>\n</div>\n</div>\n</div>\n</div>",https://foryoupiece.com/wp-content/uploads/Instagram-Post-Photoroom-5.jpg
7UGN9UO8,"Yoseka Matcha Whisk, Chasen, Tea Ceremony","<div class=""mb-md"">\n<div class=""relative default font-sans text-base text-textMain dark:text-textMainDark selection:bg-super/50 selection:text-textMain dark:selection:bg-superDuper/10 dark:selection:text-superDark"">\n<div class=""min-w-0 break-words [word-break:break-word]"">\n<div dir=""auto"">\n<div class=""prose dark:prose-invert inline leading-normal break-words min-w-0 [word-break:break-word]"">This is a traditional Japanese bamboo matcha whisk (chasen) with 100 tines, specifically designed for preparing matcha green tea. The white bamboo whisk features delicate prongs split from a single piece of bamboo, making it ideal for creating smooth, frothy matcha. Its 100-tine design offers optimal foam creation and is particularly suitable for preparing usucha (thin matcha tea). Perfect for both tea ceremony practitioners and home users, the whisk comes in a protective clear case to maintain its shape when not in use.</div>\n</div>\n</div>\n</div>\n</div>",https://foryoupiece.com/wp-content/uploads/Instagram-Post-Photoroom-4.jpg
C5Z3M76W,"ReFa Heart Brush (Champagne Gold) MTG MTI Hair Brush Gift Present","<div class=""mb-md"">\n<div class=""relative default font-sans text-base text-textMain dark:text-textMainDark selection:bg-super/50 selection:text-textMain dark:selection:bg-superDuper/10 dark:selection:text-superDark"">\n<div class=""min-w-0 break-words [word-break:break-word]"">\n<div dir=""auto"">\n<div class=""prose dark:prose-invert inline leading-normal break-words min-w-0 [word-break:break-word]"">The ReFa Heart Brush is a premium Japanese hair brush with an elegant heart-shaped design. Its innovative three-tier bristle structure simultaneously detangles and polishes hair, leaving it smooth and shiny with minimal damage. The brush features round-tipped pins that gently stimulate the scalp while brushing. It comes with a protective cover for convenient portability. Available in six luxurious colors including Champagne Gold, this brush is perfect for those seeking both style and functionality in their daily hair care routine.</div>\n</div>\n</div>\n</div>\n</div>","https://foryoupiece.com/wp-content/uploads/Instagram-Post-Photoroom-2.jpg, https://foryoupiece.com/wp-content/uploads/Instagram-Post-Photoroom-2.jpg"
R35SCYS8,"Himecoto White Armpit Princess Night Pack, Blackheads on the Armpits and Sleeping Beauty","<div class=""mb-md"">\n<div class=""relative default font-sans text-base text-textMain dark:text-textMainDark selection:bg-super/50 selection:text-textMain dark:selection:bg-superDuper/10 dark:selection:text-superDark"">\n<div class=""min-w-0 break-words [word-break:break-word]"">\n<div dir=""auto"">\n<div class=""prose dark:prose-invert inline leading-normal break-words min-w-0 [word-break:break-word]"">Himecoto White Armpit Princess Night Pack is a Japanese skincare product designed to address underarm discoloration and texture concerns while you sleep. This non-greasy cream contains placenta extract for whitening and glycyrrhizic acid for anti-inflammatory effects. Applied before bedtime, it works overnight to brighten dark areas, reduce melanin production, and moisturize the skin. The lavender and bergamot-scented formula is best suited for those dealing with underarm darkening from shaving or friction, though it may not be suitable for sensitive skin.</div>\n</div>\n</div>\n</div>\n</div>",https://foryoupiece.com/wp-content/uploads/Instagram-Post-Photoroom-3.jpg
TMZ3MB2B,"&Honey Melty Moist Hand Cream (Moisturized), Pink Rose Honey Fragrance, 1.8 oz (50 g)","<div class=""mb-md"">\n<div class=""relative default font-sans text-base text-textMain dark:text-textMainDark selection:bg-super/50 selection:text-textMain dark:selection:bg-superDuper/10 dark:selection:text-superDark"">\n<div class=""min-w-0 break-words [word-break:break-word]"">\n<div dir=""auto"">\n<div class=""prose dark:prose-invert inline leading-normal break-words min-w-0 [word-break:break-word]"">The &amp;honey Melty Moist Hand Cream is a Japanese beauty product featuring a unique blend of three honey types: 50% Manuka honey from New Zealand, 30% rose honey from Bulgaria, and 20% raw honey from Japan. This lightweight formula contains over 90% hydrating ingredients, including argan oil, propolis, and royal jelly. With its delicate pink rose honey fragrance, the cream absorbs quickly without stickiness while brightening skin tone. Best suited for those seeking a non-greasy hand cream with gentle moisturizing properties and a subtle floral-honey scent.</div>\n</div>\n</div>\n</div>\n</div>",https://foryoupiece.com/wp-content/uploads/Instagram-Post-Photoroom-1.jpg
WTR9N0WR,"&Honey Deep Moist Lovely Heart Limited Pair Set (Disney Collaboration)","<div class=""mb-md"">\n<div class=""relative default font-sans text-base text-textMain dark:text-textMainDark selection:bg-super/50 selection:text-textMain dark:selection:bg-superDuper/10 dark:selection:text-superDark"">\n<div class=""min-w-0 break-words [word-break:break-word]"">\n<div dir=""auto"">\n<div class=""prose dark:prose-invert inline leading-normal break-words min-w-0 [word-break:break-word]"">This is a limited edition Disney collaboration hair care set from the Japanese brand &amp;honey. The set features shampoo and treatment bottles adorned with Disney character designs in pink packaging. The products are specifically formulated for dry and unruly hair, containing honey and moisture-retaining ingredients. With a sweet berry-honey fragrance, this hair care system helps control frizz while providing deep hydration. It's particularly suitable for those seeking to achieve smooth, manageable hair with a pleasant sweet scent.</div>\n</div>\n</div>\n</div>\n</div>",https://foryoupiece.com/wp-content/uploads/Instagram-Post-Photoroom-100-1.jpg
GDB1SNH6,"&Honey Pixie Marie-chan Limited Pair Set [Shampoo/Treatment/4step Travel Kit]","<div class=""mb-md"">\n<div class=""relative default font-sans text-base text-textMain dark:text-textMainDark selection:bg-super/50 selection:text-textMain dark:selection:bg-superDuper/10 dark:selection:text-superDark"">\n<div class=""min-w-0 break-words [word-break:break-word]"">\n<div dir=""auto"">\n<div class=""prose dark:prose-invert inline leading-normal break-words min-w-0 [word-break:break-word]"">This is a limited edition Disney Marie-themed hair care set from &amp;honey Pixie, a Japanese beauty brand known for its honey-based formulations. The set includes a shampoo (440ml), treatment (440g), and a travel-sized kit. Featuring cashmere silk formula and three types of honey, it's designed to combat frizz and tangles while providing superior moisture. The product offers a luxurious ""Chantilly Fleur Honey"" fragrance that combines floral notes with honey. Best suited for those seeking smoother, more manageable hair with a silky finish.</div>\n</div>\n</div>\n</div>\n</div>",https://foryoupiece.com/wp-content/uploads/Instagram-Post-Photoroom-99-1.jpg
LMX4LIMD,"&Honey Pixie Moist Silky Sakura Limited Pair Set [Shampoo/Treatment/4 step Travel Kit]","<div class=""mb-md"">\n<div class=""relative default font-sans text-base text-textMain dark:text-textMainDark selection:bg-super/50 selection:text-textMain dark:selection:bg-superDuper/10 dark:selection:text-superDark"">\n<div class=""min-w-0 break-words [word-break:break-word]"">\n<div dir=""auto"">\n<div class=""prose dark:prose-invert inline leading-normal break-words min-w-0 [word-break:break-word]"">This is a limited edition 2024 &amp;Honey Sakura Pixie Moist Silky hair care set featuring a shampoo (440ml) and treatment (440g), plus a 4-step travel kit. The set is designed for those with tangled, dry hair, featuring a sweet Yaezakura honey fragrance. The formula contains three types of honey, organic ingredients, and sakura extracts to provide deep moisture and create silky, manageable hair. The packaging showcases a charming pink sakura design with cat-shaped pump tops, making it both functional and decorative.</div>\n</div>\n</div>\n</div>\n</div>",https://foryoupiece.com/wp-content/uploads/Instagram-Post-Photoroom-98-1.jpg
RG3FHEVS,"Off & Relax Spa Shampoo Treatment, Cherry Blossom Limited Set (260 ml)","<div class=""mb-md"">\n<div class=""relative default font-sans text-base text-textMain dark:text-textMainDark selection:bg-super/50 selection:text-textMain dark:selection:bg-superDuper/10 dark:selection:text-superDark"">\n<div class=""min-w-0 break-words [word-break:break-word]"">\n<div dir=""auto"">\n<div class=""prose dark:prose-invert inline leading-normal break-words min-w-0 [word-break:break-word]"">Off &amp; Relax's Cherry Blossom Limited Set features a shampoo and treatment duo in 260ml bottles. This seasonal product captures the essence of early-blooming cherry blossoms with a sweet, floral scent. The formula contains double cherry blossom extract and sake lees extract to deeply repair damaged hair. It also includes evening primrose seed extract to improve scalp health. This set is ideal for those seeking hair repair and a luxurious, spring-inspired hair care experience.</div>\n</div>\n</div>\n</div>\n</div>",https://foryoupiece.com/wp-content/uploads/Instagram-Post-Photoroom-97-1.jpg
2HNSBPTK,"Botanist Rooth Treatment, Straight, Aging Care","<div class=""mb-md"">\n<div class=""relative default font-sans text-base text-textMain dark:text-textMainDark selection:bg-super/50 selection:text-textMain dark:selection:bg-superDuper/10 dark:selection:text-superDark"">\n<div class=""min-w-0 break-words [word-break:break-word]"">\n<div dir=""auto"">\n<div class=""prose dark:prose-invert inline leading-normal break-words min-w-0 [word-break:break-word]"">BOTANIST ROOTH is a premium Japanese hair care line specifically designed for aging hair concerns. This treatment system features a unique carbonated ginger formula that revitalizes the scalp while providing deep moisturization. The straight variant helps manage frizz and adds shine to mature hair. With a refreshing blend of grapefruit and ginger fragrance, it's particularly suitable for those experiencing age-related hair changes like dryness and loss of luster. The treatment penetrates deeply into the scalp and hair cuticles to restore natural beauty from root to tip.</div>\n</div>\n</div>\n</div>\n</div>",https://foryoupiece.com/wp-content/uploads/Instagram-Post-Photoroom-2024-11-28T174140.930.jpg
V7T97ODK,"Nivea Premium Whitening Body Lotion + Mini Nivea UV Deep Protect & Care","<div class=""mb-md"">\n<div class=""relative default font-sans text-base text-textMain dark:text-textMainDark selection:bg-super/50 selection:text-textMain dark:selection:bg-superDuper/10 dark:selection:text-superDark"">\n<div class=""min-w-0 break-words [word-break:break-word]"">\n<div dir=""auto"">\n<div class=""prose dark:prose-invert inline leading-normal break-words min-w-0 [word-break:break-word]"">The Nivea Premium Whitening Body Milk is a Japanese body lotion designed for those concerned about dryness and dullness. It features vitamin C derivatives to suppress melanin production and prevent dark spots, while the Premium Glow Line ingredients (glycerin, glycogen, and glyceryl glucoside) provide long-lasting moisture with a glossy finish. The formula has a light, non-sticky texture and features an elegant citrus and rose fragrance. Best suited for those seeking brightening effects while maintaining deep hydration. The package includes a mini UV Deep Protect &amp; Care product for comprehensive skin protection.</div>\n</div>\n</div>\n</div>\n</div>",https://foryoupiece.com/wp-content/uploads/Instagram-Post-Photoroom-59-2.jpg
KCOTZVFP,"Diane Botanical Body Milk, Citrus Herb Scent, 500ml","<div class=""mb-md"">\n<div class=""relative default font-sans text-base text-textMain dark:text-textMainDark selection:bg-super/50 selection:text-textMain dark:selection:bg-superDuper/10 dark:selection:text-superDark"">\n<div class=""min-w-0 break-words [word-break:break-word]"">\n<div dir=""auto"">\n<div class=""prose dark:prose-invert inline leading-normal break-words min-w-0 [word-break:break-word]"">Diane Botanical Body Milk is a Japanese-made moisturizing body lotion featuring a refreshing citrus herb fragrance. This 500ml product contains whipped shea butter and botanical ceramides for deep hydration without feeling sticky. Made with over 90% natural ingredients including 10 organic botanical extracts, it's suitable for sensitive skin and family use. The formula is free from sulfates, parabens, synthetic dyes, mineral oils, ethanol, and animal-derived ingredients, making it an ideal choice for those seeking a gentle, natural body care solution.</div>\n</div>\n</div>\n</div>\n</div>",https://foryoupiece.com/wp-content/uploads/Instagram-Post-Photoroom-2024-11-28T154015.712.jpg
52XHYAKS,"Nivea Premium Moisture Body Lotion 190g","<div class=""mb-md"">\n<div class=""relative default font-sans text-base text-textMain dark:text-textMainDark selection:bg-super/50 selection:text-textMain dark:selection:bg-superDuper/10 dark:selection:text-superDark"">\n<div class=""min-w-0 break-words [word-break:break-word]"">\n<div dir=""auto"">\n<div class=""prose dark:prose-invert inline leading-normal break-words min-w-0 [word-break:break-word]"">Nivea Premium Body Milk is a Japanese high-moisture body lotion that comes in several variants including Whitening, Repair, and Moisture. This premium body milk features a lightweight, non-sticky texture while providing intense hydration for all-day moisture retention. It contains premium ingredients like glycerin, glycogen, and vitamin C derivatives. The formula helps maintain skin barrier function and creates a glossy, healthy-looking finish. Best suited for those concerned with dry skin, dullness, or seeking skin brightening effects. Available in an elegant rose and citrus fragrance or unscented versions.</div>\n</div>\n</div>\n</div>\n</div>",https://foryoupiece.com/wp-content/uploads/Instagram-Post-Photoroom-58-2.jpg
DFVOVU88,"Schick Intuition Moist Skin Razor (with Blade)","<div class=""mb-md"">\n<div class=""relative default font-sans text-base text-textMain dark:text-textMainDark selection:bg-super/50 selection:text-textMain dark:selection:bg-superDuper/10 dark:selection:text-superDark"">\n<div class=""min-w-0 break-words [word-break:break-word]"">\n<div dir=""auto"">\n<div class=""prose dark:prose-invert inline leading-normal break-words min-w-0 [word-break:break-word]"">The Schick Intuition Moisturizing Razor is an all-in-one shaving solution featuring a 4-blade pivoting head surrounded by a built-in moisturizing soap bar enriched with shea butter, jojoba oil, and oat extracts. This innovative design eliminates the need for separate shaving gel or cream. The razor includes safety wires for skin protection, a rubber handle for secure grip, and releases a pleasant floral fragrance while shaving. It's particularly well-suited for travelers or those seeking a quick, convenient shaving experience while maintaining skin hydration.</div>\n</div>\n</div>\n</div>\n</div>",https://foryoupiece.com/wp-content/uploads/Instagram-Post-Photoroom-56-2.jpg
8W9A4NMS,"KOSÉ Clear Turn Mask Pore Care Limited Sakura","<div class=""mb-md"">\n<div class=""relative default font-sans text-base text-textMain dark:text-textMainDark selection:bg-super/50 selection:text-textMain dark:selection:bg-superDuper/10 dark:selection:text-superDark"">\n<div class=""min-w-0 break-words [word-break:break-word]"">\n<div dir=""auto"">\n<div class=""prose dark:prose-invert inline leading-normal break-words min-w-0 [word-break:break-word]"">This is a limited edition KOSE Clear Turn Keana Komachi (Pore Care) Sheet Mask with Cherry Blossom scent. The mask features Japanese sakura extract and a dual-action formula combining fermented rice extract and CICA to address both pore concerns and rough skin caused by dryness and excess sebum. The moisturizing essence balances skin's water and oil content to achieve smooth, porcelain-like skin. Designed in collaboration with illustrator yasuna, the packaging depicts a cherry blossom theme. The mask is free from colorants, mineral oils, parabens, UV absorbers, and silicone, making it suitable for those seeking gentle yet effective pore care.</div>\n</div>\n</div>\n</div>\n</div>",https://foryoupiece.com/wp-content/uploads/Instagram-Post-Photoroom-57-2.jpg
XSI7CCRB,"Quality 1st The Derma Mask 30 Sheets","<div class=""mb-md"">\n<div class=""relative default font-sans text-base text-textMain dark:text-textMainDark selection:bg-super/50 selection:text-textMain dark:selection:bg-superDuper/10 dark:selection:text-superDark"">\n<div class=""min-w-0 break-words [word-break:break-word]"">\n<div dir=""auto"">\n<div class=""prose dark:prose-invert inline leading-normal break-words min-w-0 [word-break:break-word]"">The Quality 1st The Derma Mask is a premium Japanese sheet mask set containing 30 pieces. This highly moisturizing facial mask features 4% niacinamide, concentrated galactomyces, 11 amino acids, and 6 types of ceramides. Each mask is generously soaked in essence and designed to provide intense hydration while gently exfoliating the skin. The 3-minute treatment aims to improve skin texture, firmness, and radiance. Best suited for those seeking daily intensive moisture and gentle skin barrier repair.</div>\n</div>\n</div>\n</div>\n</div>",https://foryoupiece.com/wp-content/uploads/Instagram-Post-Photoroom-2024-11-28T154243.307.jpg
KWUOEWTW,"TSUBAKI Premium EX Intensive Repair Shampoo Treatment Set","<div class=""mb-md"">\n<div class=""relative default font-sans text-base text-textMain dark:text-textMainDark selection:bg-super/50 selection:text-textMain dark:selection:bg-superDuper/10 dark:selection:text-superDark"">\n<div class=""min-w-0 break-words [word-break:break-word]"">\n<div dir=""auto"">\n<div class=""prose dark:prose-invert inline leading-normal break-words min-w-0 [word-break:break-word]"">The TSUBAKI Premium EX Intensive Repair Shampoo &amp; Treatment Set is a premium Japanese hair care duo designed for damaged hair repair. The black bottles contain innovative ionic repair technology and luxurious ingredients including camellia oil, royal jelly, and hyaluronic acid. This set penetrates deeply to restore damaged hair, providing intensive moisture and leaving hair smooth and glossy. The formula features a sophisticated rose bouquet and camellia fragrance. Ideal for those with dry, brittle, or chemically-treated hair seeking salon-quality restoration.</div>\n</div>\n</div>\n</div>\n</div>",https://foryoupiece.com/wp-content/uploads/Instagram-Post-Photoroom-52-2.jpg
J3BIZD6Q,"Yamamasa Koyamaen Matcha Powder, Ogurayama 30g Can","Ogurayama is a premium ceremonial grade matcha powder from Yamamasa Koyamaen, a renowned tea producer in Uji, Kyoto. It's a well-balanced usucha (thin tea) with a rich, full-bodied aroma and creamy, sweet flavor profile<span class=""whitespace-nowrap"">.</span> The matcha features mild, delicate notes without excessive bitterness, making it ideal for both beginners and experienced matcha drinkers",https://foryoupiece.com/wp-content/uploads/Instagram-Post-Photoroom-54-2.jpg
5NQ6CGTA,"Yamamasa Koyaemaen Matcha Powder, Shikibu No Mukashi 30g Can","<div class=""mb-md"">\n<div class=""relative default font-sans text-base text-textMain dark:text-textMainDark selection:bg-super/50 selection:text-textMain dark:selection:bg-superDuper/10 dark:selection:text-superDark"">\n<div class=""min-w-0 break-words [word-break:break-word]"">\n<div dir=""auto"">\n<div class=""prose dark:prose-invert inline leading-normal break-words min-w-0 [word-break:break-word]"">Shikibu no Mukashi is a premium ceremonial grade matcha green tea powder produced by Yamamasa Koyamaen, a renowned tea manufacturer in Uji, Kyoto since the Edo period. This 30g can contains high-grade matcha ideal for preparing both usucha (thin tea) and koicha (thick tea). It offers a rich, intensely creamy texture with a deep umami flavor profile and subtle notes of toasted seeds. The matcha has a lingering sweet aftertaste and is particularly well-suited for tea ceremonies and traditional preparation. It's perfect for matcha enthusiasts seeking an authentic, high-quality Japanese tea experience.</div>\n</div>\n</div>\n</div>\n</div>",https://foryoupiece.com/wp-content/uploads/Instagram-Post-Photoroom-53-2.jpg
E597KYA0,"Seria Oil Stain Removal Sheets, Kitchen Cleaning Sheets, 46 Sheets","These are specialized cleaning sheets designed to effectively remove oil and grease stains in the kitchen. Each pack contains 46 disposable sheets that can be used to wipe down oily surfaces, kitchen counters, stovetops, and other kitchen areas. They're convenient for quick cleanup and help maintain kitchen cleanliness by absorbing and removing oil residue.",https://foryoupiece.com/wp-content/uploads/Instagram-Post-Photoroom-55-2.jpg
A4PH710N,"Kao 8x4 Powder Spray, Rose & Verbena Scent 150g","<div class=""mb-md"">\n<div class=""relative default font-sans text-base text-textMain dark:text-textMainDark selection:bg-super/50 selection:text-textMain dark:selection:bg-superDuper/10 dark:selection:text-superDark"">\n<div class=""min-w-0 break-words [word-break:break-word]"">\n<div dir=""auto"">\n<div class=""prose dark:prose-invert inline leading-normal break-words min-w-0 [word-break:break-word]"">The Kao 8x4 Powder Spray in Rose &amp; Verbena scent is a Japanese antiperspirant body spray that provides all-over deodorant protection. This medical-grade product features natural licorice-derived antibacterial BGA (β-glycyrrhetinic acid) and green tea essence for odor control. The formula includes botanical powder that absorbs excess oil, leaving skin feeling fresh and dry. Ideal for underarms, neck, chest, and back areas where sweat and stickiness are concerns. The feminine rose and verbena fragrance offers a delicate botanical aroma.</div>\n</div>\n</div>\n</div>\n</div>",https://foryoupiece.com/wp-content/uploads/Square-Photoroom65-1.jpg
GC36WX4E,"Yamamasa Koyamaen Matcha Powder, Matsukaze 30g Can","<div class=""mb-md"">\n<div class=""relative default font-sans text-base text-textMain dark:text-textMainDark selection:bg-super/50 selection:text-textMain dark:selection:bg-superDuper/10 dark:selection:text-superDark"">\n<div class=""min-w-0 break-words [word-break:break-word]"">\n<div dir=""auto"">\n<div class=""prose dark:prose-invert inline leading-normal break-words min-w-0 [word-break:break-word]"">Matsukaze (松風) is a ceremonial grade matcha green tea powder produced by Yamamasa Koyamaen, a prestigious tea manufacturer from Uji, Kyoto. This entry-level usucha (thin tea) offers a mellow taste with subdued bitterness and astringency, making it exceptionally approachable for daily drinking. Its smooth, well-balanced flavor profile features subtle umami notes with a hint of creaminess. Perfect for traditional tea preparation, culinary use, or as an introduction to authentic Japanese matcha for beginners.</div>\n</div>\n</div>\n</div>\n</div>",https://foryoupiece.com/wp-content/uploads/Square-Photoroom58-1.jpg
MTWB8XE6,"Yamamasa Koyamaen Matcha Powder, Yomo No Kaori 30g Can","<div class=""mb-md"">\n<div class=""relative default font-sans text-base text-textMain dark:text-textMainDark selection:bg-super/50 selection:text-textMain dark:selection:bg-superDuper/10 dark:selection:text-superDark"">\n<div class=""min-w-0 break-words [word-break:break-word]"">\n<div dir=""auto"">\n<div class=""prose dark:prose-invert inline leading-normal break-words min-w-0 [word-break:break-word]"">Yomo No Kaori is a premium ceremonial grade matcha green tea powder produced by Yamamasa Koyamaen, a renowned tea manufacturer from Uji, Kyoto, with roots dating back to the Edo period. This matcha is characterized by its rich, full-bodied aroma and mellow taste with a refreshing finish. The name ""Yomo no Kaori"" (四方の薫) means ""fragrance from all directions,"" reflecting its well-balanced aromatic profile. Best suited for traditional tea ceremony as usucha (thin tea) and also excellent for high-end lattes and sweets. The product comes in a 30g can with an 8-month shelf life and is made from 100% Japanese green tea leaves.</div>\n</div>\n</div>\n</div>\n</div>",https://foryoupiece.com/wp-content/uploads/Square-Photoroom57-1.jpg
4W44HXDP,"Yamamasa Koyamaen Matcha Powder, Samidori 30g Can","<div class=""mb-md"">\n<div class=""relative default font-sans text-base text-textMain dark:text-textMainDark selection:bg-super/50 selection:text-textMain dark:selection:bg-superDuper/10 dark:selection:text-superDark"">\n<div class=""min-w-0 break-words [word-break:break-word]"">\n<div dir=""auto"">\n<div class=""prose dark:prose-invert inline leading-normal break-words min-w-0 [word-break:break-word]"">This is Samidori, a ceremonial grade matcha green tea powder produced by Yamamasa Koyamaen, a prestigious tea manufacturer from Uji, Kyoto, with roots dating back to the Edo period. The 30g can contains a high-quality matcha known for its vibrant green color, smooth taste, and balanced flavor profile with subdued bitterness and astringency. It's particularly well-suited for preparing usucha (thin tea) and is versatile enough for both traditional tea ceremony preparation and modern culinary applications like baking or lattes. This matcha is an excellent choice for both matcha beginners and enthusiasts seeking an authentic Japanese tea experience.</div>\n</div>\n</div>\n</div>\n</div>",https://foryoupiece.com/wp-content/uploads/Square-Photoroom56-1.jpg
RQ87AN27,"Yamamasa Koyamaen Matcha Powder, Samidori 100g Bag","<div class=""mb-md"">\n<div class=""relative default font-sans text-base text-textMain dark:text-textMainDark selection:bg-super/50 selection:text-textMain dark:selection:bg-superDuper/10 dark:selection:text-superDark"">\n<div class=""min-w-0 break-words [word-break:break-word]"">\n<div dir=""auto"">\n<div class=""prose dark:prose-invert inline leading-normal break-words min-w-0 [word-break:break-word]"">Samidori is a ceremonial grade matcha powder produced by Yamamasa Koyamaen, a prestigious tea manufacturer in Uji, Kyoto since the Edo period. This medium-bodied green tea powder offers a balanced flavor profile with reduced bitterness and astringency, making it approachable for both beginners and enthusiasts. It features chocolatey and nutty notes with a creamy texture. Perfect for daily drinking as usucha (thin tea), it's also versatile enough for culinary applications like lattes and sweets.</div>\n</div>\n</div>\n</div>\n</div>",https://foryoupiece.com/wp-content/uploads/Square-Photoroom64-2.jpg
2VFFUKF9,"Yamamasa Koyamaen Matcha Powder, Matsukaze 100g Bag","<div class=""mb-md"">\n<div class=""relative default font-sans text-base text-textMain dark:text-textMainDark selection:bg-super/50 selection:text-textMain dark:selection:bg-superDuper/10 dark:selection:text-superDark"">\n<div class=""min-w-0 break-words [word-break:break-word]"">\n<div dir=""auto"">\n<div class=""prose dark:prose-invert inline leading-normal break-words min-w-0 [word-break:break-word]"">Matsukaze (松風) is a ceremonial-grade matcha powder produced by Yamamasa Koyamaen, a historic tea manufacturer from Uji, Kyoto, established in the Edo period. This entry-level ceremonial matcha offers a balanced profile with mild bitterness, subtle sweetness, and a fresh green tea flavor. While suitable for traditional tea ceremonies and daily drinking, it's also commonly used in cafes and confectionery. The powder is made from 100% Japanese green tea leaves, ground using traditional stone mill techniques, making it ideal for both casual matcha enthusiasts and culinary applications.</div>\n</div>\n</div>\n</div>\n</div>",https://foryoupiece.com/wp-content/uploads/Square-Photoroom63-1.jpg
K0QL48WR,"Yamamasa Koyamaen Matcha Powder, Shikibu No Mukashi 150g Can","<div class=""mb-md"">\n<div class=""relative default font-sans text-base text-textMain dark:text-textMainDark selection:bg-super/50 selection:text-textMain dark:selection:bg-superDuper/10 dark:selection:text-superDark"">\n<div class=""min-w-0 break-words [word-break:break-word]"">\n<div dir=""auto"">\n<div class=""prose dark:prose-invert inline leading-normal break-words min-w-0 [word-break:break-word]"">This is a premium ceremonial grade matcha powder called ""Shikibu No Mukashi"" produced by Yamamasa Koyamaen, a renowned tea manufacturer in Uji, Kyoto. It features a well-balanced harmony of rich umami and delicate sweetness with minimal bitterness, creating a mellow, smooth taste. This matcha is primarily used for tea ceremonies and is considered a high-grade usucha (thin tea), though it can also be enjoyed as koicha (thick tea) at home. The powder has a shelf life of approximately 8 months and comes in a traditional gold-colored metal can.</div>\n</div>\n</div>\n</div>\n</div>",https://foryoupiece.com/wp-content/uploads/Square-Photoroom62-1.jpg
5DTEB44Y,"Marukyu Koyamaen Matcha Powder, Isuzu 40g Can","<div class=""mb-md"">\n<div class=""relative default font-sans text-base text-textMain dark:text-textMainDark selection:bg-super/50 selection:text-textMain dark:selection:bg-superDuper/10 dark:selection:text-superDark"">\n<div class=""min-w-0 break-words [word-break:break-word]"">\n<div dir=""auto"">\n<div class=""prose dark:prose-invert inline leading-normal break-words min-w-0 [word-break:break-word]"">This is Isuzu (五十鈴), a premium ceremonial grade matcha green tea powder produced by Marukyu Koyamaen, a renowned tea company with over 300 years of history in Uji, Kyoto. The matcha features a distinctive profile with a refreshing aroma, astringent taste, and subtle umami flavor with slight bitterness. Named after the Isuzu River near Ise Shrine, this versatile matcha is best prepared slightly diluted and works excellently both as a traditional tea ceremony grade matcha or mixed with milk for lattes and confectionery. The 40g can is designed for optimal freshness preservation and should be stored in a cool, dark place.</div>\n</div>\n</div>\n</div>\n</div>",https://foryoupiece.com/wp-content/uploads/Square-Photoroom55-1.jpg
OYHRIX6J,"Marukyu Koyamaen Matcha Powder, Isuzu 100g Bag","<div class=""mb-md"">\n<div class=""relative default font-sans text-base text-textMain dark:text-textMainDark selection:bg-super/50 selection:text-textMain dark:selection:bg-superDuper/10 dark:selection:text-superDark"">\n<div class=""min-w-0 break-words [word-break:break-word]"">\n<div dir=""auto"">\n<div class=""prose dark:prose-invert inline leading-normal break-words min-w-0 [word-break:break-word]"">Isuzu is a ceremonial grade matcha powder produced by Marukyu Koyamaen, a prestigious tea manufacturer in Uji, Kyoto. This bold matcha is characterized by its sharp, tart amino acids and a balanced profile of refreshing aroma, astringent umami, and slight bitterness. Best suited for making usucha (thin tea) or in lattes and sweetened beverages. For a smoother taste, it can be prepared with lower temperature water (70°C). The powder comes in a 100g bag with a 7-month shelf life.</div>\n</div>\n</div>\n</div>\n</div>",https://foryoupiece.com/wp-content/uploads/Square-Photoroom54-1.jpg
64002JDK,"Ito Kanpo Pharmaceutical Black Oolong Tea 42 Bags","<div class=""mb-md"">\n<div class=""relative default font-sans text-base text-textMain dark:text-textMainDark selection:bg-super/50 selection:text-textMain dark:selection:bg-superDuper/10 dark:selection:text-superDark"">\n<div class=""min-w-0 break-words [word-break:break-word]"">\n<div dir=""auto"">\n<div class=""prose dark:prose-invert inline leading-normal break-words min-w-0 [word-break:break-word]"">This is a premium black oolong tea produced by Ito Kampo Pharmaceutical, a Japanese herbal medicine company. The tea uses 100% Narcissus variety oolong tea leaves sourced from Fujian Province, China. Each box contains 42 tea bags (5g each) that can be prepared through hot brewing, cold brewing, or traditional steeping methods. Known for its clean, refreshing taste, this tea is particularly well-suited to accompany oily or fried foods. It's designed as a daily wellness tea that combines traditional Chinese tea craftsmanship with Japanese quality standards, making it perfect for health-conscious consumers looking for a smooth, full-bodied oolong tea.</div>\n</div>\n</div>\n</div>\n</div>",https://foryoupiece.com/wp-content/uploads/Square-Photoroom53-1.jpg
O9Z4USKE,"Premium Aroma, Simple Modern Velvet Musk, Room Fragrance 400ml","<div class=""mb-md"">\n<div class=""relative default font-sans text-base text-textMain dark:text-textMainDark selection:bg-super/50 selection:text-textMain dark:selection:bg-superDuper/10 dark:selection:text-superDark"">\n<div class=""min-w-0 break-words [word-break:break-word]"">\n<div dir=""auto"">\n<div class=""prose dark:prose-invert inline leading-normal break-words min-w-0 [word-break:break-word]"">This is a premium home air freshener and deodorizer from S.T. Corporation Japan, featuring a sophisticated Velvet Musk fragrance. The product combines oriental floral notes inspired by urban luxury interiors, creating a modern and elegant atmosphere. It contains nanopowder technology that effectively absorbs and breaks down unpleasant odors while releasing a perfume-like scent. The sleek, minimalist black design complements contemporary home décor. With a 400ml capacity, the fragrance typically lasts 2-3 months, making it ideal for living rooms, entrances, and spaces where a refined ambiance is desired.</div>\n</div>\n</div>\n</div>\n</div>",https://foryoupiece.com/wp-content/uploads/Square-Photoroom52-1.jpg
AULBPK5F,"&Honey Sakura Pixie Moist Silky Shampoo Refill","<div class=""mb-md"">\n<div class=""relative default font-sans text-base text-textMain dark:text-textMainDark selection:bg-super/50 selection:text-textMain dark:selection:bg-superDuper/10 dark:selection:text-superDark"">\n<div class=""min-w-0 break-words [word-break:break-word]"">\n<div dir=""auto"">\n<div class=""prose dark:prose-invert inline leading-normal break-words min-w-0 [word-break:break-word]"">The &amp;honey Sakura Pixie Moist Silky Shampoo Refill is a limited edition Japanese hair care product featuring a sweet Yaezakura honey fragrance. This moisturizing shampoo contains over 90% hydrating ingredients, including honey, royal jelly, and Moroccan argan oil. It's specially formulated with cashmere silk components to combat tangling and frizz while maintaining 14% hair moisture content. Best suited for those with dry, tangled, or fine hair, the shampoo aims to deliver a silky, smooth finish from root to tip. The product follows a natural-focused approach with organic ingredients and is free from sulfates, parabens, mineral oils, synthetic antioxidants, and animal testing.</div>\n</div>\n</div>\n</div>\n</div>",https://foryoupiece.com/wp-content/uploads/sg-11134207-7rd6r-lx9da5930rj430-Photoroom66.jpg
H9816PJE,"&Honey Sakura Pixie Moist Silky Treatment Refill","<div class=""mb-md"">\n<div class=""relative default font-sans text-base text-textMain dark:text-textMainDark selection:bg-super/50 selection:text-textMain dark:selection:bg-superDuper/10 dark:selection:text-superDark"">\n<div class=""min-w-0 break-words [word-break:break-word]"">\n<div dir=""auto"">\n<div class=""prose dark:prose-invert inline leading-normal break-words min-w-0 [word-break:break-word]"">The &amp;Honey Sakura Pixie Moist Silky Treatment is a premium Japanese hair treatment refill featuring a cherry blossom (sakura) limited edition design. This moisturizing hair treatment is specially formulated with honey-derived ingredients and cashmere-silk proteins to transform dry, tangled hair into a smooth, silky texture. The product is particularly effective for those with frizzy or unmanageable hair, providing deep hydration and a pleasant sweet cherry blossom honey fragrance. It's part of &amp;Honey's luxury haircare line and is best suited for those seeking intensive moisture and improved hair manageability while enjoying a sophisticated Japanese beauty experience.</div>\n</div>\n</div>\n</div>\n</div>",https://foryoupiece.com/wp-content/uploads/sg-11134207-7rd6r-lx9da5930rj430-Photoroom67.jpg
I4TKVSOT,"[40% Off] Jvature Advanced Brightening Set Full Box Toner 120ml, Serum 50ml, Moisturizer 100ml","The Advanced Brightening Set represents their commitment to clean beauty principles, combining natural ingredients with modern skincare technology. The brand's philosophy centers on ""Radiant Beauty beyond the skin"" and focuses on using precious natural ingredients with proven efficacy. Their products are developed using sustainable natural methods combined with contemporary scientific techniques. The company is based in Songdo, Incheon, South Korea, and emphasizes clean, vegan formulations in their skincare line. Recently collaborated with Japanese market.",https://foryoupiece.com/wp-content/uploads/Square-Photoroom51-1.jpg
DICBSBGK,"&Honey Melty Moist Repair Hair Oil [Beauty and the beast limited edition]","<div class=""mb-md"">\n<div class=""relative default font-sans text-base text-textMain dark:text-textMainDark selection:bg-super/50 selection:text-textMain dark:selection:bg-superDuper/10 dark:selection:text-superDark"">\n<div class=""min-w-0 break-words [word-break:break-word]"">\n<div dir=""auto"">\n<div class=""prose dark:prose-invert inline leading-normal break-words min-w-0 [word-break:break-word]"">This is a limited edition Disney Beauty and the Beast collaboration hair oil from the Japanese brand &amp;honey Melty. The 100ml product features a luxurious formula enriched with three types of honey and rose extracts, designed to provide deep moisture and control frizz while taming wavy or unruly hair. The special La Belle Rose Honey fragrance combines sweet honey with elegant rose notes. The product is particularly effective during humid seasons and helps maintain straight, manageable hair. The bottle showcases an enchanting Beauty and the Beast design, making it both functional and decorative for your vanity.</div>\n</div>\n</div>\n</div>\n</div>",https://foryoupiece.com/wp-content/uploads/sg-11134207-7rd6r-lx9da5930rj430-Photoroom58.jpg
X54PWM7H,"&Honey Deep Moist Hair Oil Pine Amé Limited Edition","<div class=""mb-md"">\n<div class=""relative default font-sans text-base text-textMain dark:text-textMainDark selection:bg-super/50 selection:text-textMain dark:selection:bg-superDuper/10 dark:selection:text-superDark"">\n<div class=""min-w-0 break-words [word-break:break-word]"">\n<div dir=""auto"">\n<div class=""prose dark:prose-invert inline leading-normal break-words min-w-0 [word-break:break-word]"">This is a limited edition hair oil from the Japanese haircare brand &amp;Honey, created in collaboration with Pine Ame (a classic Japanese pineapple candy). The product combines the brand's signature honey-based moisturizing formula with a unique pineapple candy fragrance. The hair oil is designed to combat frizz and dryness while providing deep moisture and shine. It features a special blend of three types of honey for enhanced hydration. The retro-cute packaging design reflects the nostalgic Pine Ame candy aesthetic. Best suited for those seeking intensive moisture treatment for dry, damaged hair while enjoying a sweet, nostalgic scent.</div>\n</div>\n</div>\n</div>\n</div>",https://foryoupiece.com/wp-content/uploads/sg-11134207-7rd6r-lx9da5930rj430-Photoroom53.jpg
GDOTGLFQ,"&Honey Marie Chan Pixie Moist Silky Hair Oil","<div class=""mb-md"">\n<div class=""relative default font-sans text-base text-textMain dark:text-textMainDark selection:bg-super/50 selection:text-textMain dark:selection:bg-superDuper/10 dark:selection:text-superDark"">\n<div class=""min-w-0 break-words [word-break:break-word]"">\n<div dir=""auto"">\n<div class=""prose dark:prose-invert inline leading-normal break-words min-w-0 [word-break:break-word]"">The &amp;Honey Marie Chan Pixie Moist Silky Hair Oil is a limited edition hair treatment featuring Disney's Marie from ""The Aristocats"" in its design. This Japanese hair oil is specially formulated with three types of honey, cashmere silk proteins, and protective ingredients that make up over 90% of the product. It's particularly effective for taming flyaway hair and adding silkiness without feeling heavy. The oil features a sweet floral honey fragrance called ""Shanti Fleur Honey."" Best suited for those with fine, frizzy, or difficult-to-manage hair who want a lightweight, non-greasy solution for smoother, more manageable locks.</div>\n</div>\n</div>\n</div>\n</div>",https://foryoupiece.com/wp-content/uploads/sg-11134207-7rd6r-lx9da5930rj430-Photoroom57.jpg
6IB9GT01,"Nivea Rich Care & Color Sheer Red","<div class=""mb-md"">\n<div class=""relative default font-sans text-base text-textMain dark:text-textMainDark selection:bg-super/50 selection:text-textMain dark:selection:bg-superDuper/10 dark:selection:text-superDark"">\n<div class=""min-w-0 break-words [word-break:break-word]"">\n<div dir=""auto"">\n<div class=""prose dark:prose-invert inline leading-normal break-words min-w-0 [word-break:break-word]"">The Nivea Rich Care &amp; Color Lip in Sheer Red is a Japanese tinted lip balm that combines skincare and color. This 2g stick features a moisturizing formula with three beauty oils (macadamia nut, avocado, and jojoba) for smooth application and nourishment. The sheer red tint provides a natural, glossy finish while enhancing lip color. With SPF20 PA++ protection, it guards against UV damage. The fragrance-free formula is particularly suitable for those seeking daily lip care with a touch of color, especially those with dry or chapped lips who want a natural-looking enhancement.</div>\n</div>\n</div>\n</div>\n</div>",https://foryoupiece.com/wp-content/uploads/Square-Photoroom49-1.jpg
7Y7QW6P7,"Nivea Rich Care & Color French Pink","<div class=""mb-md"">\n<div class=""relative default font-sans text-base text-textMain dark:text-textMainDark selection:bg-super/50 selection:text-textMain dark:selection:bg-superDuper/10 dark:selection:text-superDark"">\n<div class=""min-w-0 break-words [word-break:break-word]"">\n<div dir=""auto"">\n<div class=""prose dark:prose-invert inline leading-normal break-words min-w-0 [word-break:break-word]"">Nivea Rich Care &amp; Color Lip in French Pink is a tinted lip balm that combines moisturizing care with a natural color enhancement. This Japanese product features three beauty oils (macadamia nut, avocado, and jojoba) for deep hydration while providing a subtle coral-pink tint with a glossy finish. The melting texture spreads smoothly on lips, creating a plump, dewy appearance. With SPF20 PA++ protection and fragrance-free formula, it's perfect for those seeking a natural-looking lip product that offers both color and care. Ideal for daily use, especially in professional settings where subtle makeup is preferred.</div>\n</div>\n</div>\n</div>\n</div>",https://foryoupiece.com/wp-content/uploads/Square-Photoroom49-1.jpg
WWF1WOLD,"Canmake Glow Fleur Cheeks 02",,https://foryoupiece.com/wp-content/uploads/Square-Photoroom48-1.jpg
GSIEOCUW,"Canmake Powder Cheeks P02",,https://foryoupiece.com/wp-content/uploads/Square-Photoroom47-1.jpg
B8UY88MY,"Nivea Moist Pure Color Apricot Pink","<div class=""mb-md"">\n<div class=""relative default font-sans text-base text-textMain dark:text-textMainDark selection:bg-super/50 selection:text-textMain dark:selection:bg-superDuper/10 dark:selection:text-superDark"">\n<div class=""min-w-0 break-words [word-break:break-word]"">\n<div dir=""auto"">\n<div class=""prose dark:prose-invert inline leading-normal break-words min-w-0 [word-break:break-word]"">The Nivea Moist Pure Color Lip Balm in Apricot Pink is a Japanese tinted lip balm that combines skincare and subtle color. This 3.5g stick features SPF20 PA++ UV protection and contains key moisturizing ingredients including hyaluronic acid, amino acids, and botanical extracts from Panax ginseng root. The formula includes light-diffusing powder that helps minimize the appearance of vertical lip lines while providing a natural, healthy-looking tint. Best suited for those seeking a moisturizing everyday lip product with subtle color payoff and sun protection. The product is fragrance-free and ideal for creating a natural, healthy-looking finish while treating dry lips.</div>\n</div>\n</div>\n</div>\n</div>",https://foryoupiece.com/wp-content/uploads/Square-Photoroom46-1.jpg
CF6OHCPU,"CANMAKE Cream Cheek M01",,https://foryoupiece.com/wp-content/uploads/Square-Photoroom45-1.jpg
J8HEI3ZQ,"Canmake Mellow Dew Lip Mask 01 Clear Pink","<div class=""mb-md"">\n<div class=""relative default font-sans text-base text-textMain dark:text-textMainDark selection:bg-super/50 selection:text-textMain dark:selection:bg-superDuper/10 dark:selection:text-superDark"">\n<div class=""min-w-0 break-words [word-break:break-word]"">\n<div dir=""auto"">\n<div class=""prose dark:prose-invert inline leading-normal break-words min-w-0 [word-break:break-word]"">The Canmake Mellow Dew Lip Mask in Clear Pink is a fragrance-free intensive moisturizing lip treatment from Japan. This velvety-smooth lip mask melts upon contact with body temperature, creating a dewy protective film that seals in moisture and combats dryness. It comes with a built-in spatula for hygienic application and provides a subtle pink tint. Perfect for overnight intensive conditioning or as a daytime lip primer, it helps soften hard skin, reduce fine lines, and improve lipstick adherence.</div>\n</div>\n</div>\n</div>\n</div>",https://foryoupiece.com/wp-content/uploads/Square-Photoroom61-1.jpg
164OMU7B,"Himecoto Bikini Princess Scrub 35g","<div class=""mb-md"">\n<div class=""relative default font-sans text-base text-textMain dark:text-textMainDark selection:bg-super/50 selection:text-textMain dark:selection:bg-superDuper/10 dark:selection:text-superDark"">\n<div class=""min-w-0 break-words [word-break:break-word]"">\n<div dir=""auto"">\n<div class=""prose dark:prose-invert inline leading-normal break-words min-w-0 [word-break:break-word]"">Himecoto Bikini Princess Scrub is a specialized V-line care product from Japan. This gentle foaming scrub is designed to address darkening and dullness in the bikini area through its unique cream-like texture. The formula contains mannan scrub to catch impurities, absorption powder (kaolin and sodium bicarbonate) for gentle exfoliation of old keratin, and super hyaluronic acid for moisture retention. The product is best suited for those looking to brighten and care for their intimate areas, with recommended use of 1-2 times per week on wet skin. The gentle massage application takes just 10-20 seconds followed by a thorough rinse.</div>\n</div>\n</div>\n</div>\n</div>",https://foryoupiece.com/wp-content/uploads/Square-Photoroom44-1.jpg
6C6B0XYG,"Diane Bonheur Dry Shampoo Mild Scent 120ml","<div class=""mb-md"">\n<div class=""relative default font-sans text-base text-textMain dark:text-textMainDark selection:bg-super/50 selection:text-textMain dark:selection:bg-superDuper/10 dark:selection:text-superDark"">\n<div class=""min-w-0 break-words [word-break:break-word]"">\n<div dir=""auto"">\n<div class=""prose dark:prose-invert inline leading-normal break-words min-w-0 [word-break:break-word]"">Diane Bonheur Dry Shampoo is a Japanese hair and body refreshing mist made with over 98% natural ingredients. This versatile product effectively absorbs excess oil and refreshes both hair and scalp while doubling as a body mist (not for face use). Available in several fragrances including Snow Rose, Blue Jasmine &amp; Mint, Fresh Pear &amp; Mint, and Mild Scent, it's perfect for quick touch-ups between washes. The mild scent version features a subtle mint fragrance, making it ideal for those who prefer lighter scents. Best suited for busy individuals seeking a natural, eco-friendly solution for refreshing their hair and body on the go.</div>\n</div>\n</div>\n</div>\n</div>",https://foryoupiece.com/wp-content/uploads/Square-Photoroom43-1.jpg
GGW7RDD1,"Diane Bonheur Dry Shampoo Snow Rose Scent 120ml","<div class=""mb-md"">\n<div class=""relative default font-sans text-base text-textMain dark:text-textMainDark selection:bg-super/50 selection:text-textMain dark:selection:bg-superDuper/10 dark:selection:text-superDark"">\n<div class=""min-w-0 break-words [word-break:break-word]"">\n<div dir=""auto"">\n<div class=""prose dark:prose-invert inline leading-normal break-words min-w-0 [word-break:break-word]"">The Diane Bonheur Dry Shampoo Snow Rose Scent is a versatile Japanese hair care product that offers a quick refresh solution for both hair and body. This multi-purpose mist features a delicate snow rose fragrance blended with natural ingredients, providing a refreshing sensation similar to post-shampooing. The formula is designed to combat sweat and greasiness while leaving a pleasant floral scent. Perfect for on-the-go touch-ups, gym sessions, or whenever washing isn't immediately possible. It's particularly suitable for those seeking a natural-based dry shampoo with a sophisticated rose fragrance. The product can be used on both hair and body, though it should not be applied to the face.</div>\n</div>\n</div>\n</div>\n</div>",https://foryoupiece.com/wp-content/uploads/Square-Photoroom42-1.jpg
91DKAHQ3,"Pair Acne Cream 24g","<div class=""mb-md"">\n<div class=""relative default font-sans text-base text-textMain dark:text-textMainDark selection:bg-super/50 selection:text-textMain dark:selection:bg-superDuper/10 dark:selection:text-superDark"">\n<div class=""min-w-0 break-words [word-break:break-word]"">\n<div dir=""auto"">\n<div class=""prose dark:prose-invert inline leading-normal break-words min-w-0 [word-break:break-word]"">Lion Pair Acne Cream W is a Japanese over-the-counter acne medication that effectively treats inflammatory acne and pimples through a dual-action formula. Its key active ingredients are ibuprofen piconol (IPPN) for anti-inflammatory effects and isopropyl methylphenol (IPMP) for antibacterial action. The cream becomes transparent upon application, making it suitable for use under makeup. It has a mild plant-based fragrance and a skin-friendly weakly acidic pH. Best suited for treating both white and red acne, particularly effective for inflammatory acne with redness and swelling. The cream is non-sticky, gentle on skin, and can be used multiple times daily after cleansing.</div>\n</div>\n</div>\n</div>\n</div>",https://foryoupiece.com/wp-content/uploads/Square-Photoroom41-1.jpg
Y076954C,"Lululun Exosome Hydra-EX-Mask 7 Sheets","<div class=""mb-md"">\n<div class=""relative default font-sans text-base text-textMain dark:text-textMainDark selection:bg-super/50 selection:text-textMain dark:selection:bg-superDuper/10 dark:selection:text-superDark"">\n<div class=""min-w-0 break-words [word-break:break-word]"">\n<div dir=""auto"">\n<div class=""prose dark:prose-invert inline leading-normal break-words min-w-0 [word-break:break-word]"">The LuLuLun Hydra EX Mask is a Japanese daily anti-aging sheet mask featuring advanced exosome technology and glutathione. This innovative face mask combines regenerative ingredients with deep hydration to address aging concerns like sagging, loss of firmness, and dullness. The mask uses a specially developed ""melty feel"" sheet that adheres comfortably to the skin. Best suited for mature or dry skin types seeking improved elasticity, radiance, and moisture retention. Each mask should be worn for 10-15 minutes as part of a daily skincare routine.</div>\n</div>\n</div>\n</div>\n</div>",https://foryoupiece.com/wp-content/uploads/Square-Photoroom59-1.jpg
RDX8AITC,"LuLuLun Hydra V Mask Vitamin 7 Sheets","<div class=""mb-md"">\n<div class=""relative default font-sans text-base text-textMain dark:text-textMainDark selection:bg-super/50 selection:text-textMain dark:selection:bg-superDuper/10 dark:selection:text-superDark"">\n<div class=""min-w-0 break-words [word-break:break-word]"">\n<div dir=""auto"">\n<div class=""prose dark:prose-invert inline leading-normal break-words min-w-0 [word-break:break-word]"">The Lululun Hydra V Mask is a premium Japanese sheet mask designed for comprehensive skincare. This innovative facial mask features a unique HIFU-inspired stretchable sheet that provides a lifting sensation while delivering intense hydration. Formulated with 7 vitamins and 7 herbal extracts, it targets multiple skin concerns including pore visibility, dryness, and dullness. The mask is particularly effective for those seeking a ""water-glow"" complexion with minimized pores. Each mask contains a generous amount of essence and is designed to adhere upward for a lifting effect. Best suited for those wanting an all-in-one solution for hydration, pore care, and skin firming in a daily-use format.</div>\n</div>\n</div>\n</div>\n</div>",https://foryoupiece.com/wp-content/uploads/Square-Photoroom40-1.jpg
9K44OHWM,"Quality 1st The Derma VC100 + Retinol Mask 7 Sheets","<div class=""mb-md"">\n<div class=""relative default font-sans text-base text-textMain dark:text-textMainDark selection:bg-super/50 selection:text-textMain dark:selection:bg-superDuper/10 dark:selection:text-superDark"">\n<div class=""min-w-0 break-words [word-break:break-word]"">\n<div dir=""auto"">\n<div class=""prose dark:prose-invert inline leading-normal break-words min-w-0 [word-break:break-word]"">The Quality 1st Derma Laser Super Retinol 100 Mask is a Japanese nighttime sheet mask designed for intensive anti-aging care. This premium mask features a high concentration of stabilized retinol and uses unique nanocapsule penetration technology to enhance skin firmness and elasticity. The cotton-derived long-fiber nonwoven sheet provides excellent adhesion and absorption. Free from preservatives, alcohol, synthetic colorants, fragrances, and mineral oils, it takes just 3 minutes to use. Best suited for those concerned with aging signs like fine lines and wrinkles, seeking improved skin texture and firmness. Each package contains 7 masks.</div>\n</div>\n</div>\n</div>\n</div>",https://foryoupiece.com/wp-content/uploads/Square-Photoroom39-1.jpg
RW7ZAJ0N,"Yamamasa Koyamaen Matcha Powder, Tennouzan 30g","<div class=""mb-md"">\n<div class=""relative default font-sans text-base text-textMain dark:text-textMainDark selection:bg-super/50 selection:text-textMain dark:selection:bg-superDuper/10 dark:selection:text-superDark"">\n<div class=""min-w-0 break-words [word-break:break-word]"">\n<div dir=""auto"">\n<div class=""prose dark:prose-invert inline leading-normal break-words min-w-0 [word-break:break-word]"">Tennouzan is a premium ceremonial-grade matcha powder produced by Yamamasa Koyamaen, a renowned tea manufacturer in Uji, Kyoto, with roots dating back to the Edo period. This 30g tin contains their most beloved koicha (thick tea) grade matcha, crafted from young tea leaves that provide a distinctive aroma known as ""mirume ka."" The matcha offers a rich, full-bodied flavor profile featuring notes of dark chocolate, toasted seeds, and roasted coffee, with an intense umami character and the characteristic covered tea fragrance. It's specifically designed for traditional tea ceremonies and is best prepared as a thick tea, though it can also be enjoyed as usucha (thin tea).</div>\n</div>\n</div>\n</div>\n</div>",https://foryoupiece.com/wp-content/uploads/Square-Photoroom37-1.jpg
1WHPOPZO,"Marukyu Koyamaen Matcha Powder, Yugen 20g Can","<div class=""mb-md"">\n<div class=""relative default font-sans text-base text-textMain dark:text-textMainDark selection:bg-super/50 selection:text-textMain dark:selection:bg-superDuper/10 dark:selection:text-superDark"">\n<div class=""min-w-0 break-words [word-break:break-word]"">\n<div dir=""auto"">\n<div class=""prose dark:prose-invert inline leading-normal break-words min-w-0 [word-break:break-word]"">Yugen (又玄) is a high-quality ceremonial grade matcha powder produced by Marukyu Koyamaen, a historic tea grower from Uji, Kyoto with over 300 years of heritage. This 20g tin contains finely stone-ground green tea powder characterized by its refreshing grassy aroma and well-balanced flavor profile combining mild bitterness with umami. It's particularly suitable for preparing usucha (thin tea) and pairs excellently with both Japanese and Western confectionery. While not the highest grade in Marukyu Koyamaen's lineup, Yugen offers an accessible yet authentic matcha experience perfect for daily drinking and casual tea ceremonies.</div>\n</div>\n</div>\n</div>\n</div>",https://foryoupiece.com/wp-content/uploads/Square-Photoroom35-1.jpg
LT0BXRGP,"Maurkyu Koyamaen Matcha Powder, Yugen 40g Can","<div class=""mb-md"">\n<div class=""relative default font-sans text-base text-textMain dark:text-textMainDark selection:bg-super/50 selection:text-textMain dark:selection:bg-superDuper/10 dark:selection:text-superDark"">\n<div class=""min-w-0 break-words [word-break:break-word]"">\n<div dir=""auto"">\n<div class=""prose dark:prose-invert inline leading-normal break-words min-w-0 [word-break:break-word]"">Yugen is a ceremonial grade matcha green tea powder produced by Marukyu Koyamaen, a prestigious tea manufacturer in Uji, Kyoto since 1704. This matcha offers a balanced flavor profile with a fresh, nutty taste, featuring subtle sweetness and a mild bitter aftertaste. It presents a refreshing grassy aroma with light umami notes. Best suited for making usucha (thin tea) and pairs well with both Japanese and Western confectionery. Ideal for daily matcha drinkers seeking a smooth, uncomplicated tea experience.</div>\n</div>\n</div>\n</div>\n</div>",https://foryoupiece.com/wp-content/uploads/Square-Photoroom36-1.jpg
KMH40X0B,"Nestle Milk Tea Stick, 26 Packs","<div class=""mb-md"">\n<div class=""relative default font-sans text-base text-textMain dark:text-textMainDark selection:bg-super/50 selection:text-textMain dark:selection:bg-superDuper/10 dark:selection:text-superDark"">\n<div class=""min-w-0 break-words [word-break:break-word]"">\n<div dir=""auto"">\n<div class=""prose dark:prose-invert inline leading-normal break-words min-w-0 [word-break:break-word]"">Nestle Fragrant Mellow Milk Tea is a convenient instant tea product featuring 26 individual stick sachets. Each stick contains a perfect blend of black tea extract and creamy milk powder that creates a smooth, aromatic milk tea when mixed with hot or cold water. The beverage offers a balanced sweetness with a rich tea fragrance and velvety texture. Perfect for those seeking a quick, consistent cup of Japanese-style milk tea at home or work. Each serving contains 32 calories and provides a comforting, mellow taste experience.</div>\n</div>\n</div>\n</div>\n</div>",https://foryoupiece.com/wp-content/uploads/Square-Photoroom21-2.jpg
DNDI5114,"Nissin MCT Oil HC 90g","<div class=""mb-md"">\n<div class=""relative default font-sans text-base text-textMain dark:text-textMainDark selection:bg-super/50 selection:text-textMain dark:selection:bg-superDuper/10 dark:selection:text-superDark"">\n<div class=""min-w-0 break-words [word-break:break-word]"">\n<div dir=""auto"">\n<div class=""prose dark:prose-invert inline leading-normal break-words min-w-0 [word-break:break-word]"">Nissin MCT Oil HC 90g is a functional food product from Japan containing 100% medium-chain triglycerides (MCT). This clear, tasteless, and odorless oil is specifically designed for those with higher BMI to help reduce body fat, visceral fat, and waist circumference during daily activities. Each 2g serving contains 1.6g of MCTs (1.2g octanoic acid, 0.4g decanoic acid). The oil can be easily added to coffee, yogurt, smoothies, soups, or salads but should not be used for cooking. Perfect for those seeking weight management support or quick energy conversion.</div>\n</div>\n</div>\n</div>\n</div>",https://foryoupiece.com/wp-content/uploads/Square-Photoroom38-1.jpg
N7ZHX1CL,"Kobayashi Eyebon W Vitamin Premium Eyewash 500ml","<div class=""mb-md"">\n<div class=""relative default font-sans text-base text-textMain dark:text-textMainDark selection:bg-super/50 selection:text-textMain dark:selection:bg-superDuper/10 dark:selection:text-superDark"">\n<div class=""min-w-0 break-words [word-break:break-word]"">\n<div dir=""auto"">\n<div class=""prose dark:prose-invert inline leading-normal break-words min-w-0 [word-break:break-word]"">Kobayashi Eyebon W Vitamin Premium is a Japanese medicated eye wash solution with a distinctive pink color due to its vitamin B12 content. This preservative-free formula contains maximum allowable concentrations of three vitamins (B6, B12, and E) plus amino acids. The solution is specifically designed for contact lens users to wash away dirt, dust, and protein buildup after removing lenses. It helps relieve eye discomfort, fatigue, and irritation while promoting eye health through its anti-inflammatory, antihistamine, and corneal protective ingredients. The 500ml bottle comes with a specially designed upward-facing eye cup for thorough eye cleansing.</div>\n</div>\n</div>\n</div>\n</div>",https://foryoupiece.com/wp-content/uploads/Square-Photoroom34-1.jpg
KPMWPCAF,"Yanagiya Hair Tonic 240ml","<div class=""mb-md"">\n<div class=""relative default font-sans text-base text-textMain dark:text-textMainDark selection:bg-super/50 selection:text-textMain dark:selection:bg-superDuper/10 dark:selection:text-superDark"">\n<div class=""min-w-0 break-words [word-break:break-word]"">\n<div dir=""auto"">\n<div class=""prose dark:prose-invert inline leading-normal break-words min-w-0 [word-break:break-word]"">Yanagiya Hair Tonic 240ml is a long-standing Japanese hair care product from a company established in 1615. This green-colored tonic contains natural plant extracts and medicinal ingredients like dipotassium glycyrrhizinate, vitamin E, and menthol. It's designed to prevent hair loss, promote hair growth, and maintain scalp health by improving blood circulation and preventing dandruff and itchiness. The formula features a refreshing mint sensation and comes in various versions including fragrance-free and citrus scent. Best suited for those concerned with hair thinning, scalp care, and maintaining healthy hair growth. The product has been a trusted brand in Japan since 1952.</div>\n</div>\n</div>\n</div>\n</div>",https://foryoupiece.com/wp-content/uploads/Square-Photoroom33-1.jpg
39LR0KR4,"Naturie Hatomugi Skin Conditioner Limited Edition Free Bottle 500ml","<div class=""mb-md"">\n<div class=""relative default font-sans text-base text-textMain dark:text-textMainDark selection:bg-super/50 selection:text-textMain dark:selection:bg-superDuper/10 dark:selection:text-superDark"">\n<div class=""min-w-0 break-words [word-break:break-word]"">\n<div dir=""auto"">\n<div class=""prose dark:prose-invert inline leading-normal break-words min-w-0 [word-break:break-word]"">This is the popular Naturie Hatomugi Skin Conditioner in its 500ml size, alongside a special Moomin collaboration bottle. This Japanese skincare product is a bestselling toner made with coix seed (hatomugi) extract, known for its moisturizing and skin-conditioning properties. The formula is fragrance-free, oil-free, alcohol-free, and hypoallergenic, making it suitable for all skin types. It can be used as a daily toner, face mask when applied with cotton pads, or as a body moisturizer. The product is particularly effective for those seeking hydration without heaviness, and helps with uneven skin tone and maintaining skin barrier function.</div>\n</div>\n</div>\n</div>\n</div>",https://foryoupiece.com/wp-content/uploads/Square-Photoroom32-1.jpg
EL7S8YUB,"KUNDAL Premium Shampoo Treatment Set, Cherry Blossom, 500ml","<div class=""mb-md"">\n<div class=""relative default font-sans text-base text-textMain dark:text-textMainDark selection:bg-super/50 selection:text-textMain dark:selection:bg-superDuper/10 dark:selection:text-superDark"">\n<div class=""min-w-0 break-words [word-break:break-word]"">\n<div dir=""auto"">\n<div class=""prose dark:prose-invert inline leading-normal break-words min-w-0 [word-break:break-word]"">KUNDAL Honey &amp; Macadamia Shampoo and Treatment Set is a premium Korean haircare duo featuring naturally-derived ingredients. The set includes a sulfate-free shampoo and protein treatment enriched with honey extract and macadamia oil. The formula contains 44 natural plant extracts and uses plant-derived surfactants to gently cleanse while maintaining scalp health. It's suitable for all hair types, including color-treated hair, and provides deep moisturizing and strengthening benefits. The products come in various signature fragrances created by professional perfumers, offering a spa-like experience. Best suited for those seeking natural ingredients and lasting hair fragrance.</div>\n</div>\n</div>\n</div>\n</div>",https://foryoupiece.com/wp-content/uploads/Square-Photoroom19-2.jpg
TLCVK239,"&Honey Winne the Pooh Pixie Moist Silky Set of 3 [Shampoo/Treatment/Conditioner]","<div class=""mb-md"">\n<div class=""relative default font-sans text-base text-textMain dark:text-textMainDark selection:bg-super/50 selection:text-textMain dark:selection:bg-superDuper/10 dark:selection:text-superDark"">\n<div class=""min-w-0 break-words [word-break:break-word]"">\n<div dir=""auto"">\n<div class=""prose dark:prose-invert inline leading-normal break-words min-w-0 [word-break:break-word]"">This is a limited edition Winnie the Pooh themed hair care set from the Japanese brand &amp;Honey Pixie. The Moist Silky line features a unique blend of three premium honey types (50% Manuka, 30% Italian citrus, 20% raw honey), combined with argan oil and hyaluronic acid. The set is specially formulated for fine, tangled, or damaged hair, providing intense hydration and silk-like smoothness. The formula contains over 90% moisturizing and protective ingredients, including cashmere silk proteins and keratin. It's particularly effective for those with frizzy or difficult-to-manage hair, leaving strands soft and manageable with a natural honey fragrance.</div>\n</div>\n</div>\n</div>\n</div>",https://foryoupiece.com/wp-content/uploads/sg-11134207-7rd6r-lx9da5930rj430-Photoroom70.jpg
8KAXWUZT,"&Honey Deep Moist Pine Amé Set [Shampoo/Treatment/4 Step Travel Kits]","<div class=""mb-md"">\n<div class=""relative default font-sans text-base text-textMain dark:text-textMainDark selection:bg-super/50 selection:text-textMain dark:selection:bg-superDuper/10 dark:selection:text-superDark"">\n<div class=""min-w-0 break-words [word-break:break-word]"">\n<div dir=""auto"">\n<div class=""prose dark:prose-invert inline leading-normal break-words min-w-0 [word-break:break-word]"">This limited edition &amp;Honey Deep Moist Pine Amé Set is a Japanese hair care collaboration between &amp;Honey and Pine Amé candy brand, launching July 17, 2024. The set includes a 440ml shampoo, 445g treatment, and a travel kit with shampoo, treatment, hair oil, and body wash samples. Featuring three types of honey for intense moisture, it's designed for dry, frizzy hair. The products have a unique sweet-tangy ""Pine Amé Honey"" fragrance that combines pineapple candy and honey notes in retro-inspired packaging.</div>\n</div>\n</div>\n</div>\n</div>",https://foryoupiece.com/wp-content/uploads/sg-11134207-7rd6r-lx9da5930rj430-Photoroom54.jpg
2F5MD0DO,"Dove Body Wash Shea Butter & Vanilla Refill Pack","<div class=""mb-md"">\n<div class=""relative default font-sans text-base text-textMain dark:text-textMainDark selection:bg-super/50 selection:text-textMain dark:selection:bg-superDuper/10 dark:selection:text-superDark"">\n<div class=""min-w-0 break-words [word-break:break-word]"">\n<div dir=""auto"">\n<div class=""prose dark:prose-invert inline leading-normal break-words min-w-0 [word-break:break-word]"">This Dove Body Wash Shea Butter &amp; Vanilla Refill Pack is a premium moisturizing body cleanser featuring high-concentration shea butter and a vanilla fragrance. The formula contains instant-penetrating moisture milk technology and triple ceramides that maintain skin hydration long after bathing. With its rich, creamy lather and skin-nourishing ingredients, it's especially suitable for those seeking intensive moisture during dry winter months. The body wash creates a luxurious bathing experience with its warm vanilla and shea butter scent while protecting the skin's natural moisture barrier. Perfect for those with dry or sensitive skin looking for deep hydration.</div>\n</div>\n</div>\n</div>\n</div>",https://foryoupiece.com/wp-content/uploads/Square-Photoroom27-1.jpg
X60O8K6J,"Diane Extra Night Repair Shampoo 450ml","<div class=""mb-md"">\n<div class=""relative default font-sans text-base text-textMain dark:text-textMainDark selection:bg-super/50 selection:text-textMain dark:selection:bg-superDuper/10 dark:selection:text-superDark"">\n<div class=""min-w-0 break-words [word-break:break-word]"">\n<div dir=""auto"">\n<div class=""prose dark:prose-invert inline leading-normal break-words min-w-0 [word-break:break-word]"">Diane Extra Night Repair Shampoo is a Japanese haircare product designed for overnight deep repair of damaged hair. This silicone-free formula contains organic argan oil, night repair keratin, and silk amino acids to nourish and restore hair while you sleep. With a soothing midnight berry fragrance, it's ideal for those with dry, frizzy, or chemically-treated hair. The shampoo is part of a series that includes a matching treatment and hair mask, offering comprehensive care for stressed tresses.</div>\n</div>\n</div>\n</div>\n</div>",https://foryoupiece.com/wp-content/uploads/Square-Photoroom30-1.jpg
J06NQREJ,"KUNDAL Hair Treatment, Baby Powder, 500ml","<div class=""mb-md"">\n<div class=""relative default font-sans text-base text-textMain dark:text-textMainDark selection:bg-super/50 selection:text-textMain dark:selection:bg-superDuper/10 dark:selection:text-superDark"">\n<div class=""min-w-0 break-words [word-break:break-word]"">\n<div dir=""auto"">\n<div class=""prose dark:prose-invert inline leading-normal break-words min-w-0 [word-break:break-word]"">KUNDAL Honey &amp; Macadamia Protein Treatment in Baby Powder scent is a Korean premium hair treatment that deeply moisturizes and nourishes damaged hair. The formula contains 4,000 ppm of honey and macadamia, along with 29 natural ingredients and 6 vegetable oils for comprehensive hair care. Its ultra-gentle formula features a signature baby powder fragrance that provides a soft, clean, and warm cotton scent that lasts throughout the day. Best suited for all hair types, particularly those seeking deep hydration and repair. The treatment leaves hair silky soft, manageable, and beautifully scented while helping to seal moisture in the hair cuticle.</div>\n</div>\n</div>\n</div>\n</div>",https://foryoupiece.com/wp-content/uploads/Square-Photoroom28-1.jpg
M7X2I6RY,"Diane Deep Night Moist Treatment 450g","<div class=""mb-md"">\n<div class=""relative default font-sans text-base text-textMain dark:text-textMainDark selection:bg-super/50 selection:text-textMain dark:selection:bg-superDuper/10 dark:selection:text-superDark"">\n<div class=""min-w-0 break-words [word-break:break-word]"">\n<div dir=""auto"">\n<div class=""prose dark:prose-invert inline leading-normal break-words min-w-0 [word-break:break-word]"">The Diane Deep Night Moist Treatment is a premium Japanese hair treatment designed for deep moisturizing and repair. This 450ml bottle features a luxurious formula enriched with organic argan oil, five types of ceramides, and moisturizing keratin complex. The treatment effectively tackles frizz, repairs damage, and provides intense hydration while managing unruly waves. It leaves hair silky-smooth with a pleasant Moonlight Berry fragrance combining fresh fruits and gentle florals. This product is particularly suitable for those with dry, damaged, or thick hair that needs extra moisture and manageability. The distinctive emerald quilted bottle design adds an elegant touch to any bathroom counter.</div>\n</div>\n</div>\n</div>\n</div>",https://foryoupiece.com/wp-content/uploads/Square-Photoroom29-1.jpg
UZI2FKLU,"&Honey Gel Body Wash Winnie the Pooh Limited Edition","<div class=""mb-md"">\n<div class=""relative default font-sans text-base text-textMain dark:text-textMainDark selection:bg-super/50 selection:text-textMain dark:selection:bg-superDuper/10 dark:selection:text-superDark"">\n<div class=""min-w-0 break-words [word-break:break-word]"">\n<div dir=""auto"">\n<div class=""prose dark:prose-invert inline leading-normal break-words min-w-0 [word-break:break-word]"">This is a limited edition Winnie the Pooh-themed body wash from the Japanese brand &amp;Honey, featuring a cute hand-drawn Pooh design on the packaging. The body wash uses a special ""Honey Gel Formula"" that combines propolis extract, honey-derived cleansing ingredients, and raw honey for gentle cleansing while maintaining skin moisture. It has a unique ""Märchen Honey"" fragrance that blends floral notes with honey sweetness. The product is particularly suitable for those seeking a moisturizing body wash that leaves skin soft and hydrated while enjoying a whimsical Disney-themed bath experience.</div>\n</div>\n</div>\n</div>\n</div>",https://foryoupiece.com/wp-content/uploads/sg-11134207-7rd6r-lx9da5930rj430-Photoroom56.jpg
4C4DJIJL,"Kikumasamune High Moisture Sake Skincare Lotion 500ml","<div class=""mb-md"">\n<div class=""relative default font-sans text-base text-textMain dark:text-textMainDark selection:bg-super/50 selection:text-textMain dark:selection:bg-superDuper/10 dark:selection:text-superDark"">\n<div class=""min-w-0 break-words [word-break:break-word]"">\n<div dir=""auto"">\n<div class=""prose dark:prose-invert inline leading-normal break-words min-w-0 [word-break:break-word]"">Kikumasamune High Moist Sake Lotion is a Japanese hydrating toner made by a traditional sake brewery. This 500ml pink-bottled product contains sake (rice ferment filtrate), ceramides, amino acids, arbutin, and placenta extract. The lightweight, slightly viscous formula provides deep hydration and brightening effects while helping improve skin texture. It features a mild sake scent that dissipates quickly after application. Best suited for those seeking intense moisture, dealing with dryness, or wanting to achieve brighter skin. Can be used on both face and body, and works particularly well as a hydrating mask when applied with cotton pads.</div>\n</div>\n</div>\n</div>\n</div>",https://foryoupiece.com/wp-content/uploads/Square-Photoroom26-1.jpg
XOI7TRTL,"Neo Vita White C Plus 240 Tablets","<div class=""mb-md"">\n<div class=""relative default font-sans text-base text-textMain dark:text-textMainDark selection:bg-super/50 selection:text-textMain dark:selection:bg-superDuper/10 dark:selection:text-superDark"">\n<div class=""min-w-0 break-words [word-break:break-word]"">\n<div dir=""auto"">\n<div class=""prose dark:prose-invert inline leading-normal break-words min-w-0 [word-break:break-word]"">Neo Vita White C Plus is a Type 3 over-the-counter medicine from Kokando Pharmaceutical in Japan, designed to address skin pigmentation concerns like freckles, spots, and sunburn-induced discoloration. Each daily dose (6 tablets) contains 1000mg Vitamin C, 240mg L-cysteine, 50mg Vitamin E, and B-complex vitamins. The formula works by inhibiting melanin production while promoting collagen synthesis and skin metabolism. The combination of L-cysteine activates skin metabolism, Vitamin E improves blood circulation, and B vitamins regulate sebaceous gland function. Best suited for adults seeking internal support for skin brightening and those needing vitamin C supplementation during physical fatigue, pregnancy, or recovery periods.</div>\n</div>\n</div>\n</div>\n</div>",https://foryoupiece.com/wp-content/uploads/Square-Photoroom18-2.jpg
ZY83WHZQ,"Shiseido Pure White 240 Tablets","<div class=""mb-md"">\n<div class=""relative default font-sans text-base text-textMain dark:text-textMainDark selection:bg-super/50 selection:text-textMain dark:selection:bg-superDuper/10 dark:selection:text-superDark"">\n<div class=""min-w-0 break-words [word-break:break-word]"">\n<div dir=""auto"">\n<div class=""prose dark:prose-invert inline leading-normal break-words min-w-0 [word-break:break-word]"">Shiseido Pure White is a premium Japanese whitening supplement designed to promote skin radiance and clarity. Each bottle contains 240 tablets for a 30-day supply, with a recommended dosage of 8 tablets daily. The formula features carefully selected oriental beauty ingredients, including goji berry extract, palm oil, lychee seed extract, pearl barley, and chrysanthemum extract, plus 500mg of Vitamin C and Vitamin E. This supplement is particularly beneficial for those frequently exposed to UV rays, individuals seeking improved skin transparency, and those wanting to maintain youthful-looking skin. The tablets help prevent freckles and maintain healthy, translucent skin while supporting overall skin beauty from within.</div>\n</div>\n</div>\n</div>\n</div>",https://foryoupiece.com/wp-content/uploads/Square-Photoroom25-1.jpg
P0MFM2ZI,"Lucido-L Argan Rich Oil Hair Treatment Water 170ml","<div class=""mb-md"">\n<div class=""relative default font-sans text-base text-textMain dark:text-textMainDark selection:bg-super/50 selection:text-textMain dark:selection:bg-superDuper/10 dark:selection:text-superDark"">\n<div class=""min-w-0 break-words [word-break:break-word]"">\n<div dir=""auto"">\n<div class=""prose dark:prose-invert inline leading-normal break-words min-w-0 [word-break:break-word]"">This Lucido-L Argan Rich Oil Hair Treatment Water is a Japanese leave-in hair treatment spray that combines argan oil in a lightweight water-based formula. The product features UV protection and heat protection properties, making it ideal for heat styling. It instantly moisturizes hair while providing a non-greasy, smooth finish. The formula is designed to restore shine to dull and frizzy hair while keeping it tangle-free. With its feather-light texture and light floral fragrance, this treatment is best suited for those seeking manageable, shiny hair without heavy residue. It can be used on both damp or dry hair for styling and maintenance.</div>\n</div>\n</div>\n</div>\n</div>",https://foryoupiece.com/wp-content/uploads/Square-Photoroom24-1.jpg
WHY237RP,"SHISEIDO SPF50+ PA+++ Sun Care Perfect UV Protection S 50ml","The sunscreen provides high protection with SPF 50+ PA++++ rating and becomes more effective when exposed to water or perspiration for 15 minutes through its WetForce technology<span class=""whitespace-nowrap"">.</span> While it may leave a slight white cast due to its mineral-based formulation, this is a normal characteristic of physical sunscreens that are generally considered safer for children's sensitive skin\n\n&nbsp;",https://foryoupiece.com/wp-content/uploads/Square-Photoroom23-1.jpg
PM6YR5LH,"Melano CC Whitening Gel 100g","<div class=""mb-md"">\n<div class=""relative default font-sans text-base text-textMain dark:text-textMainDark selection:bg-super/50 selection:text-textMain dark:selection:bg-superDuper/10 dark:selection:text-superDark"">\n<div class=""min-w-0 break-words [word-break:break-word]"">\n<div dir=""auto"">\n<div class=""prose dark:prose-invert inline leading-normal break-words min-w-0 [word-break:break-word]"">Melano CC Whitening Gel is a Japanese quasi-drug moisturizing gel designed to combat hyperpigmentation and acne. The key active ingredients include Vitamin C derivative (L-Ascorbic Acid 2-Glucoside) to suppress melanin production, Vitamin E derivative for blood circulation, and Dipotassium Glycyrrhizate for anti-inflammation. This lightweight gel features a refreshing citrus scent and can be used as a moisturizer after toner or essence. It's particularly effective for those concerned with dark spots, freckles, and post-acne marks. The gel absorbs quickly without leaving sticky residue and can be used on both face and body, especially after sun exposure.</div>\n</div>\n</div>\n</div>\n</div>",https://foryoupiece.com/wp-content/uploads/Square-Photoroom22-1.jpg
7GPM0VY9,"White Conc Whitening Body Pack, 100g","<div class=""mb-md"">\n<div class=""relative default font-sans text-base text-textMain dark:text-textMainDark selection:bg-super/50 selection:text-textMain dark:selection:bg-superDuper/10 dark:selection:text-superDark"">\n<div class=""min-w-0 break-words [word-break:break-word]"">\n<div dir=""auto"">\n<div class=""prose dark:prose-invert inline leading-normal break-words min-w-0 [word-break:break-word]"">White Conc Whitening Body Pack CⅡ is a Japanese medicated body whitening treatment mask with a grapefruit scent. This in-shower pack contains placenta extract, dual collagen, triple hyaluronic acid, and vitamin C for intensive brightening and moisturizing effects. Simply apply to wet skin during bathing and rinse off. It's particularly effective for targeting dark areas like elbows, knees, underarms, and décolletage. The pack helps prevent melanin production, reduces dark spots, and provides deep hydration while improving skin texture. Best suited for those looking to achieve brighter, more even-toned body skin with minimal effort.</div>\n</div>\n</div>\n</div>\n</div>",https://foryoupiece.com/wp-content/uploads/Square-Photoroom21-1.jpg
8Q7VTZID,"Senka Perfect Whip Cleansing Foam, White Clay, BT21 Collaboration, 120g","<div class=""mb-md"">\n<div class=""relative default font-sans text-base text-textMain dark:text-textMainDark selection:bg-super/50 selection:text-textMain dark:selection:bg-superDuper/10 dark:selection:text-superDark"">\n<div class=""min-w-0 break-words [word-break:break-word]"">\n<div dir=""auto"">\n<div class=""prose dark:prose-invert inline leading-normal break-words min-w-0 [word-break:break-word]"">This is a special BT21 collaboration edition of SENKA Perfect Whip White Clay facial cleanser from Japan. The 120g foam cleanser features white clay and activated charcoal to effectively remove stubborn blackheads, dead skin cells, and pore-clogging impurities. Its unique micro beauty foam technology provides gentle yet thorough cleansing while maintaining skin moisture. The product is especially suitable for those concerned with visible pores, blackheads, and dull skin who want a deep cleansing experience without drying out their skin.</div>\n</div>\n</div>\n</div>\n</div>",https://foryoupiece.com/wp-content/uploads/Square-Photoroom20-1.jpg
8X3OI3AS,"ELIXIR Enriched Wrinkle White Cream 15g","<div class=""mb-md"">\n<div class=""relative default font-sans text-base text-textMain dark:text-textMainDark selection:bg-super/50 selection:text-textMain dark:selection:bg-superDuper/10 dark:selection:text-superDark"">\n<div class=""min-w-0 break-words [word-break:break-word]"">\n<div dir=""auto"">\n<div class=""prose dark:prose-invert inline leading-normal break-words min-w-0 [word-break:break-word]"">The ELIXIR Enriched Wrinkle White Cream is a Japanese quasi-drug skincare product by Shiseido designed for both wrinkle improvement and skin brightening. This dual-action cream contains pure retinol that boosts hyaluronic acid production and improves skin elasticity, while m-tranexamic acid works to prevent dark spots and freckles. With a pleasant aqua floral scent, the cream is specifically formulated for targeted application around the eyes, mouth, and other areas prone to wrinkles. Best suited for those seeking anti-aging and brightening benefits in one product, it should be applied as the final step in skincare routines, morning and night, using a pearl-sized amount.</div>\n</div>\n</div>\n</div>\n</div>",https://foryoupiece.com/wp-content/uploads/Square-Photoroom19-1.jpg
8DNMIW0F,"&Honey Tinkerbell Melty Moist Repair Hair Oil","<div class=""mb-md"">\n<div class=""relative default font-sans text-base text-textMain dark:text-textMainDark selection:bg-super/50 selection:text-textMain dark:selection:bg-superDuper/10 dark:selection:text-superDark"">\n<div class=""min-w-0 break-words [word-break:break-word]"">\n<div dir=""auto"">\n<div class=""prose dark:prose-invert inline leading-normal break-words min-w-0 [word-break:break-word]"">The &amp;Honey Tinkerbell Melty Moist Repair Hair Oil is a Japanese hair treatment oil designed for wavy and curly hair types. This product features a unique formula with 14% moisture content and contains a blend of three types of honey (Manuka, acacia, and raw honey), royal jelly extract, and argan oil. The lightweight oil effectively smooths away frizz and dryness while providing intense hydration without feeling heavy. It has a delicate shower rose honey scent enhanced with Bulgarian damask rose water. Best suited for those with dry, damaged, or unruly hair seeking moisture and manageability. The product comes in a charming Tinkerbell-themed packaging as part of a limited Disney collaboration.</div>\n</div>\n</div>\n</div>\n</div>",https://foryoupiece.com/wp-content/uploads/sg-11134207-7rd6r-lx9da5930rj430-Photoroom69.jpg
LI51CZGA,"Nail Nail Support Na 6ml","<div class=""mb-md"">\n<div class=""relative default font-sans text-base text-textMain dark:text-textMainDark selection:bg-super/50 selection:text-textMain dark:selection:bg-superDuper/10 dark:selection:text-superDark"">\n<div class=""min-w-0 break-words [word-break:break-word]"">\n<div dir=""auto"">\n<div class=""prose dark:prose-invert inline leading-normal break-words min-w-0 [word-break:break-word]"">The BCL Nail Support Na is a Japanese nail strengthening treatment that functions as both a base and top coat. This quick-drying formula contains diamond powder and five moisturizing ingredients to create a protective barrier that reinforces weak, brittle, or splitting nails. The clear coating provides a glossy finish while preventing breakage and peeling. Key features include a reinforcing polymer coating, crystal polymers for shine, and moisturizing ingredients like silk extract and panthenol. It's particularly beneficial for those with weak nails, those taking a break from gel manicures, or anyone looking to grow stronger, healthier natural nails.</div>\n</div>\n</div>\n</div>\n</div>",https://foryoupiece.com/wp-content/uploads/Square-Photoroom18-1.jpg
QJNBQUUC,"Dove Body Scrub Sakura & Musk Scent 298g","<div class=""mb-md"">\n<div class=""relative default font-sans text-base text-textMain dark:text-textMainDark selection:bg-super/50 selection:text-textMain dark:selection:bg-superDuper/10 dark:selection:text-superDark"">\n<div class=""min-w-0 break-words [word-break:break-word]"">\n<div dir=""auto"">\n<div class=""prose dark:prose-invert inline leading-normal break-words min-w-0 [word-break:break-word]"">This Dove Body Scrub in Sakura &amp; Musk scent is a creamy-textured exfoliating scrub that gently removes dead skin cells while deeply moisturizing. The whipped cream-like texture contains Dove's signature moisturizing formula with 1/4 moisturizing cream that penetrates deep into the skin layers. The scrub features a delicate blend of cherry blossom and musk fragrance, creating a relaxing bathing experience. Winner of @cosme magazine's 2024 award, this 298g scrub is particularly suitable for those seeking gentle exfoliation and hydration, especially on rough areas like elbows and heels. Recommended for use twice weekly on damp skin.</div>\n</div>\n</div>\n</div>\n</div>",https://foryoupiece.com/wp-content/uploads/Square-Photoroom17-1.jpg
QVJBKO5O,"Dove Body Scrub Osmanthus Scent 298g","<div class=""mb-md"">\n<div class=""relative default font-sans text-base text-textMain dark:text-textMainDark selection:bg-super/50 selection:text-textMain dark:selection:bg-superDuper/10 dark:selection:text-superDark"">\n<div class=""min-w-0 break-words [word-break:break-word]"">\n<div dir=""auto"">\n<div class=""prose dark:prose-invert inline leading-normal break-words min-w-0 [word-break:break-word]"">This limited edition Dove Body Scrub features a sweet osmanthus (kinmokusei) fragrance, popular during Japanese autumn. The product has a whipped cream-like texture that gently exfoliates with silica beads while providing deep moisturization through its milk-based formula. The creamy scrub contains vitamin E derivatives and moisturizing ingredients that penetrate deep into the skin's surface layers. Best suited for those seeking gentle exfoliation with intense hydration, it can be used on the entire body except face. The osmanthus scent offers a soothing, aromatic bathing experience typical of Japanese seasonal skincare products.</div>\n</div>\n</div>\n</div>\n</div>",https://foryoupiece.com/wp-content/uploads/Square-Photoroom16-1.jpg
4B09NXMR,"Botanist Shampoo, Scalp Cleanse 460ml","<div class=""mb-md"">\n<div class=""relative default font-sans text-base text-textMain dark:text-textMainDark selection:bg-super/50 selection:text-textMain dark:selection:bg-superDuper/10 dark:selection:text-superDark"">\n<div class=""min-w-0 break-words [word-break:break-word]"">\n<div dir=""auto"">\n<div class=""prose dark:prose-invert inline leading-normal break-words min-w-0 [word-break:break-word]"">Botanist Shampoo Deep Cleanse is a premium Japanese hair care product that focuses on scalp health and natural ingredients. This silicone-free formula features a refreshing lime and green leaf fragrance, containing 88% naturally-derived ingredients including white birch extract, rosemary leaf extract, and nanoized plant-based components. The shampoo effectively cleanses while maintaining moisture balance, making it ideal for those seeking a deep clean without stripping the scalp. It's particularly suitable for people with oily scalps or those wanting a thorough yet gentle cleanse. The eco-friendly packaging reflects the brand's commitment to sustainability.</div>\n</div>\n</div>\n</div>\n</div>",https://foryoupiece.com/wp-content/uploads/Square-Photoroom14-1.jpg
EIC2BLRV,"Matsukiyo Body Milky Rose Scent 400ml","<div class=""mb-md"">\n<div class=""relative default font-sans text-base text-textMain dark:text-textMainDark selection:bg-super/50 selection:text-textMain dark:selection:bg-superDuper/10 dark:selection:text-superDark"">\n<div class=""min-w-0 break-words [word-break:break-word]"">\n<div dir=""auto"">\n<div class=""prose dark:prose-invert inline leading-normal break-words min-w-0 [word-break:break-word]"">This Matsukiyo Body Milk is a gentle, weakly acidic body moisturizer with a rose fragrance. The 400ml lotion contains high-moisture ingredients including petroleum jelly, shea butter, honey, and peach leaf extract. It effectively hydrates and protects skin from dryness while maintaining skin's natural pH balance. The lightweight, non-sticky formula is suitable for daily use and gentle enough for sensitive skin. Its pleasant rose scent and moisturizing properties make it ideal for those seeking basic yet effective body care.</div>\n</div>\n</div>\n</div>\n</div>",https://foryoupiece.com/wp-content/uploads/Square-Photoroom15-1.jpg
C8NQB0K7,"Propolinse Mouthwash, Sakura Chiikawa Edition","<div class=""mb-md"">\n<div class=""relative default font-sans text-base text-textMain dark:text-textMainDark selection:bg-super/50 selection:text-textMain dark:selection:bg-superDuper/10 dark:selection:text-superDark"">\n<div class=""min-w-0 break-words [word-break:break-word]"">\n<div dir=""auto"">\n<div class=""prose dark:prose-invert inline leading-normal break-words min-w-0 [word-break:break-word]"">This is a limited-edition Propolinse mouthwash featuring Chiikawa character designs in a pink sakura (cherry blossom) variant. It's a unique Japanese oral care product that visibly binds and removes protein-based mouth debris. The alcohol-free formula has a gentle, sweet cherry blossom flavor, making it suitable for children and those with sensitive mouths. This collaboration product combines the popular Chiikawa characters with Propolinse's effective cleaning technology, containing natural ingredients like propolis extract and green tea for dental hygiene and breath freshening.</div>\n</div>\n</div>\n</div>\n</div>",https://foryoupiece.com/wp-content/uploads/Square-Photoroom13-1.jpg
PX7WH1HH,"&Honey Deep Moist Treatment Refill 350g","<div class=""mb-md"">\n<div class=""relative default font-sans text-base text-textMain dark:text-textMainDark selection:bg-super/50 selection:text-textMain dark:selection:bg-superDuper/10 dark:selection:text-superDark"">\n<div class=""min-w-0 break-words [word-break:break-word]"">\n<div dir=""auto"">\n<div class=""prose dark:prose-invert inline leading-normal break-words min-w-0 [word-break:break-word]"">The &amp;Honey Deep Moist Treatment 2.0 Refill is a premium Japanese hair treatment designed for dry and damaged hair. This deep conditioning treatment features a unique blend of three organic honeys: 50% Manuka (New Zealand), 30% Acacia (Hungary), and 20% raw Japanese honey. Over 90% of its formula consists of moisturizing and protective ingredients, including argan oil, royal jelly, propolis, hyaluronic acid, and silk proteins. The product boasts a 14% moisture level, higher than traditional treatments, and comes with a soothing lavender honey scent. It's especially effective for those seeking intense hydration and repair for damaged, frizzy, or unmanageable hair.</div>\n</div>\n</div>\n</div>\n</div>",https://foryoupiece.com/wp-content/uploads/sg-11134207-7rd6r-lx9da5930rj430-Photoroom55.jpg
KA7GCMY9,"&Honey Melty Moist Repair Treatment Refill 350g","<div class=""mb-md"">\n<div class=""relative default font-sans text-base text-textMain dark:text-textMainDark selection:bg-super/50 selection:text-textMain dark:selection:bg-superDuper/10 dark:selection:text-superDark"">\n<div class=""min-w-0 break-words [word-break:break-word]"">\n<div dir=""auto"">\n<div class=""prose dark:prose-invert inline leading-normal break-words min-w-0 [word-break:break-word]"">This is a premium Japanese hair treatment refill pack from the &amp;Honey Melty line, specifically designed for frizzy and unruly hair. The formula contains three types of honey and maintains 14% moisture content in hair, with over 90% of ingredients dedicated to moisturizing and protective components. It features a sweet rose honey fragrance and is particularly effective for those with wavy, curly, or damaged hair. The treatment helps smooth out frizz while providing deep nourishment through natural ingredients like honey, argan oil, propolis, keratin, and royal jelly, leaving hair soft and manageable with a healthy shine.</div>\n</div>\n</div>\n</div>\n</div>",https://foryoupiece.com/wp-content/uploads/sg-11134207-7rd6r-lx9da5930rj430-Photoroom61.jpg
DDHEIK4F,"&Honey Melty Moist Repair Shampoo Refill 350ml","<div class=""mb-md"">\n<div class=""relative default font-sans text-base text-textMain dark:text-textMainDark selection:bg-super/50 selection:text-textMain dark:selection:bg-superDuper/10 dark:selection:text-superDark"">\n<div class=""min-w-0 break-words [word-break:break-word]"">\n<div dir=""auto"">\n<div class=""prose dark:prose-invert inline leading-normal break-words min-w-0 [word-break:break-word]"">The &amp;Honey Melty Moist Repair Shampoo is a Japanese moisturizing shampoo featuring a unique blend of three honey types (Manuka, Acacia, and Raw honey) with Bulgarian rose water. This sulfate-free formula contains over 90% moisturizing and protective ingredients, including argan oil, royal jelly, and propolis. Designed specifically for wavy, frizzy, and dehydrated hair types, it helps maintain 14% moisture content in hair while controlling frizz and reducing unruly texture. The shampoo has a distinctive pure rose honey fragrance. Best suited for those with dry, damaged hair seeking moisture and frizz control, though those with oily scalps may find it too moisturizing for frequent use.</div>\n</div>\n</div>\n</div>\n</div>",https://foryoupiece.com/wp-content/uploads/sg-11134207-7rd6r-lx9da5930rj430-Photoroom60.jpg
YJIVTL0L,"Premium Aroma, Grace Beaute, Room Fragrance 400ml","<div class=""mb-md"">\n<div class=""relative default font-sans text-base text-textMain dark:text-textMainDark selection:bg-super/50 selection:text-textMain dark:selection:bg-superDuper/10 dark:selection:text-superDark"">\n<div class=""min-w-0 break-words [word-break:break-word]"">\n<div dir=""auto"">\n<div class=""prose dark:prose-invert inline leading-normal break-words min-w-0 [word-break:break-word]"">Premium Aroma Room Fragrance Grace Beaute is a sophisticated air freshener and deodorizer designed for living spaces and entryways. The fragrance combines elegant peony and lily of the valley notes wrapped in deep amber, creating a luxurious perfume-quality scent. It features nano-powder technology that quickly absorbs and eliminates unpleasant odors. The 400ml bottle offers adjustable fragrance intensity and lasts 2-3 months depending on usage conditions. This premium room freshener is ideal for those seeking an elegant, long-lasting fragrance solution that both deodorizes and adds a refined ambiance to their living space.</div>\n</div>\n</div>\n</div>\n</div>",https://foryoupiece.com/wp-content/uploads/Square-Photoroom12-1.jpg
2S626NGR,"Premium Aroma, Osmanthus Scent, Room Fragrance 400ml","<div class=""mb-md"">\n<div class=""relative default font-sans text-base text-textMain dark:text-textMainDark selection:bg-super/50 selection:text-textMain dark:selection:bg-superDuper/10 dark:selection:text-superDark"">\n<div class=""min-w-0 break-words [word-break:break-word]"">\n<div dir=""auto"">\n<div class=""prose dark:prose-invert inline leading-normal break-words min-w-0 [word-break:break-word]"">This is a Premium Aroma room deodorizer and air freshener from ST featuring an Osmanthus (Kinmokusei) fragrance. The product combines delicate osmanthus notes with fresh citrus and gentle jasmine to create a sophisticated perfume-like scent. It contains nano-powder technology for powerful odor absorption and deodorizing effects. The 400ml bottle provides 2-3 months of fragrance, with adjustable intensity. Ideal for entrances, living rooms, and bedrooms where a refined, long-lasting aroma is desired.</div>\n</div>\n</div>\n</div>\n</div>",https://foryoupiece.com/wp-content/uploads/Square-Photoroom10-1.jpg
NCDFT7TC,"Premium Aroma For Closet, Hanging Type, Osmanthus Scent 1 piece","<div class=""mb-md"">\n<div class=""relative default font-sans text-base text-textMain dark:text-textMainDark selection:bg-super/50 selection:text-textMain dark:selection:bg-superDuper/10 dark:selection:text-superDark"">\n<div class=""min-w-0 break-words [word-break:break-word]"">\n<div dir=""auto"">\n<div class=""prose dark:prose-invert inline leading-normal break-words min-w-0 [word-break:break-word]"">The Premium Aroma is a high-end closet freshener and moth repellent from the Japanese brand Mushuda by ST Corporation. This specialized wardrobe care product offers one year of protection against moths and mold while infusing closets with elegant fragrances developed by professional perfumers. The product comes in a set of three hanging sachets that are ideal for closets up to 800L per sachet. The version shown features the Kinmokusei (Osmanthus) fragrance, though other scents like Urban Romance and Grace Beauté are available. Perfect for those seeking both clothing protection and sophisticated closet fragrance in a single solution.</div>\n</div>\n</div>\n</div>\n</div>",https://foryoupiece.com/wp-content/uploads/Square-Photoroom11-1.jpg
F4VPRT3A,"Dove Sakura & Musk Beauty Moisture Set, Glossy Foaming Body Wash 540ml + Body Scrub 298g","<div class=""mb-md"">\n<div class=""relative default font-sans text-base text-textMain dark:text-textMainDark selection:bg-super/50 selection:text-textMain dark:selection:bg-superDuper/10 dark:selection:text-superDark"">\n<div class=""min-w-0 break-words [word-break:break-word]"">\n<div dir=""auto"">\n<div class=""prose dark:prose-invert inline leading-normal break-words min-w-0 [word-break:break-word]"">This limited edition Dove set combines a sakura-scented body wash and a creamy body scrub for a luxurious Japanese-inspired bathing experience. The body wash features Japanese sakura (cherry blossom) and rice water essence for deep moisturizing, while the creamy scrub contains gentle exfoliating particles and moisturizing milk that helps remove dead skin cells without friction. The scrub's unique whipped cream-like texture spreads smoothly on wet skin. Both products feature an enchanting blend of sakura and musk fragrance, making them ideal for those seeking soft, plump skin with a subtle floral scent. Best suited for those wanting gentle exfoliation with intense moisture.</div>\n</div>\n</div>\n</div>\n</div>",https://foryoupiece.com/wp-content/uploads/Square-Photoroom9-1.jpg
MLHZZ4OR,"Botanist Body Soap Refill, Deep Moist 425ml","<div class=""mb-md"">\n<div class=""relative default font-sans text-base text-textMain dark:text-textMainDark selection:bg-super/50 selection:text-textMain dark:selection:bg-superDuper/10 dark:selection:text-superDark"">\n<div class=""min-w-0 break-words [word-break:break-word]"">\n<div dir=""auto"">\n<div class=""prose dark:prose-invert inline leading-normal break-words min-w-0 [word-break:break-word]"">This is a refill pack of Botanist's Deep Moist Body Soap, a premium Japanese body cleanser designed for those with particularly dry skin. The formula features plant-derived ingredients including Sugar Squalane for skin conditioning, olive-based cleansing agents, and Botanical Butter Milk (a blend of shea butter, coconut oil, and almond oil) for intense moisture retention. The body soap creates a rich, creamy lather and leaves skin feeling supple and hydrated. It's fragrant with refreshing notes of water lily and raspberry, making it perfect for those seeking a moisturizing, gentle cleanser with a delicate scent. The product is free from synthetic colorants, parabens, sulfates, and alcohol.</div>\n</div>\n</div>\n</div>\n</div>",https://foryoupiece.com/wp-content/uploads/Square-Photoroom8-1.jpg
BD3H5W7K,"Quality 1st Super Retinol100 7 Sheets","<div class=""mb-md"">\n<div class=""relative default font-sans text-base text-textMain dark:text-textMainDark selection:bg-super/50 selection:text-textMain dark:selection:bg-superDuper/10 dark:selection:text-superDark"">\n<div class=""min-w-0 break-words [word-break:break-word]"">\n<div dir=""auto"">\n<div class=""prose dark:prose-invert inline leading-normal break-words min-w-0 [word-break:break-word]"">Quality 1st Super Retinol 100 is a Japanese nighttime sheet mask designed for intensive anti-aging care. Each package contains 7 sheets featuring the highest concentration of retinol in the series. The mask utilizes unique capsule penetration technology to deliver active ingredients deep into the skin, targeting fine lines, texture, and wrinkles while enhancing firmness and elasticity. Made in Japan, it's free from preservatives, alcohol, synthetic colorants, fragrances, and mineral oils. The mask is best suited for those concerned with aging signs and seeking intensive overnight skin rejuvenation. Application takes just 3-5 minutes, making it convenient for regular use.</div>\n</div>\n</div>\n</div>\n</div>",https://foryoupiece.com/wp-content/uploads/Square-Photoroom7-1.jpg
BCQITGQV,"Quality 1st Derma Laser Super Exosome100 Mask 7 Sheets","<div class=""mb-md"">\n<div class=""relative default font-sans text-base text-textMain dark:text-textMainDark selection:bg-super/50 selection:text-textMain dark:selection:bg-superDuper/10 dark:selection:text-superDark"">\n<div class=""min-w-0 break-words [word-break:break-word]"">\n<div dir=""auto"">\n<div class=""prose dark:prose-invert inline leading-normal break-words min-w-0 [word-break:break-word]"">Quality 1st Derma Laser Super Exosome 100 Mask is a premium Japanese sheet mask featuring highly concentrated exosomes derived from human adipose mesenchymal cells. This innovative mask delivers intensive skin firming and restoration benefits in just 3 minutes. The formula combines five types of vitamin C and niacinamide with exosomes, utilizing three unique penetration technologies for optimal ingredient delivery. The mask uses long-fiber cotton material for superior adhesion and is free from preservatives, alcohol, artificial colors, fragrances, and mineral oils. Best suited for those seeking anti-aging benefits and improved skin elasticity.</div>\n</div>\n</div>\n</div>\n</div>",https://foryoupiece.com/wp-content/uploads/Square-Photoroom6-1.jpg
6XMUAT21,"LuLuLun Hydra EX Mask Exosome Box 30 Sheets","<div class=""mb-md"">\n<div class=""relative default font-sans text-base text-textMain dark:text-textMainDark selection:bg-super/50 selection:text-textMain dark:selection:bg-superDuper/10 dark:selection:text-superDark"">\n<div class=""min-w-0 break-words [word-break:break-word]"">\n<div dir=""auto"">\n<div class=""prose dark:prose-invert inline leading-normal break-words min-w-0 [word-break:break-word]"">LuLuLun Hydra EX Mask is a Japanese daily anti-aging sheet mask that combines cutting-edge regenerative technology with human adipose-derived mesenchymal cell exosomes and glutathione. The ultra-soft, thick melty-feel sheet delivers deep hydration while targeting signs of aging like sagging, loss of firmness, and dullness. Enriched with EGF, hyaluronic acid, ceramides, and collagen, this mask is ideal for mature skin seeking improved elasticity, radiance, and moisture. Each box contains 28 individually wrapped masks for daily use.</div>\n</div>\n</div>\n</div>\n</div>",https://foryoupiece.com/wp-content/uploads/Square-Photoroom5-1.jpg
26BYAD9S,"KOSÉ Clear Turn Pores Care Mask Box, 30 Sheets","<div class=""mb-md"">\n<div class=""relative default font-sans text-base text-textMain dark:text-textMainDark selection:bg-super/50 selection:text-textMain dark:selection:bg-superDuper/10 dark:selection:text-superDark"">\n<div class=""min-w-0 break-words [word-break:break-word]"">\n<div dir=""auto"">\n<div class=""prose dark:prose-invert inline leading-normal break-words min-w-0 [word-break:break-word]"">Kose Clear Turn Tigeraid CICA Repair Mask is a Japanese sheet mask pack containing 30 sheets with tweezers for hygienic application. The mask features Centella Asiatica (CICA) extract and vitamin blend to provide intensive moisture and repair for stressed skin. The formula contains three types of Centella Asiatica extracts, niacinamide, panthenol, vitamin B6, and vitamin C derivative. Free from alcohol, parabens, silicones, mineral oils, and fragrances, this mask is ideal for those with sensitive or rough skin texture. Best used as part of a morning skincare routine, each mask should be left on for 5-15 minutes for optimal results.</div>\n</div>\n</div>\n</div>\n</div>",https://foryoupiece.com/wp-content/uploads/Instagram-Post-Photoroom3.jpg
F9K3QR70,"Tsubaki Shampoo Refill, Premium Volume & Repair, 600ml","<div class=""mb-md"">\n<div class=""relative default font-sans text-base text-textMain dark:text-textMainDark selection:bg-super/50 selection:text-textMain dark:selection:bg-superDuper/10 dark:selection:text-superDark"">\n<div class=""min-w-0 break-words [word-break:break-word]"">\n<div dir=""auto"">\n<div class=""prose dark:prose-invert inline leading-normal break-words min-w-0 [word-break:break-word]"">This is a refill pack of Shiseido's Tsubaki Premium Volume &amp; Repair Shampoo, a Japanese hair care product featuring camellia (tsubaki) oil. The shampoo is specifically formulated for fine, soft hair that needs volume and repair. It penetrates deep into the hair structure, providing bounce and volume from the roots while repairing damage. With its floral camellia fragrance, the shampoo delivers visible results from the first use, making hair fuller, shinier, and more manageable. Best suited for those with limp, damaged, or lifeless hair seeking volume and restoration.</div>\n</div>\n</div>\n</div>\n</div>",https://foryoupiece.com/wp-content/uploads/Instagram-Post-Photoroom2.jpg
TWGWKM7K,"Tsubaki Conditioner Refill, Premium Volume & Repair, 600ml","<div class=""mb-md"">\n<div class=""relative default font-sans text-base text-textMain dark:text-textMainDark selection:bg-super/50 selection:text-textMain dark:selection:bg-superDuper/10 dark:selection:text-superDark"">\n<div class=""min-w-0 break-words [word-break:break-word]"">\n<div dir=""auto"">\n<div class=""prose dark:prose-invert inline leading-normal break-words min-w-0 [word-break:break-word]"">This is a premium hair conditioner refill from Shiseido's Tsubaki line, specifically the Premium Volume &amp; Repair variant. The conditioner features a unique formula with tsubaki (camellia) oil, royal jelly extract, and soybean extracts to repair damaged hair while adding volume. It's particularly effective for hair weakened by chemical treatments and heat styling, providing deep nourishment without weighing hair down. The product promises to restore elasticity and shine while supporting healthy roots with a pleasant floral-fruity fragrance. Best suited for those with fine, limp, or damaged hair seeking volume and repair.</div>\n</div>\n</div>\n</div>\n</div>",https://foryoupiece.com/wp-content/uploads/Instagram-Post-Photoroom1.jpg
UTD14ZUN,"Nivea Rich Care & Color Bordeaux","<div class=""mb-md"">\n<div class=""relative default font-sans text-base text-textMain dark:text-textMainDark selection:bg-super/50 selection:text-textMain dark:selection:bg-superDuper/10 dark:selection:text-superDark"">\n<div class=""min-w-0 break-words [word-break:break-word]"">\n<div dir=""auto"">\n<div class=""prose dark:prose-invert inline leading-normal break-words min-w-0 [word-break:break-word]"">The NIVEA Rich Care &amp; Color Lip in Bordeaux is a tinted lip balm that combines skincare and color. This Japanese product features SPF20/PA++ protection and contains three nourishing oils - macadamia, avocado, and jojoba. The Bordeaux shade offers a sheer, wine-tinted color similar to Clinique's Black Honey, making it suitable for achieving a natural, sophisticated look. The formula is fragrance-free and provides a luxurious, melting texture that moisturizes while adding a glossy finish. It's particularly well-suited for those seeking daily lip care with a subtle tint and UV protection.</div>\n</div>\n</div>\n</div>\n</div>",https://foryoupiece.com/wp-content/uploads/Square-Photoroom16-4.jpg
5BI4BBUE,"Nivea Rich Care & Color, Smoky Rose","<div class=""mb-md"">\n<div class=""relative default font-sans text-base text-textMain dark:text-textMainDark selection:bg-super/50 selection:text-textMain dark:selection:bg-superDuper/10 dark:selection:text-superDark"">\n<div class=""min-w-0 break-words [word-break:break-word]"">\n<div dir=""auto"">\n<div class=""prose dark:prose-invert inline leading-normal break-words min-w-0 [word-break:break-word]"">The NIVEA Rich Care &amp; Color Lip in Smoky Rose is a tinted lip balm that combines skincare and color. This Japanese product features a moisturizing formula with three beauty oils (macademia nut, avocado, and jojoba) for a melting, smooth application. It provides a transparent rosy tint with a glossy finish while offering UV protection (SPF20 PA++). The fragrance-free formula is particularly suitable for those seeking a natural-looking lip color with care benefits. Perfect for daily wear, especially for those with dry lips who want a subtle, elegant rose tint while maintaining lip health.</div>\n</div>\n</div>\n</div>\n</div>",https://foryoupiece.com/wp-content/uploads/Square-Photoroom17-2.jpg
VBLTYUEE,"Bifesta Lip Scrub Balm","<div class=""mb-md"">\n<div class=""relative default font-sans text-base text-textMain dark:text-textMainDark selection:bg-super/50 selection:text-textMain dark:selection:bg-superDuper/10 dark:selection:text-superDark"">\n<div class=""min-w-0 break-words [word-break:break-word]"">\n<div dir=""auto"">\n<div class=""prose dark:prose-invert inline leading-normal break-words min-w-0 [word-break:break-word]"">Bifesta Lip Scrub Balm is a Japanese lip care product by Mandom Corporation that combines a sugar scrub with a melting balm texture. This wash-off treatment effectively removes lip roughness, dullness from accumulated dirt, and makeup residue while keeping lips moisturized. The formula features five natural moisturizing ingredients including orange oil, macadamia nut oil, shea butter, mango butter, and jojoba oil. Free from preservatives, alcohol, synthetic fragrances, and colorants, this gentle scrub is ideal for those seeking smoother, more supple lips and can also be used for lip massage to improve circulation.</div>\n</div>\n</div>\n</div>\n</div>",https://foryoupiece.com/wp-content/uploads/Square-Photoroom1-2.jpg
4A228UFQ,"Biore UV AQUA Rich Aqua Protect Mist 50+++","<div class=""mb-md"">\n<div class=""relative default font-sans text-base text-textMain dark:text-textMainDark selection:bg-super/50 selection:text-textMain dark:selection:bg-superDuper/10 dark:selection:text-superDark"">\n<div class=""min-w-0 break-words [word-break:break-word]"">\n<div dir=""auto"">\n<div class=""prose dark:prose-invert inline leading-normal break-words min-w-0 [word-break:break-word]"">The Biore UV Aqua Rich Aqua Protect Mist is a non-aerosol sunscreen spray with SPF50+ PA++++ protection. This Japanese product features a fine, water-like mist that quickly transforms into a gel-like texture upon contact with skin, providing even coverage without white cast. It's super waterproof (80-minute water resistance), contains moisturizing squalane, and can be used on face, body, and hair. Perfect for on-the-go UV protection, it's non-sticky, quick-drying, and can be applied over makeup. The spray works even when held upside down and has a fresh citrus scent.</div>\n</div>\n</div>\n</div>\n</div>",https://foryoupiece.com/wp-content/uploads/Square-Photoroom-1.jpg
I9N0GB82,"&Honey Sakura Pixie Moist Silky Hair Oil","<div class=""mb-md"">\n<div class=""relative default font-sans text-base text-textMain dark:text-textMainDark selection:bg-super/50 selection:text-textMain dark:selection:bg-superDuper/10 dark:selection:text-superDark"">\n<div class=""min-w-0 break-words [word-break:break-word]"">\n<div dir=""auto"">\n<div class=""prose dark:prose-invert inline leading-normal break-words min-w-0 [word-break:break-word]"">This is &amp;Honey Sakura Pixie Moist Silky Hair Oil, a Japanese hair treatment oil featuring a sweet Yaesakura (double-cherry blossom) honey fragrance. The formula contains over 90% moisturizing and protective ingredients, including honey, golden silk, and cashmere silk components. Specifically designed for dry, tangled, and flyaway hair, this oil provides intense hydration while making hair more manageable and silky smooth. It's particularly suitable for those struggling with frizz and difficult-to-manage hair.</div>\n</div>\n</div>\n</div>\n</div>",https://foryoupiece.com/wp-content/uploads/sg-11134207-7rd6r-lx9da5930rj430-Photoroom65.jpg
1U963842,"&Honey Pixie Sabon Silky Moist Hair Oil","<div class=""mb-md"">\n<div class=""relative default font-sans text-base text-textMain dark:text-textMainDark selection:bg-super/50 selection:text-textMain dark:selection:bg-superDuper/10 dark:selection:text-superDark"">\n<div class=""min-w-0 break-words [word-break:break-word]"">\n<div dir=""auto"">\n<div class=""prose dark:prose-invert inline leading-normal break-words min-w-0 [word-break:break-word]"">The &amp;honey Pixie Sabon Moist Silky Hair Oil is a Japanese hair treatment product designed to combat frizz and tangled hair. The formula contains over 90% moisturizing ingredients, including three types of honey and silk proteins. It features a lightweight, non-greasy texture that helps manage unruly and fine hair while providing deep hydration. The product is particularly effective for those with dry, tangled, or fine hair types, and offers a refreshing emerald soap-honey fragrance.</div>\n</div>\n</div>\n</div>\n</div>",https://foryoupiece.com/wp-content/uploads/sg-11134207-7rd6r-lx9da5930rj430-Photoroom63.jpg
G9TX2QOW,"Momori Hair Keeping Brush, Hair Mascara","<div class=""mb-md"">\n<div class=""relative default font-sans text-base text-textMain dark:text-textMainDark selection:bg-super/50 selection:text-textMain dark:selection:bg-superDuper/10 dark:selection:text-superDark"">\n<div class=""min-w-0 break-words [word-break:break-word]"">\n<div dir=""auto"">\n<div class=""prose dark:prose-invert inline leading-normal break-words min-w-0 [word-break:break-word]"">The Momori Hair Keep Brush is a 10ml mascara-type hair styling product from Japanese brand Dariya. This innovative hair fixer features a brush applicator designed for quick touch-ups of flyaways, bangs, and baby hairs. Infused with peach extract and peach oil, it provides a natural-looking finish without stickiness or shine while moisturizing the hair. The product has a sweet peach fruity fleur fragrance and comes in a portable mascara-style packaging perfect for on-the-go styling. Ideal for those seeking easy control of unruly hair with a natural look.</div>\n</div>\n</div>\n</div>\n</div>",https://foryoupiece.com/wp-content/uploads/Square-Photoroom78.jpg
4GT0HQSM,"FIANCEE Body Mist Pure Shampoo","<div class=""mb-md"">\n<div class=""relative default font-sans text-base text-textMain dark:text-textMainDark selection:bg-super/50 selection:text-textMain dark:selection:bg-superDuper/10 dark:selection:text-superDark"">\n<div class=""min-w-0 break-words [word-break:break-word]"">\n<div dir=""auto"">\n<div class=""prose dark:prose-invert inline leading-normal break-words min-w-0 [word-break:break-word]"">FIANCEE Body Mist Pure Shampoo is a Japanese fragrance mist that captures the essence of freshly washed hair and the clean feeling after a bath. The 50ml glass bottle contains a gentle, sweet, and refreshing scent that develops in layers: starting with green apple and lemon top notes, followed by subtle floral middle notes, and finishing with a clean, sophisticated base note. Perfect for fragrance beginners and those who prefer subtle scents, it's ideal for daily use in professional or academic settings. While the scent is universally appealing to all genders, it has a relatively short duration of a few hours.</div>\n</div>\n</div>\n</div>\n</div>",https://foryoupiece.com/wp-content/uploads/Square-Photoroom79.jpg
A067A3CV,"LUCIDO-L Multi-Arrange Hair Stick, Extra Hard","<div class=""mb-md"">\n<div class=""relative default font-sans text-base text-textMain dark:text-textMainDark selection:bg-super/50 selection:text-textMain dark:selection:bg-superDuper/10 dark:selection:text-superDark"">\n<div class=""min-w-0 break-words [word-break:break-word]"">\n<div dir=""auto"">\n<div class=""prose dark:prose-invert inline leading-normal break-words min-w-0 [word-break:break-word]"">The LUCIDO-L Multi-Arrange Hair Stick (Extra Hard) is a convenient styling stick designed for precise hair control. This non-sticky, elliptical-shaped wax stick effectively tames flyaway hair, holds updos, and manages bangs with a strong yet natural-looking hold. It features a moisture shield formula, UV protection, and shea butter for hair care. The product is ideal for those seeking quick touch-ups without messy hands, especially suitable for office workers and people on-the-go. It comes with a pleasant stylish green fragrance and is particularly effective for stubborn hair and humid conditions.</div>\n</div>\n</div>\n</div>\n</div>",https://foryoupiece.com/wp-content/uploads/Square-Photoroom77.jpg
7OB5UT9L,"Diane Dry Shampoo Fresh Citrus & Pear Scent 95g","<div class=""mb-md"">\n<div class=""relative default font-sans text-base text-textMain dark:text-textMainDark selection:bg-super/50 selection:text-textMain dark:selection:bg-superDuper/10 dark:selection:text-superDark"">\n<div class=""min-w-0 break-words [word-break:break-word]"">\n<div dir=""auto"">\n<div class=""prose dark:prose-invert inline leading-normal break-words min-w-0 [word-break:break-word]"">Diane Perfect Beauty Dry Shampoo is a Japanese aerosol hair refresher that instantly absorbs excess oil and sweat without leaving white residue. The formula contains micro-powder, keratin, ceramide, and jojoba oil to control sebum while maintaining hair's moisture and smoothness. With a refreshing citrus and pear fragrance, it's perfect for post-workout, midday touch-ups, or when traditional washing isn't possible. Best suited for those with oily scalp or who need quick hair revival between washes. The spray can be used for both styling finish and pre-brushing treatment.</div>\n</div>\n</div>\n</div>\n</div>",https://foryoupiece.com/wp-content/uploads/Square-Photoroom76.jpg
9QIGN7CU,"&Honey Cleansing Balm Black","<div class=""mb-md"">\n<div class=""relative default font-sans text-base text-textMain dark:text-textMainDark selection:bg-super/50 selection:text-textMain dark:selection:bg-superDuper/10 dark:selection:text-superDark"">\n<div class=""min-w-0 break-words [word-break:break-word]"">\n<div dir=""auto"">\n<div class=""prose dark:prose-invert inline leading-normal break-words min-w-0 [word-break:break-word]"">The &amp;honey Cleansing Balm Black is a Japanese skincare product specifically designed for deep pore cleansing and sebum control. This black-colored balm features key ingredients like black honey, activated charcoal, and black mud to effectively remove blackheads, excess sebum, and stubborn makeup. With over 90% moisturizing ingredients, including eight types of black serum components, it cleanses without drying the skin. The balm has a refreshing citrus-honey scent and is particularly suitable for those with oily skin or persistent blackhead concerns.</div>\n</div>\n</div>\n</div>\n</div>",https://foryoupiece.com/wp-content/uploads/sg-11134207-7rd6r-lx9da5930rj430-Photoroom52.jpg
R89C9BQZ,"&Honey Sakura Cleansing Balm Clear","<div class=""mb-md"">\n<div class=""relative default font-sans text-base text-textMain dark:text-textMainDark selection:bg-super/50 selection:text-textMain dark:selection:bg-superDuper/10 dark:selection:text-superDark"">\n<div class=""min-w-0 break-words [word-break:break-word]"">\n<div dir=""auto"">\n<div class=""prose dark:prose-invert inline leading-normal break-words min-w-0 [word-break:break-word]"">The &amp;Honey Sakura Cleansing Balm Clear is a limited edition cleansing balm from Japan featuring a cherry blossom (sakura) design and fragrance. This 5-in-1 product functions as a makeup remover, exfoliator, cleanser, massager, and moisturizer. Formulated with honey and papain enzymes, it effectively removes makeup while caring for pores and sebum. The balm transforms from a solid to oil texture, providing a refreshing cleanse that leaves skin clear and hydrated. Best suited for those seeking thorough yet gentle makeup removal with pore care benefits.</div>\n</div>\n</div>\n</div>\n</div>",https://foryoupiece.com/wp-content/uploads/sg-11134207-7rd6r-lx9da5930rj430-Photoroom64.jpg
UCAWVX7S,"Canmake Munyutto Highlighter 04","<div class=""mb-md"">\n<div class=""relative default font-sans text-base text-textMain dark:text-textMainDark selection:bg-super/50 selection:text-textMain dark:selection:bg-superDuper/10 dark:selection:text-superDark"">\n<div class=""min-w-0 break-words [word-break:break-word]"">\n<div dir=""auto"">\n<div class=""prose dark:prose-invert inline leading-normal break-words min-w-0 [word-break:break-word]"">The CANMAKE Munyutto Highlighter in 04 Blue Topaz is a unique cream highlighter with a squishy, cookie dough-like texture that transforms into a silky finish upon application. This Japanese beauty product features silver and blue-polarizing pearls that create a delicate, translucent glow. Water, sweat, and sebum-resistant, it provides a dewy sheen without creasing over foundation. Particularly suited for those seeking a cool-toned, ethereal highlight that enhances skin's transparency, making it especially popular among cool-toned skin types.</div>\n</div>\n</div>\n</div>\n</div>",https://foryoupiece.com/wp-content/uploads/Square-Photoroom75.jpg
QHJJSV8Q,"Moton Silk Hair Oil, Flower Garden, 100ml","<div class=""mb-md"">\n<div class=""relative default font-sans text-base text-textMain dark:text-textMainDark selection:bg-super/50 selection:text-textMain dark:selection:bg-superDuper/10 dark:selection:text-superDark"">\n<div class=""min-w-0 break-words [word-break:break-word]"">\n<div dir=""auto"">\n<div class=""prose dark:prose-invert inline leading-normal break-words min-w-0 [word-break:break-word]"">MOTON Silk Hair Oil in Flower Garden is a Korean hair treatment that combines luxury fragrance with hair care benefits. This lightweight oil features a sophisticated floral scent profile with notes of mandarin, rose, peony, and musk. The formula contains multiple plant proteins and amino acids to protect hair from heat damage while providing moisture and shine. Best suited for those who want a premium hair oil that doubles as a subtle perfume, leaving hair silky smooth with an elegant, long-lasting fragrance.</div>\n</div>\n</div>\n</div>\n</div>",https://foryoupiece.com/wp-content/uploads/Square-Photoroom73.jpg
HA9D1KM9,"FIANCEE Gel Fragrance Pure Shampoo","<div class=""mb-md"">\n<div class=""relative default font-sans text-base text-textMain dark:text-textMainDark selection:bg-super/50 selection:text-textMain dark:selection:bg-superDuper/10 dark:selection:text-superDark"">\n<div class=""min-w-0 break-words [word-break:break-word]"">\n<div dir=""auto"">\n<div class=""prose dark:prose-invert inline leading-normal break-words min-w-0 [word-break:break-word]"">FIANCEE Gel Fragrance Pure Shampoo is a Japanese compact gel-based fragrance that captures the essence of freshly washed hair. The gel formula comes in a lip gloss-like applicator, making it spill-proof and perfect for on-the-go touch-ups. It features a delicate, clean scent reminiscent of post-shower freshness, combining notes of lemon, green apple, jasmine, muguet, and musk. Ideal for those who prefer subtle fragrances or environments where strong perfumes are inappropriate, this portable fragrance is particularly popular among students and office workers.</div>\n</div>\n</div>\n</div>\n</div>",https://foryoupiece.com/wp-content/uploads/Square-Photoroom74.jpg
ISTW8EVU,"Mentholatum Hand Veil, Premium Rich Nail Cream","<div class=""mb-md"">\n<div class=""relative default font-sans text-base text-textMain dark:text-textMainDark selection:bg-super/50 selection:text-textMain dark:selection:bg-superDuper/10 dark:selection:text-superDark"">\n<div class=""min-w-0 break-words [word-break:break-word]"">\n<div dir=""auto"">\n<div class=""prose dark:prose-invert inline leading-normal break-words min-w-0 [word-break:break-word]"">Mentholatum Hand Veil Premium Rich Nail Cream is a Japanese intensive nail repair cream by ROHTO Pharmaceutical. This concentrated formula targets all three layers of the nail to repair damage from gel nails and frequent polish removal. Enriched with ceramides, squalane, hyaluronic acid, and blueberry leaf extract, it strengthens weak nails while preventing breakage and delamination. Best suited for those with brittle, dry, or damaged nails, particularly after frequent gel nail applications or excessive use of nail polish remover.</div>\n</div>\n</div>\n</div>\n</div>",https://foryoupiece.com/wp-content/uploads/Square-Photoroom72.jpg
DU9RMZDX,"Moton Hair & Body Mist, Nude Calm, 80ml","<div class=""mb-md"">\n<div class=""relative default font-sans text-base text-textMain dark:text-textMainDark selection:bg-super/50 selection:text-textMain dark:selection:bg-superDuper/10 dark:selection:text-superDark"">\n<div class=""min-w-0 break-words [word-break:break-word]"">\n<div dir=""auto"">\n<div class=""prose dark:prose-invert inline leading-normal break-words min-w-0 [word-break:break-word]"">MOTON Hair &amp; Body Mist in Nude Calm is a luxurious Korean fragrance mist designed for both hair and body use. The 80ml spray features a sophisticated blend of rose and fruity notes balanced with wood and green undertones, creating an elegant, transparent scent profile. Enriched with beauty ingredients including hyaluronic acid and natural oils, this versatile mist provides a gentle yet long-lasting fragrance that's perfect for daily use. Ideal for those seeking a subtle, high-end alternative to traditional perfumes.</div>\n</div>\n</div>\n</div>\n</div>",https://foryoupiece.com/wp-content/uploads/Square-Photoroom71.jpg
YFU5L8SL,"Sarasati Lingerie Detergent, For Menstrual Blood Scent, Soap Scent 120ml","<div class=""mb-md"">\n<div class=""relative default font-sans text-base text-textMain dark:text-textMainDark selection:bg-super/50 selection:text-textMain dark:selection:bg-superDuper/10 dark:selection:text-superDark"">\n<div class=""min-w-0 break-words [word-break:break-word]"">\n<div dir=""auto"">\n<div class=""prose dark:prose-invert inline leading-normal break-words min-w-0 [word-break:break-word]"">Sarasati Lingerie Detergent is a specialized Japanese laundry product designed for delicate underwear care, particularly for removing menstrual blood stains, discharge, and other blood-related stains. This gentle, soap-scented detergent features a unique 20-minute soak formula that effectively removes even set-in stains without damaging delicate fabrics. Perfect for cotton, linen, and synthetic materials, it's damage-free and ideal for period panties maintenance. The 120ml bottle comes with measurement markings for precise usage, though it's not suitable for silk, wool, cupro, or rayon materials.</div>\n</div>\n</div>\n</div>\n</div>",https://foryoupiece.com/wp-content/uploads/Square-Photoroom70.jpg
R4QO8VGC,"KUNDAL Protein Bonding Hair Mist Serum, Violet Muguet, 150ml","<div class=""mb-md"">\n<div class=""relative default font-sans text-base text-textMain dark:text-textMainDark selection:bg-super/50 selection:text-textMain dark:selection:bg-superDuper/10 dark:selection:text-superDark"">\n<div class=""min-w-0 break-words [word-break:break-word]"">\n<div dir=""auto"">\n<div class=""prose dark:prose-invert inline leading-normal break-words min-w-0 [word-break:break-word]"">KUNDAL Protein Bonding Hair Mist Serum is a dual-layer hair treatment combining moisture essence and oil serum in a convenient spray format. This vegan formula features protein bonding technology and hydro-boosting ingredients to repair damaged hair, enhance shine, and provide heat protection up to 230°C. The lightweight mist can be used on wet or dry hair and features a sophisticated Violet Muguet fragrance blending lily of the valley with violet herbs. Ideal for those seeking to restore damaged, dry hair while maintaining a lightweight, non-greasy finish.</div>\n</div>\n</div>\n</div>\n</div>",https://foryoupiece.com/wp-content/uploads/Square-Photoroom69.jpg
8MKLUPEL,"Moist Diane Body Milk White Floral Scent 250ml","<div class=""mb-md"">\n<div class=""relative default font-sans text-base text-textMain dark:text-textMainDark selection:bg-super/50 selection:text-textMain dark:selection:bg-superDuper/10 dark:selection:text-superDark"">\n<div class=""min-w-0 break-words [word-break:break-word]"">\n<div dir=""auto"">\n<div class=""prose dark:prose-invert inline leading-normal break-words min-w-0 [word-break:break-word]"">Moist Diane Body Milk White Floral is a lightweight, non-greasy body moisturizer designed for daily use. This Japanese body milk features a delicate white floral fragrance and brightening properties to help achieve radiant skin. Particularly effective for décolleté and neck areas, it helps protect against UV damage and dryness while maintaining long-lasting hydration. The formula absorbs quickly with a non-sticky finish, making it ideal for summer use and those who prefer lightweight moisturizers.</div>\n</div>\n</div>\n</div>\n</div>",https://foryoupiece.com/wp-content/uploads/Square-Photoroom68.jpg
6WEXCEPK,"Tsubaki Camellia Oil 100% 40ml","<div class=""mb-md"">\n<div class=""relative default font-sans text-base text-textMain dark:text-textMainDark selection:bg-super/50 selection:text-textMain dark:selection:bg-superDuper/10 dark:selection:text-superDark"">\n<div class=""min-w-0 break-words [word-break:break-word]"">\n<div dir=""auto"">\n<div class=""prose dark:prose-invert inline leading-normal break-words min-w-0 [word-break:break-word]"">Oshima Tsubaki is a 100% pure camellia oil extracted from seeds of Japanese Camellia flowers grown on Izu Oshima island. This fragrance-free, colorant-free natural oil has been a trusted Japanese beauty staple since 1927. The versatile multi-purpose oil is ideal for hair, scalp, and skin care. It excels at protecting hair from heat and UV damage, preventing split ends, moisturizing dry scalp, and providing anti-aging skincare benefits through its rich oleic acid content. Best suited for those seeking a lightweight, non-greasy natural moisturizing treatment.</div>\n</div>\n</div>\n</div>\n</div>",https://foryoupiece.com/wp-content/uploads/Square-Photoroom67.jpg
PBJB0EAA,"Ichikami Hair Treatment Serum, Wagusa Essence 100ml","<div class=""mb-md"">\n<div class=""relative default font-sans text-base text-textMain dark:text-textMainDark selection:bg-super/50 selection:text-textMain dark:selection:bg-superDuper/10 dark:selection:text-superDark"">\n<div class=""min-w-0 break-words [word-break:break-word]"">\n<div dir=""auto"">\n<div class=""prose dark:prose-invert inline leading-normal break-words min-w-0 [word-break:break-word]"">This Kracie Ichikami Moisture Waso Hair Treatment Serum is a leave-in treatment designed for damaged hair care. The formula features Japanese botanical extracts including rice bran, cherry blossom leaf, and evening primrose oil. It deeply moisturizes hair from the core, controls frizz, and provides UV protection while leaving hair silky smooth and manageable. The lightweight, non-sticky essence has a delicate wild cherry blossom fragrance. Best suited for those with dry, damaged hair seeking a Japanese-style hair treatment that provides both repair and prevention.</div>\n</div>\n</div>\n</div>\n</div>",https://foryoupiece.com/wp-content/uploads/Square-Photoroom65.jpg
D2LVD4EX,"Body Fantasie Body Mist, Wedding Day Bouquet Scent 50ml","<div class=""mb-md"">\n<div class=""relative default font-sans text-base text-textMain dark:text-textMainDark selection:bg-super/50 selection:text-textMain dark:selection:bg-superDuper/10 dark:selection:text-superDark"">\n<div class=""min-w-0 break-words [word-break:break-word]"">\n<div dir=""auto"">\n<div class=""prose dark:prose-invert inline leading-normal break-words min-w-0 [word-break:break-word]"">Body Fantasies Body Spray Wedding Day Bouquet Scent is a light floral fragrance mist designed for everyday use. This delicate scent features a layered composition starting with apple blossom, clementine, and raspberry top notes, followed by peony, freesia, and rose middle notes, and finishing with creamy musk, amber, and sandalwood base notes. The fragrance creates a clean, sophisticated aura reminiscent of a bridal bouquet. Perfect for those seeking a subtle, feminine scent that's not overpowering, it's ideal for daily wear or special occasions. While the scent doesn't last as long as traditional perfumes, its portable size makes it convenient for touch-ups throughout the day.</div>\n</div>\n</div>\n</div>\n</div>",https://foryoupiece.com/wp-content/uploads/Square-Photoroom64.jpg
A4DYOEPD,"KUNDAL Ultra Serum, Perfume Scent, 100ml","<div class=""mb-md"">\n<div class=""relative default font-sans text-base text-textMain dark:text-textMainDark selection:bg-super/50 selection:text-textMain dark:selection:bg-superDuper/10 dark:selection:text-superDark"">\n<div class=""min-w-0 break-words [word-break:break-word]"">\n<div dir=""auto"">\n<div class=""prose dark:prose-invert inline leading-normal break-words min-w-0 [word-break:break-word]"">KUNDAL Ultra Hair Serum is a lightweight, non-greasy hair treatment serum featuring macadamia nut oil and 15 other plant-derived oils. The formula is designed to repair damaged hair, reduce breakage, enhance elasticity, and provide hydration without leaving residue. Available in multiple fragrances including Cherry Blossom, White Musk, Amber Vanilla, Pink Grapefruit, and English Rose. Best suited for all hair types, including color-treated hair, offering protection against heat styling and environmental damage while leaving hair silky smooth and manageable.</div>\n</div>\n</div>\n</div>\n</div>",https://foryoupiece.com/wp-content/uploads/Square-Photoroom62.jpg
JID5QRXF,"KUNDAL Night Repair Hair Lotion, Into The Dream Scent, 100ml","<div class=""mb-md"">\n<div class=""relative default font-sans text-base text-textMain dark:text-textMainDark selection:bg-super/50 selection:text-textMain dark:selection:bg-superDuper/10 dark:selection:text-superDark"">\n<div class=""min-w-0 break-words [word-break:break-word]"">\n<div dir=""auto"">\n<div class=""prose dark:prose-invert inline leading-normal break-words min-w-0 [word-break:break-word]"">KUNDAL Night Repair Hair Lotion is a Korean leave-in hair treatment designed for overnight use. This purple-bottled formula features a Night Wrapping System with plant-based collagen that moisturizes and coats hair while you sleep. The product has a distinctive oriental musk fragrance combining citrus and spicy notes with white floral undertones. It's particularly beneficial for those with dry, damaged hair, providing 24-hour volume maintenance and deep nourishment. Best suited for people seeking overnight hair repair without washing in the morning.</div>\n</div>\n</div>\n</div>\n</div>",https://foryoupiece.com/wp-content/uploads/Square-Photoroom63.jpg
2JGE699I,"Diane Deep Night Moist Treatment Refill 660ml","<div class=""mb-md"">\n<div class=""relative default font-sans text-base text-textMain dark:text-textMainDark selection:bg-super/50 selection:text-textMain dark:selection:bg-superDuper/10 dark:selection:text-superDark"">\n<div class=""min-w-0 break-words [word-break:break-word]"">\n<div dir=""auto"">\n<div class=""prose dark:prose-invert inline leading-normal break-words min-w-0 [word-break:break-word]"">Diane Deep Night Moist Treatment Refill is a Japanese hair treatment refill pack designed for overnight hair repair and moisturizing. This sulfate-free formula features organic argan oil, moist keratin, and vitamin E capsules to deeply nourish damaged and unruly hair while you sleep. The product is especially effective for dry, thick, and frizzy hair types, leaving strands smooth and manageable. It has a pleasant moonlight berry fragrance combining fruity and floral notes. Best suited for those seeking intensive overnight moisture and frizz control.</div>\n</div>\n</div>\n</div>\n</div>",https://foryoupiece.com/wp-content/uploads/Square-Photoroom48.jpg
3V0YVI20,"KUNDAL Protein Bonding No Wash Treatment 130ml","<div class=""mb-md"">\n<div class=""relative default font-sans text-base text-textMain dark:text-textMainDark selection:bg-super/50 selection:text-textMain dark:selection:bg-superDuper/10 dark:selection:text-superDark"">\n<div class=""min-w-0 break-words [word-break:break-word]"">\n<div dir=""auto"">\n<div class=""prose dark:prose-invert inline leading-normal break-words min-w-0 [word-break:break-word]"">KUNDAL Protein Bonding No Wash Treatment is a leave-in hair treatment designed for damaged and dry hair. The formula features Double Care Bonding Technology with plant proteins and algae extracts that penetrate deep into hair cuticles to strengthen and repair. Enhanced with six types of hyaluronic acid and a Pink Glam complex (rose, tulip, and hibiscus extracts), it provides intense moisture and shine. This non-rinse treatment works particularly well for brittle, frizzy hair and can be applied to both wet or dry hair. The product comes in different scents, with the pictured version being Violet Muguet, offering a powdery floral fragrance.</div>\n</div>\n</div>\n</div>\n</div>",https://foryoupiece.com/wp-content/uploads/Square-Photoroom49.jpg
T4GU5P5Y,"FLAIR Fabric Softener Savon de Savon Scent 940ml","<div class=""mb-md"">\n<div class=""relative default font-sans text-base text-textMain dark:text-textMainDark selection:bg-super/50 selection:text-textMain dark:selection:bg-superDuper/10 dark:selection:text-superDark"">\n<div class=""min-w-0 break-words [word-break:break-word]"">\n<div dir=""auto"">\n<div class=""prose dark:prose-invert inline leading-normal break-words min-w-0 [word-break:break-word]"">Kao's FLAIR Fabric Softener in Savon de Savon scent is a premium Japanese laundry softener featuring a sophisticated blend of 50 fragrances. The scent combines transparent jasmine and soft musk notes that last up to 12 hours, even after sweating. This fabric softener not only provides a long-lasting fresh fragrance but also offers antibacterial properties, prevents static and wrinkles, and leaves clothes exceptionally soft. The refill pouch format makes it eco-friendly and convenient for regular use.</div>\n</div>\n</div>\n</div>\n</div>",https://foryoupiece.com/wp-content/uploads/Square-Photoroom47.jpg
KJDXFF47,"FLAIR Fabric Softener Floral Sweet Scent 940ml","<div class=""mb-md"">\n<div class=""relative default font-sans text-base text-textMain dark:text-textMainDark selection:bg-super/50 selection:text-textMain dark:selection:bg-superDuper/10 dark:selection:text-superDark"">\n<div class=""min-w-0 break-words [word-break:break-word]"">\n<div dir=""auto"">\n<div class=""prose dark:prose-invert inline leading-normal break-words min-w-0 [word-break:break-word]"">Kao's FLAIR Fabric Softener in Floral Sweet scent is a premium Japanese laundry softener featuring their Diamond Aroma technology. This softener combines elegant floral notes with fresh peach and warm vanilla undertones. It provides 12-hour fragrance that activates with body heat and moisture, while offering antibacterial and anti-static properties. The formula keeps clothes soft, wrinkle-free, and pleasantly scented. Perfect for those who prefer a subtle yet sophisticated floral fragrance that doesn't overwhelm.</div>\n</div>\n</div>\n</div>\n</div>",https://foryoupiece.com/wp-content/uploads/Square-Photoroom46.jpg
XLP4T4KL,"&Honey Pixie Sabon Moist Silky Shampoo Treatment Set","<div class=""mb-md"">\n<div class=""relative default font-sans text-base text-textMain dark:text-textMainDark selection:bg-super/50 selection:text-textMain dark:selection:bg-superDuper/10 dark:selection:text-superDark"">\n<div class=""min-w-0 break-words [word-break:break-word]"">\n<div dir=""auto"">\n<div class=""prose dark:prose-invert inline leading-normal break-words min-w-0 [word-break:break-word]"">The &amp;Honey Pixie Sabon Moist Silky Shampoo and Treatment Set is a premium Japanese hair care duo specially formulated for dry, tangled, and fine hair. The products contain a luxurious blend of honey, royal jelly, propolis, hyaluronic acid, and argan oil, with over 90% of the formula consisting of moisturizing and protective ingredients. Enhanced with cashmere silk components, it effectively reduces tangles and improves manageability. The shampoo features a refreshing emerald sabon honey scent, while the treatment has a luminous floral honey fragrance. This set is particularly beneficial for those with dry, frizzy, or difficult-to-manage hair, promising silky-smooth results from root to tip.</div>\n</div>\n</div>\n</div>\n</div>",https://foryoupiece.com/wp-content/uploads/sg-11134207-7rd6r-lx9da5930rj430-Photoroom62.jpg
DX4LF6SH,"Kundal Protein Bonding for Damage Hair Shampoo Treatment Set 500ml + 250ml","<div class=""mb-md"">\n<div class=""relative default font-sans text-base text-textMain dark:text-textMainDark selection:bg-super/50 selection:text-textMain dark:selection:bg-superDuper/10 dark:selection:text-superDark"">\n<div class=""min-w-0 break-words [word-break:break-word]"">\n<div dir=""auto"">\n<div class=""prose dark:prose-invert inline leading-normal break-words min-w-0 [word-break:break-word]"">KUNDAL Protein Bonding Damage Care Set combines a 500ml shampoo and 250ml treatment specifically designed for dry, damaged hair. The formula features Double Care Bonding Technology that enhances protein bonding within hair strands while providing deep hydration. Enriched with Pink Glam Complex (Provence Rose, Tulip, and Hibiscus extracts) and 8 types of Hyaluronic Acid, it repairs and strengthens hair from within. Best suited for those with chemically treated, heat-damaged, or protein-deficient hair seeking salon-level restoration and shine.</div>\n</div>\n</div>\n</div>\n</div>",https://foryoupiece.com/wp-content/uploads/Square-Photoroom45.jpg
G06VKMNV,"YOLU Relax Night Repair Set of 3 [Shampoo/Treatment/Bath Tablets]","<div class=""mb-md"">\n<div class=""relative default font-sans text-base text-textMain dark:text-textMainDark selection:bg-super/50 selection:text-textMain dark:selection:bg-superDuper/10 dark:selection:text-superDark"">\n<div class=""min-w-0 break-words [word-break:break-word]"">\n<div dir=""auto"">\n<div class=""prose dark:prose-invert inline leading-normal break-words min-w-0 [word-break:break-word]"">YOLU Relax Night Repair Set is a Japanese nighttime hair and bath care system featuring a shampoo (475ml), treatment (475g), and bath tablets (40g x 2). The set is designed for those with frizzy or unruly hair, working overnight to repair and smooth hair while you sleep. Formulated with keratin, silk tree bark extract, and mallow flower extract, it's silicone and paraben-free. The products feature a calming pear and geranium fragrance to promote relaxation. The bath tablets dissolve to create a carbonated bath experience with moisturizing properties.</div>\n</div>\n</div>\n</div>\n</div>",https://foryoupiece.com/wp-content/uploads/Square-Photoroom44.jpg
HO7XR2DT,"&Honey Melty Moist Repair Set of 3 Winne the Pooh Edition [Shampoo/Treatment/Hair Oil]","<div class=""mb-md"">\n<div class=""relative default font-sans text-base text-textMain dark:text-textMainDark selection:bg-super/50 selection:text-textMain dark:selection:bg-superDuper/10 dark:selection:text-superDark"">\n<div class=""min-w-0 break-words [word-break:break-word]"">\n<div dir=""auto"">\n<div class=""prose dark:prose-invert inline leading-normal break-words min-w-0 [word-break:break-word]"">This is a limited edition Winnie the Pooh collaboration with &amp;Honey, featuring their Melty Moist Repair hair care line. The set includes shampoo (440ml), treatment (445ml), and hair oil (100ml) in specially designed packaging featuring Pooh and Piglet. The formula contains three types of honey and hyaluronic acid for intense moisture retention. It's specifically designed for those struggling with frizz and unruly hair, helping to create straight, glossy results. The products feature a Wonder Rose Honey fragrance and are particularly recommended for those wanting to manage wavy or curly hair while achieving a sleek, moisturized finish.</div>\n</div>\n</div>\n</div>\n</div>",https://foryoupiece.com/wp-content/uploads/sg-11134207-7rd6r-lx9da5930rj430-Photoroom59.jpg
8USPQLOM,"Schick Intuition Razor, Sensitive Skin, Holder With Blade + 1 Replacement Blade","<div class=""mb-md"">\n<div class=""relative default font-sans text-base text-textMain dark:text-textMainDark selection:bg-super/50 selection:text-textMain dark:selection:bg-superDuper/10 dark:selection:text-superDark"">\n<div class=""min-w-0 break-words [word-break:break-word]"">\n<div dir=""auto"">\n<div class=""prose dark:prose-invert inline leading-normal break-words min-w-0 [word-break:break-word]"">The Schick Intuition Sensitive Care razor is a specialized shaving system designed for sensitive skin, featuring a built-in moisturizing soap bar infused with aloe vera and tea leaf extracts. The 4-blade pivoting head automatically adjusts to body contours while the integrated soap bar lathers and moisturizes in one step, eliminating the need for separate shaving cream. It includes safety wires to minimize blade contact with skin and a rubber grip for secure handling in wet conditions. This Japanese version is particularly suited for those with sensitive skin who prefer a gentle, simplified shaving routine.</div>\n</div>\n</div>\n</div>\n</div>",https://foryoupiece.com/wp-content/uploads/Square-Photoroom43.jpg
HG2ZU1KU,"KOSÉ Clear Turn Sorry Bare Skin Mask 7 Sheets","<div class=""mb-md"">\n<div class=""relative default font-sans text-base text-textMain dark:text-textMainDark selection:bg-super/50 selection:text-textMain dark:selection:bg-superDuper/10 dark:selection:text-superDark"">\n<div class=""min-w-0 break-words [word-break:break-word]"">\n<div dir=""auto"">\n<div class=""prose dark:prose-invert inline leading-normal break-words min-w-0 [word-break:break-word]"" style=""text-align: left;"">KOSE Clear Turn Sorry Bare Skin Mask is a Japanese sheet mask designed for sensitive and stressed skin. Each pack contains 7 sheets featuring a unique three-layer cotton material with an embossed surface for enhanced adhesion and gentle exfoliation. The mask is infused with natural ingredients including pomegranate extract, plum extract, and hyaluronic acid to repair and hydrate compromised skin. It's particularly suitable for those with irregular lifestyles or experiencing skin troubles due to external stress. The alcohol-free, fragrance-free, and weakly acidic formula makes it ideal for sensitive skin types. The recommended usage time is 8 minutes, and it's best used 1-2 times per week.</div>\n</div>\n</div>\n</div>\n</div>",https://foryoupiece.com/wp-content/uploads/Square-Photoroom42.jpg
SVS6SYK2,"Botanist Treatment, Smooth 460g","<div class=""mb-md"">\n<div class=""relative default font-sans text-base text-textMain dark:text-textMainDark selection:bg-super/50 selection:text-textMain dark:selection:bg-superDuper/10 dark:selection:text-superDark"">\n<div class=""min-w-0 break-words [word-break:break-word]"">\n<div dir=""auto"">\n<div class=""prose dark:prose-invert inline leading-normal break-words min-w-0 [word-break:break-word]"">Botanist Treatment Smooth 460g is a premium Japanese hair conditioner designed for deep moisturizing and smoothing effects. This botanical-based treatment features natural plant-derived ingredients including white birch, avocado, and soybean extracts, along with ceramides and hyaluronic acid for intense hydration. The formula is free from synthetic pigments and offers a delightful apple and berry fragrance. Best suited for those seeking to transform dry, damaged hair into silky, smooth locks with natural ingredients. The treatment provides triple care - moisturizing, scalp care, and damage repair - while delivering shine and bounce from root to tip.</div>\n</div>\n</div>\n</div>\n</div>",https://foryoupiece.com/wp-content/uploads/Square-Photoroom41.jpg
716233EZ,"Yanagiya Hair Tonic Large 360ml","<div class=""mb-md"">\n<div class=""relative default font-sans text-base text-textMain dark:text-textMainDark selection:bg-super/50 selection:text-textMain dark:selection:bg-superDuper/10 dark:selection:text-superDark"">\n<div class=""min-w-0 break-words [word-break:break-word]"">\n<div dir=""auto"">\n<div class=""prose dark:prose-invert inline leading-normal break-words min-w-0 [word-break:break-word]"">Yanagiya Hair Tonic is a long-trusted Japanese medicinal hair care product with over 60 years of heritage. This refreshing tonic contains three medicinal ingredients and natural herbal extracts including Swertia japonica, ginseng, and Sophora flavescens that penetrate the hair roots. The formula helps prevent hair loss, promotes hair growth, reduces dandruff and scalp itching, while providing a cooling sensation. The subtle citrus-scented tonic is best suited for those concerned with hair thinning, scalp care, and those seeking a traditional Japanese approach to hair maintenance. For optimal results, apply 2-3 times daily to a clean, dry scalp with a gentle massage.</div>\n</div>\n</div>\n</div>\n</div>",https://foryoupiece.com/wp-content/uploads/Square-Photoroom40.jpg
759SERCZ,"Tsujiri Green Lemon Tea 170g","<div class=""mb-md"">\n<div class=""relative default font-sans text-base text-textMain dark:text-textMainDark selection:bg-super/50 selection:text-textMain dark:selection:bg-superDuper/10 dark:selection:text-superDark"">\n<div class=""min-w-0 break-words [word-break:break-word]"">\n<div dir=""auto"">\n<div class=""prose dark:prose-invert inline leading-normal break-words min-w-0 [word-break:break-word]"">This is a premium instant green tea powder product from Tsujiri, a renowned Kyoto tea brand established in 1860. The blend combines authentic Uji matcha from Kyoto with fermented lemon juice from Setouchi region and honey, creating a refreshing beverage that can be enjoyed hot or cold. The 170g package contains a powder that dissolves easily in water, offering a perfect balance of matcha's earthiness with citrus brightness and subtle sweetness. It's particularly well-suited for summer refreshment, though enjoyable year-round. Each serving provides a convenient way to experience high-quality Japanese tea with a modern twist.</div>\n</div>\n</div>\n</div>\n</div>",https://foryoupiece.com/wp-content/uploads/Square-Photoroom38.jpg
2TW4WXJ8,"Diane Extra Fresh & Repair Shampoo Treatment Set","<div class=""mb-md"">\n<div class=""relative default font-sans text-base text-textMain dark:text-textMainDark selection:bg-super/50 selection:text-textMain dark:selection:bg-superDuper/10 dark:selection:text-superDark"">\n<div class=""min-w-0 break-words [word-break:break-word]"">\n<div dir=""auto"">\n<div class=""prose dark:prose-invert inline leading-normal break-words min-w-0 [word-break:break-word]"">Diane Extra Fresh &amp; Repair Shampoo Treatment Set is a Japanese summer-exclusive haircare duo featuring a grapefruit and peppermint fragrance. The set contains feather keratin for intensive repair and three refreshing herbs (rosemary, lemongrass, and peppermint) to address oily scalp concerns in humid weather. Enriched with organic argan oil and formulated without silicones and sulfates, it's specifically designed to combat UV damage while providing a lightweight, refreshing finish. Best suited for those dealing with oily scalp, heat-induced scalp irritation, and summer hair damage who want a cooling, refreshing hair care experience.</div>\n</div>\n</div>\n</div>\n</div>",https://foryoupiece.com/wp-content/uploads/Square-Photoroom37.jpg
G68FOFBJ,"YOLU Calm Night Repair Treatment 475g","<div class=""mb-md"">\n<div class=""relative default font-sans text-base text-textMain dark:text-textMainDark selection:bg-super/50 selection:text-textMain dark:selection:bg-superDuper/10 dark:selection:text-superDark"">\n<div class=""min-w-0 break-words [word-break:break-word]"">\n<div dir=""auto"">\n<div class=""prose dark:prose-invert inline leading-normal break-words min-w-0 [word-break:break-word]"">YOLU Calm Night Repair Treatment is a Japanese hair treatment designed for overnight hair care. This 475g bottle contains a specialized night-cap formula that protects hair from friction and dryness damage during sleep. Enriched with ceramides and beauty serum ingredients, it deeply moisturizes both hair and scalp. The formula is free from parabens, mineral oils, and synthetic colorants. Its soothing fragrance combines neroli and peony notes, perfect for nighttime relaxation. Best suited for damaged, colored, or permed hair, particularly for those seeking to wake up with smoother, more manageable hair.</div>\n</div>\n</div>\n</div>\n</div>",https://foryoupiece.com/wp-content/uploads/Square-Photoroom36.jpg
H9FBBQNE,"YOLU Calm Night Repair Shampoo 475ml","<div class=""mb-md"">\n<div class=""relative default font-sans text-base text-textMain dark:text-textMainDark selection:bg-super/50 selection:text-textMain dark:selection:bg-superDuper/10 dark:selection:text-superDark"">\n<div class=""min-w-0 break-words [word-break:break-word]"">\n<div dir=""auto"">\n<div class=""prose dark:prose-invert inline leading-normal break-words min-w-0 [word-break:break-word]"">YOLU Calm Night Repair Shampoo is a Japanese silicone-free hair care product designed for overnight hair repair and protection. This innovative shampoo features a unique night cap formula that shields hair from friction and dryness damage while sleeping. Enriched with hydrolyzed keratin, Persian silk tree bark extract, and lotus flower extract, it deeply moisturizes both hair and scalp. The formula is particularly effective for damaged, color-treated, or permed hair, leaving it smooth and silky by morning. Its soothing neroli and peony fragrance promotes relaxation. The product is free from parabens, mineral oils, and synthetic dyes, making it suitable for those seeking gentle yet effective hair care.</div>\n</div>\n</div>\n</div>\n</div>",https://foryoupiece.com/wp-content/uploads/Square-Photoroom35.jpg
ZJM0Q8FF,"Dove Foaming Body Wash Beauty Moisture Plump, Rose Bouquet Scent 540ml","<div class=""mb-md"">\n<div class=""relative default font-sans text-base text-textMain dark:text-textMainDark selection:bg-super/50 selection:text-textMain dark:selection:bg-superDuper/10 dark:selection:text-superDark"">\n<div class=""min-w-0 break-words [word-break:break-word]"">\n<div dir=""auto"">\n<div class=""prose dark:prose-invert inline leading-normal break-words min-w-0 [word-break:break-word]"">This Dove Foaming Body Wash is a Japanese body cleanser that delivers premium moisture while cleansing. The innovative pump dispenses approximately 5 million micro-bubbles per push, creating a rich, non-collapsing foam that spreads easily across the skin. Formulated with Niacinamide and pearl essence, it effectively removes impurities from pores while maintaining skin hydration. The formula features a gentle floral fragrance and leaves skin feeling plump and radiant. This body wash is particularly suitable for those seeking a luxurious cleansing experience while maintaining skin moisture, making it ideal for daily use and those with normal to dry skin types.</div>\n</div>\n</div>\n</div>\n</div>",https://foryoupiece.com/wp-content/uploads/Square-Photoroom34.jpg
4C8EX70J,"Laundrin’ Fabric Mist, Classic Floral Scent, 370ml","<div class=""mb-md"">\n<div class=""relative default font-sans text-base text-textMain dark:text-textMainDark selection:bg-super/50 selection:text-textMain dark:selection:bg-superDuper/10 dark:selection:text-superDark"">\n<div class=""min-w-0 break-words [word-break:break-word]"">\n<div dir=""auto"">\n<div class=""prose dark:prose-invert inline leading-normal break-words min-w-0 [word-break:break-word]"">Laundrin Fabric Refresher is a premium Japanese fabric and room spray designed to eliminate unwanted odors while leaving a luxurious fragrance. The Classic Floral scent features a sophisticated blend of peach and apple top notes, followed by rose, lily of the valley, and jasmine middle notes, finishing with woody, musk, cedar, and balsamic base notes. This dual-action spray provides antibacterial protection and deodorizing effects, making it perfect for items that can't be washed daily like curtains, sofas, carpets, and clothing. Infused with organic plant extracts, it's ideal for refreshing spaces and fabrics while maintaining a clean, elegant atmosphere.</div>\n</div>\n</div>\n</div>\n</div>",https://foryoupiece.com/wp-content/uploads/Square-Photoroom33.jpg
K1I0MKVE,"Dove Body Soap Firm & Moisture, Jasmine Scent 480g","<div class=""mb-md"">\n<div class=""relative default font-sans text-base text-textMain dark:text-textMainDark selection:bg-super/50 selection:text-textMain dark:selection:bg-superDuper/10 dark:selection:text-superDark"">\n<div class=""min-w-0 break-words [word-break:break-word]"">\n<div dir=""auto"">\n<div class=""prose dark:prose-invert inline leading-normal break-words min-w-0 [word-break:break-word]"">This Dove body wash is part of their Fermentation &amp; Beauty Series, featuring a unique formula with two types of fermented beauty ingredients (Acerola Cherry and Pomegranate) plus Jasmine extract. The low-molecular-weight fermented ingredients penetrate deep into the skin's layers while removing dead skin cells. It creates rich, luxurious lather and locks in moisture for firmer, more hydrated skin. The body wash has a refreshing jasmine fragrance with subtle fermented notes. Best suited for those with dry skin seeking both firmness and hydration in their daily body care routine.</div>\n</div>\n</div>\n</div>\n</div>",https://foryoupiece.com/wp-content/uploads/Square-Photoroom32.jpg
P3OHZLOM,"Replica Notes Fabric Mist, Sensual Fruity Scent, 300ml","<div class=""mb-md"">\n<div class=""relative default font-sans text-base text-textMain dark:text-textMainDark selection:bg-super/50 selection:text-textMain dark:selection:bg-superDuper/10 dark:selection:text-superDark"">\n<div class=""min-w-0 break-words [word-break:break-word]"">\n<div dir=""auto"">\n<div class=""prose dark:prose-invert inline leading-normal break-words min-w-0 [word-break:break-word]"">Replica Notes Fabric Mist in Sensual Fruity Scent is a premium fabric refresher spray from Matsumoto Kiyoshi's lifestyle brand. This sophisticated mist combines juicy citrus, raspberry, and peach top notes with floral middle notes of rose, jasmine, and magnolia, finishing with woody and amber base notes. It offers 99.9% antibacterial properties and effectively eliminates common household odors from clothes and fabrics that can't be washed frequently. While the scent is luxurious and long-lasting, some users note it can be quite intense, making it best suited for those who enjoy stronger, sweet fragrances.</div>\n</div>\n</div>\n</div>\n</div>",https://foryoupiece.com/wp-content/uploads/Square-Photoroom31.jpg
CV7H155A,"Premium Aroma, Fruity, Room Fragrance 400ml","<div class=""mb-md"">\n<div class=""relative default font-sans text-base text-textMain dark:text-textMainDark selection:bg-super/50 selection:text-textMain dark:selection:bg-superDuper/10 dark:selection:text-superDark"">\n<div class=""min-w-0 break-words [word-break:break-word]"">\n<div dir=""auto"">\n<div class=""prose dark:prose-invert inline leading-normal break-words min-w-0 [word-break:break-word]"">This is a Premium Aroma room air freshener from S.T. Corporation Japan, featuring a sophisticated floral-fruity fragrance. The product contains specially selected fragrance oils curated by professional perfumers and incorporates nano-powder technology for effective deodorization. The 400ml liquid formulation provides long-lasting fragrance for 2-3 months, with an adjustable cap to control scent intensity. It's ideal for living rooms and entrances, designed to create an elegant, perfume-like atmosphere while effectively eliminating unwanted odors.</div>\n</div>\n</div>\n</div>\n</div>",https://foryoupiece.com/wp-content/uploads/Square-Photoroom30.jpg
0OHB6DT3,"Diane Deep Night Moist Shampoo 450ml","<div class=""mb-md"">\n<div class=""relative default font-sans text-base text-textMain dark:text-textMainDark selection:bg-super/50 selection:text-textMain dark:selection:bg-superDuper/10 dark:selection:text-superDark"">\n<div class=""min-w-0 break-words [word-break:break-word]"">\n<div dir=""auto"">\n<div class=""prose dark:prose-invert inline leading-normal break-words min-w-0 [word-break:break-word]"">Diane Deep Night Moist Shampoo is a premium Japanese hair care product designed for overnight repair and deep moisturizing. The shampoo features organic argan oil and hydrolyzed keratin with HYDROMAGIC® and WAVE CANCELLER® technology to provide intensive moisture retention and frizz control. Formulated without silicones, sulfates, and parabens, it's particularly effective for brittle, damaged, and unruly hair. The product has a calming moonlight berry fragrance combining fresh fruits with floral and woody notes. Best suited for those who regularly use heat styling or chemical treatments and need intensive overnight repair while maintaining color-safe protection.</div>\n</div>\n</div>\n</div>\n</div>",https://foryoupiece.com/wp-content/uploads/Square-Photoroom29.jpg
U1AX2R3Y,"KUNDAL Body Lotion, Baby Powder Scent, 500ml","<div class=""mb-md"">\n<div class=""relative default font-sans text-base text-textMain dark:text-textMainDark selection:bg-super/50 selection:text-textMain dark:selection:bg-superDuper/10 dark:selection:text-superDark"">\n<div class=""min-w-0 break-words [word-break:break-word]"">\n<div dir=""auto"">\n<div class=""prose dark:prose-invert inline leading-normal break-words min-w-0 [word-break:break-word]"">This KUNDAL Honey &amp; Macadamia Body Lotion in Baby Powder scent is a Korean skincare product featuring a blend of natural ingredients, including aloe vera leaf extract, honey, and macadamia seed extract. The lotion offers dual benefits of whitening and anti-aging properties through niacinamide while providing intense hydration. Its lightweight formula absorbs quickly without stickiness, leaving skin nourished and softly scented with a gentle baby powder fragrance. Best suited for those seeking daily moisturization with a subtle, comforting scent and brightening benefits.</div>\n</div>\n</div>\n</div>\n</div>",https://foryoupiece.com/wp-content/uploads/Square-Photoroom28.jpg
4UYUXIA0,"Salonia 2-Way Straighten & Curl Hair Iron, 32 mm, Professional Use, 428°F (220°C), Beige","<div class=""mb-md"">\n<div class=""relative default font-sans text-base text-textMain dark:text-textMainDark selection:bg-super/50 selection:text-textMain dark:selection:bg-superDuper/10 dark:selection:text-superDark"">\n<div class=""min-w-0 break-words [word-break:break-word]"">\n<div dir=""auto"">\n<div class=""prose dark:prose-invert inline leading-normal break-words min-w-0 [word-break:break-word]"">The Salonia 2-Way Hair Iron is a versatile styling tool that combines both straightening and curling functions in one device, featuring a 32mm ceramic-coated barrel. With professional-grade heating up to 220°C (428°F), it reaches styling temperature in just 50 seconds. The device offers precise temperature control in 5°C increments, includes safety features like auto-shutoff after 30 minutes, and is compatible with worldwide voltage (100V-240V). Best suited for users who want salon-quality versatility at home and frequently switch between straight and curled styles.</div>\n</div>\n</div>\n</div>\n</div>",https://foryoupiece.com/wp-content/uploads/Square-Photoroom27.jpg
QI8EOGK1,"WetBrush Original Detangler Rapunzel Hair Brush","<div class=""mb-md"">\n<div class=""relative default font-sans text-base text-textMain dark:text-textMainDark selection:bg-super/50 selection:text-textMain dark:selection:bg-superDuper/10 dark:selection:text-superDark"">\n<div class=""min-w-0 break-words [word-break:break-word]"">\n<div dir=""auto"">\n<div class=""prose dark:prose-invert inline leading-normal break-words min-w-0 [word-break:break-word]"">The WetBrush Original Detangler Rapunzel Hair Brush is a Disney Princess-themed detangling brush featuring Rapunzel's elegant portrait design on a silver-toned handle. This versatile brush is equipped with ultra-soft IntelliFlex bristles that effortlessly glide through tangles while minimizing pain and protecting against split ends and breakage. Suitable for both wet and dry hair, it works effectively on all hair types, including wigs and extensions. The brush embodies Rapunzel's adventurous spirit and is perfect for those seeking a gentle yet effective detangling solution with a touch of Disney magic.</div>\n</div>\n</div>\n</div>\n</div>",https://foryoupiece.com/wp-content/uploads/sg-11134207-7rd6r-lx9da5930rj430-Photoroom11.jpg
QCLW7OTE,"SALONIA Straight Hair Iron, 24mm, Purple Limited Edition","<div class=""mb-md"">\n<div class=""relative default font-sans text-base text-textMain dark:text-textMainDark selection:bg-super/50 selection:text-textMain dark:selection:bg-superDuper/10 dark:selection:text-superDark"">\n<div class=""min-w-0 break-words [word-break:break-word]"">\n<div dir=""auto"">\n<div class=""prose dark:prose-invert inline leading-normal break-words min-w-0 [word-break:break-word]"">The Salonia My Nuance hair straightener is a limited edition 2024 autumn/winter styling tool featuring a sophisticated purple metallic finish. This versatile straightener offers temperature control ranging from 120°C to 230°C with a quick 30-second heat-up time. It comes with ceramic-coated plates for smooth gliding and reduced hair damage, a 360-degree rotating cord for easy handling, and an auto-shutoff function for safety. The device is particularly well-suited for those seeking a high-quality yet affordable styling tool, whether for creating sleek straight styles or subtle waves. It's especially good for busy individuals who want quick, efficient styling without compromising on hair health.</div>\n</div>\n</div>\n</div>\n</div>",https://foryoupiece.com/wp-content/uploads/sg-11134207-7rd6r-lx9da5930rj430-Photoroom10.jpg
VU37PSWM,"Salonia Speedy Ion Dryer, White Hair Dryer","<div class=""mb-md"">\n<div class=""relative default font-sans text-base text-textMain dark:text-textMainDark selection:bg-super/50 selection:text-textMain dark:selection:bg-superDuper/10 dark:selection:text-superDark"">\n<div class=""min-w-0 break-words [word-break:break-word]"">\n<div dir=""auto"">\n<div class=""prose dark:prose-invert inline leading-normal break-words min-w-0 [word-break:break-word]"">The SALONIA Speedy Ion Hair Dryer is a compact and lightweight Japanese hair dryer featuring a high airflow capacity of 2.3㎥/min for quick drying. It offers three modes (TURBO/SET/COOL), negative ion technology, and a foldable design for easy storage. The dryer weighs just 495g and includes a detachable nozzle. Best suited for those seeking a space-saving, efficient dryer for daily use. Its minimalist design and straightforward controls make it ideal for users who prioritize simplicity and functionality in their hair care routine.</div>\n</div>\n</div>\n</div>\n</div>",https://foryoupiece.com/wp-content/uploads/sg-11134207-7rd6r-lx9da5930rj430-Photoroom9.jpg
M266N3LG,"Diane Deep Night Moist Shampoo Refill 660ml","<div class=""mb-md"">\n<div class=""relative default font-sans text-base text-textMain dark:text-textMainDark selection:bg-super/50 selection:text-textMain dark:selection:bg-superDuper/10 dark:selection:text-superDark"">\n<div class=""min-w-0 break-words [word-break:break-word]"">\n<div dir=""auto"">\n<div class=""prose dark:prose-invert inline leading-normal break-words min-w-0 [word-break:break-word]"">Diane Deep Night Moist Shampoo Refill is a Japanese hair care product featuring a moisturizing formula with organic argan oil and keratin. This silicone-free shampoo is designed for those with dry, damaged, or frizzy hair. It has a pleasant moonlight berry fragrance combining fruity and floral notes. The formula deeply penetrates to repair and hydrate hair while controlling waves and frizz. The refill pouch contains 660ml of product, making it an eco-friendly and economical choice for daily hair care.</div>\n</div>\n</div>\n</div>\n</div>",https://foryoupiece.com/wp-content/uploads/sg-11134207-7rd6r-lx9da5930rj430-Photoroom8.jpg
BKNBN3BA,"Mapepe Relaxing Scalp Brush Soft","<div class=""mb-md"">\n<div class=""relative default font-sans text-base text-textMain dark:text-textMainDark selection:bg-super/50 selection:text-textMain dark:selection:bg-superDuper/10 dark:selection:text-superDark"">\n<div class=""min-w-0 break-words [word-break:break-word]"">\n<div dir=""auto"">\n<div class=""prose dark:prose-invert inline leading-normal break-words min-w-0 [word-break:break-word]"">The Mapepe Relaxing Scalp Care Brush is a versatile silicone scalp massager designed for both in-shower and dry use. Its egg-shaped design features 13 strategically placed protrusions that provide gentle yet effective stimulation to the scalp. The brush has an ergonomic grip with a finger indent for better control and a hanging hole for hygienic storage. It serves dual purposes: as a shampoo brush to thoroughly cleanse the scalp and remove buildup, and as a massage tool for scalp stimulation and relaxation. Best suited for those looking to enhance their scalp care routine or seeking stress relief through scalp massage.</div>\n</div>\n</div>\n</div>\n</div>",https://foryoupiece.com/wp-content/uploads/sg-11134207-7rd6r-lx9da5930rj430-Photoroom7.jpg
7OAM38AQ,"CANMAKE Glow Fleur Cheeks [17] Strawberry Milk Fleur",,https://foryoupiece.com/wp-content/uploads/Square-Photoroom26.jpg
CU3NU9SU,"CANMAKE Powder Cheeks P01 Powerful Pink",,https://foryoupiece.com/wp-content/uploads/Square-Photoroom25.jpg
X6IWN0QX,"CANMAKE Cream Cheek P05",,https://foryoupiece.com/wp-content/uploads/Square-Photoroom24.jpg
S5UIN134,"CANMAKE Cream Cheek CL01","<div class=""mb-md"">\n<div class=""relative default font-sans text-base text-textMain dark:text-textMainDark selection:bg-super/50 selection:text-textMain dark:selection:bg-superDuper/10 dark:selection:text-superDark"">\n<div class=""min-w-0 break-words [word-break:break-word]"">\n<div dir=""auto"">\n<div class=""prose dark:prose-invert inline leading-normal break-words min-w-0 [word-break:break-word]"">The CANMAKE Cream Cheek CL01 Clear Red Heart is a melting gel-type cream blush from Japan that transforms into a powder-like finish upon application. This transparent red shade creates a natural flush effect, as if blood is rushing to your cheeks. The formula contains moisturizing ingredients like squalane, collagen, and royal jelly extract. Perfect for those seeking a natural, dewy look, it can be used on both cheeks and lips. Best suited for makeup beginners due to its easy application and buildable color.</div>\n</div>\n</div>\n</div>\n</div>",https://foryoupiece.com/wp-content/uploads/Square-Photoroom23.jpg
U1BA0VYN,"CANMAKE Munyut Highlighter [01] Moonlight Gem",,https://foryoupiece.com/wp-content/uploads/Square-Photoroom22.jpg
90AYFQQD,"CANMAKE Metalook Mascara 01 Black","CANMAKE Metalook Mascara 01 Black is an innovative Japanese mascara featuring a unique 2.5mm stainless steel metal comb applicator. This oil-based formula creates customizable lash clustering effects without clumping, even with multiple coats. The ultra-fine metal comb reaches inner and outer corner lashes effectively, making it particularly suitable for those with monolids or hooded eyes. The mascara is water, sweat, and sebum-resistant, providing long-lasting curl. It's ideal for achieving natural to dramatic lash looks, from office-appropriate to bold evening styles. The product has gained recognition, winning the @cosme Best Cosmetics Award 2024.",https://foryoupiece.com/wp-content/uploads/Square-Photoroom21.jpg
MJN814R3,"CANMAKE Gel Creamy Touch Liner 01 Deep black","<div class=""mb-md"">\n<div class=""relative default font-sans text-base text-textMain dark:text-textMainDark selection:bg-super/50 selection:text-textMain dark:selection:bg-superDuper/10 dark:selection:text-superDark"">\n<div class=""min-w-0 break-words [word-break:break-word]"">\n<div dir=""auto"">\n<div class=""prose dark:prose-invert inline leading-normal break-words min-w-0 [word-break:break-word]"">The CANMAKE Creamy Touch Liner 01 Deep Black is a Japanese gel eyeliner featuring an ultra-fine 1.5mm retractable tip. Known for its chocolate-like melting texture, this waterproof liner glides smoothly on the eyelids without tugging. The deep black shade provides intense color payoff in a single stroke while being gentle on the eyes. Its slim tip makes it perfect for filling gaps between lashes and creating precise lines. Best suited for those seeking a long-lasting, smudge-resistant eyeliner that's resistant to water, sweat, tears, and sebum. The formula includes moisturizing ingredients like squalane and hyaluronic acid.</div>\n</div>\n</div>\n</div>\n</div>",https://foryoupiece.com/wp-content/uploads/Square-Photoroom19.jpg
GKYTUGBD,"CANMAKE Gel Creamy Touch Liner 02 Medium Brown","<div class=""mb-md"">\n<div class=""relative default font-sans text-base text-textMain dark:text-textMainDark selection:bg-super/50 selection:text-textMain dark:selection:bg-superDuper/10 dark:selection:text-superDark"">\n<div class=""min-w-0 break-words [word-break:break-word]"">\n<div dir=""auto"">\n<div class=""prose dark:prose-invert inline leading-normal break-words min-w-0 [word-break:break-word]"">The CANMAKE Creamy Touch Liner 02 Medium Brown is a popular Japanese gel eyeliner featuring an ultra-slim 1.5mm retractable tip. This waterproof formula is known for its smooth, chocolate-like melting texture that glides effortlessly on the eyelids. The medium brown shade provides a gentle, natural-looking definition while maintaining rich color payoff in a single stroke. It's particularly well-suited for those seeking a softer alternative to black liner, as it creates definition without appearing harsh. The formula resists water, sweat, tears, and sebum, making it ideal for long-wearing daily use. Perfect for those who want precise application with its ultra-fine tip while maintaining a natural eye-defining look.</div>\n</div>\n</div>\n</div>\n</div>",https://foryoupiece.com/wp-content/uploads/Square-Photoroom20.jpg
O8T86ND0,"CANMAKE Gel Creamy Touch Liner 03 Dark Brown","<div class=""mb-md"">\n<div class=""relative default font-sans text-base text-textMain dark:text-textMainDark selection:bg-super/50 selection:text-textMain dark:selection:bg-superDuper/10 dark:selection:text-superDark"">\n<div class=""min-w-0 break-words [word-break:break-word]"">\n<div dir=""auto"">\n<div class=""prose dark:prose-invert inline leading-normal break-words min-w-0 [word-break:break-word]"">The CANMAKE Creamy Touch Liner 03 Dark Brown is a Japanese gel eyeliner featuring an ultra-fine 1.5mm tip that delivers smooth, chocolate-like application. This waterproof formula is resistant to water, sweat, tears, and sebum, ensuring long-lasting wear. The dark brown shade offers a softer alternative to black, creating defined yet natural-looking eye contours. The twist-up design maintains the slim tip for precise application, making it perfect for filling in lash lines and creating delicate lines. Best suited for those seeking a smudge-proof, easy-to-use eyeliner that provides a gentle eye-defining effect.</div>\n</div>\n</div>\n</div>\n</div>",https://foryoupiece.com/wp-content/uploads/Square-Photoroom18.jpg
RCLW5CQ9,"CANMAKE Illuminating Finish Powder ~Abloom~ (PA01 Hydrangea Garden)","<div class=""mb-md"">\n<div class=""relative default font-sans text-base text-textMain dark:text-textMainDark selection:bg-super/50 selection:text-textMain dark:selection:bg-superDuper/10 dark:selection:text-superDark"">\n<div class=""min-w-0 break-words [word-break:break-word]"">\n<div dir=""auto"">\n<div class=""prose dark:prose-invert inline leading-normal break-words min-w-0 [word-break:break-word]"">\n<div class=""mb-md"">\n<div class=""relative default font-sans text-base text-textMain dark:text-textMainDark selection:bg-super/50 selection:text-textMain dark:selection:bg-superDuper/10 dark:selection:text-superDark"">\n<div class=""min-w-0 break-words [word-break:break-word]"">\n<div dir=""auto"">\n<div class=""prose dark:prose-invert inline leading-normal break-words min-w-0 [word-break:break-word]"">Canmake Illuminating Finish Powder Abloom in PA01 Hydrangea Garden is a Japanese face powder featuring five color-correcting shades with fine pearl particles that create a luminous, translucent finish. This powder provides SPF24 PA++ protection while effectively concealing pores and uneven texture. It contains 15 beautifying ingredients to prevent dryness and is resistant to water and sweat. The lavender-tinted formula enhances skin's natural glow without looking powdery. Best suited for those seeking a radiant, dewy finish rather than a matte look. The powder can be used all over or targeted for specific areas, and removes easily with regular face wash when used alone.</div>\n</div>\n</div>\n</div>\n</div>\n</div>\n</div>\n</div>\n</div>\n</div>",https://foryoupiece.com/wp-content/uploads/Square-Photoroom16.jpg
TZVKK2LH,"CANMAKE Marshmallow Finish Powder ~Abloom~ [02] Sakura Tulle","<div class=""mb-md"">\n<div class=""relative default font-sans text-base text-textMain dark:text-textMainDark selection:bg-super/50 selection:text-textMain dark:selection:bg-superDuper/10 dark:selection:text-superDark"">\n<div class=""min-w-0 break-words [word-break:break-word]"">\n<div dir=""auto"">\n<div class=""prose dark:prose-invert inline leading-normal break-words min-w-0 [word-break:break-word]"">The Canmake Marshmallow Finish Powder Abloom 02 Sakura Tulle is a Japanese face powder featuring five harmonious pink-toned shades designed to enhance skin's rosy luminosity. This powder provides a matte, marshmallow-soft finish while offering SPF19/PA++ protection. It effectively controls oil, resists sweat, and prevents makeup from fading throughout the day. The powder contains 15 beautifying ingredients to prevent skin dryness and can be removed with regular face wash when used alone. Best suited for those seeking a natural tone-up effect with added brightness and subtle color correction, particularly for achieving a soft, translucent finish with a hint of pink.</div>\n</div>\n</div>\n</div>\n</div>",https://foryoupiece.com/wp-content/uploads/Square-Photoroom17.jpg
K91NDIP7,"CANMAKE Marshmallow Finish Powder [ML] Matte Light Oakle","<div class=""mb-md"">\n<div class=""relative default font-sans text-base text-textMain dark:text-textMainDark selection:bg-super/50 selection:text-textMain dark:selection:bg-superDuper/10 dark:selection:text-superDark"">\n<div class=""min-w-0 break-words [word-break:break-word]"">\n<div dir=""auto"">\n<div class=""prose dark:prose-invert inline leading-normal break-words min-w-0 [word-break:break-word]"">The Canmake Marshmallow Finish Powder ML (Matte Light Ochre) is a popular Japanese pressed face powder that creates a soft, matte finish while concealing pores and uneven skin texture. This light ochre shade enhances skin transparency and contains 71% mineral ingredients, making it gentle enough to remove with regular face wash. With SPF50 PA+++ protection and 15 beauty serum ingredients, it prevents makeup from fading due to oil and sweat. The compact comes with a mirror and soft puff, ideal for those seeking a natural, marshmallow-like finish with shine control throughout the day.</div>\n</div>\n</div>\n</div>\n</div>",https://foryoupiece.com/wp-content/uploads/sg-11134207-7rd6r-lx9da5930rj430-Photoroom90.jpg
KS2IA6QD,"Rosette Gomage Clear Peeling Gel Kuromi Limited, 120g","<div class=""mb-md"">\n<div class=""relative default font-sans text-base text-textMain dark:text-textMainDark selection:bg-super/50 selection:text-textMain dark:selection:bg-superDuper/10 dark:selection:text-superDark"">\n<div class=""min-w-0 break-words [word-break:break-word]"">\n<div dir=""auto"">\n<div class=""prose dark:prose-invert inline leading-normal break-words min-w-0 [word-break:break-word]"">The Rosette Gommage Clear Peel featuring Kuromi is a Japanese peeling gel designed for gentle exfoliation. This special edition features Sanrio's Kuromi character on its packaging and has a clear soap fragrance. The gel contains charcoal, AHA (fruit acids), and sea mud extract to effectively remove dead skin cells, unclog pores, and address skin texture concerns. When massaged onto the skin, it forms small particles that lift away impurities and dead skin. Best suited for those dealing with rough texture, clogged pores, and dull skin who want to achieve a smoother, clearer complexion. The treatment takes just 30 seconds to use.</div>\n</div>\n</div>\n</div>\n</div>",https://foryoupiece.com/wp-content/uploads/sg-11134207-7rd6r-lx9da5930rj430-Photoroom6.jpg
H8FV2E78,"ANESSA Perfect UV Spray 60g","<div class=""mb-md"">\n<div class=""relative default font-sans text-base text-textMain dark:text-textMainDark selection:bg-super/50 selection:text-textMain dark:selection:bg-superDuper/10 dark:selection:text-superDark"">\n<div class=""min-w-0 break-words [word-break:break-word]"">\n<div dir=""auto"">\n<div class=""prose dark:prose-invert inline leading-normal break-words min-w-0 [word-break:break-word]"">The ANESSA Perfect UV Spray is a premium Japanese sunscreen spray from Shiseido featuring SPF50+ PA++++ protection. This versatile spray is designed for face, body, and hair use, incorporating Auto Booster Technology that strengthens UV protection when exposed to sweat, water, or moisture. The lightweight, non-sticky formula offers super waterproof protection while being easily removable with soap. It contains plant-derived moisturizing ingredients for skin care benefits and provides 360-degree UV protection. Best suited for active individuals seeking convenient reapplication and those wanting comprehensive sun protection without compromising comfort. The spray comes in a 60g aerosol can with a subtle fruity-floral scent.</div>\n</div>\n</div>\n</div>\n</div>",https://foryoupiece.com/wp-content/uploads/sg-11134207-7rd6r-lx9da5930rj430-Photoroom5.jpg
6SAGSP9N,"Ululis Kirameki Shiny Hair Oil, Chiikawa Limited Edition, 100ml","<div class=""mb-md"">\n<div class=""relative default font-sans text-base text-textMain dark:text-textMainDark selection:bg-super/50 selection:text-textMain dark:selection:bg-superDuper/10 dark:selection:text-superDark"">\n<div class=""min-w-0 break-words [word-break:break-word]"">\n<div dir=""auto"">\n<div class=""prose dark:prose-invert inline leading-normal break-words min-w-0 [word-break:break-word]"">This is the Ululis Chiikawa Hair Oil, a limited edition collaboration between Japanese haircare brand Ululis and the popular character Chiikawa. The 100ml hair oil comes in two variants: PINKme Control with a happy fruity scent for managing wavy hair, and Kirameki Shiny with a relaxing floral scent for adding shine to dull hair. The product features adorable Chiikawa character designs on its bottle and is made in Japan. Best suited for those looking to either tame frizzy hair or add glossy shine while enjoying a light, non-greasy formula with long-lasting fragrance.</div>\n</div>\n</div>\n</div>\n</div>",https://foryoupiece.com/wp-content/uploads/sg-11134207-7rd6r-lx9da5930rj430-Photoroom4.jpg
57T40JNF,"Diane Dry Shampoo, Fresh Citrus & Pear Scent 40g","<div class=""mb-md"">\n<div class=""relative default font-sans text-base text-textMain dark:text-textMainDark selection:bg-super/50 selection:text-textMain dark:selection:bg-superDuper/10 dark:selection:text-superDark"">\n<div class=""min-w-0 break-words [word-break:break-word]"">\n<div dir=""auto"">\n<div class=""prose dark:prose-invert inline leading-normal break-words min-w-0 [word-break:break-word]"">Diane Perfect Beauty Dry Shampoo in Fresh Citrus &amp; Pear is a Japanese aerosol dry shampoo that instantly refreshes hair without water. The formula contains fine botanical and silica powder that absorbs excess oil and sweat while eliminating odor, leaving no white residue. Enhanced with keratin, ceramides, and natural extracts, it conditions and strengthens hair while providing a refreshing citrus-pear fragrance. Perfect for busy individuals, post-workout refreshes, or midday touch-ups. The product is ideal for those with oily scalp and hair who need quick styling solutions on the go.</div>\n</div>\n</div>\n</div>\n</div>",https://foryoupiece.com/wp-content/uploads/sg-11134207-7rd6r-lx9da5930rj430-Photoroom2.jpg
G41K33M2,"Diane Dry Shampoo, Fragrance-Free 40g","<div class=""mb-md"">\n<div class=""relative default font-sans text-base text-textMain dark:text-textMainDark selection:bg-super/50 selection:text-textMain dark:selection:bg-superDuper/10 dark:selection:text-superDark"">\n<div class=""min-w-0 break-words [word-break:break-word]"">\n<div dir=""auto"">\n<div class=""prose dark:prose-invert inline leading-normal break-words min-w-0 [word-break:break-word]"">Diane Perfect Beauty Dry Shampoo (Fragrance Free) is a Japanese hair care product designed to refresh hair without water. This aerosol spray uses ultra-fine micro-powders to absorb excess oil, sweat, and sebum while leaving no white residue. The formula contains beneficial ingredients like jojoba oil, keratin, and ceramides to maintain hair health. The unscented version is ideal for fragrance-sensitive users and perfect for quick touch-ups after workouts, during busy days, or when traditional washing isn't possible. It adds volume, reduces greasiness, and maintains a silky, fresh-styled look in just seconds, sprayed 15-20cm from the scalp.</div>\n</div>\n</div>\n</div>\n</div>",https://foryoupiece.com/wp-content/uploads/sg-11134207-7rd6r-lx9da5930rj430-Photoroom3.jpg
EMJIRH8V,"Riff Underarm Sweat Pad 40 Sheets","<div class=""mb-md"">\n<div class=""relative default font-sans text-base text-textMain dark:text-textMainDark selection:bg-super/50 selection:text-textMain dark:selection:bg-superDuper/10 dark:selection:text-superDark"">\n<div class=""min-w-0 break-words [word-break:break-word]"">\n<div dir=""auto"">\n<div class=""prose dark:prose-invert inline leading-normal break-words min-w-0 [word-break:break-word]"">This Riff Underarm Sweat Sheet by Kobayashi Pharmaceutical is a disposable adhesive pad designed to prevent sweat stains and odors on clothing. The ultra-thin 1mm pad features a triple-layer absorption system that effectively traps perspiration and prevents yellowing. With antibacterial ions and a fresh soap scent, it provides all-day odor protection. The dotted adhesive pattern ensures secure attachment while preventing damage to clothes. Perfect for people who experience excessive underarm sweating or those wanting to protect valuable clothing. Available in three colors - white, mocha beige, and black - to match different clothing colors.</div>\n</div>\n</div>\n</div>\n</div>",https://foryoupiece.com/wp-content/uploads/sg-11134207-7rd6r-lx9da5930rj430-Photoroom1.jpg
WTJRFTAS,"AQUA SAVON Hair & Body Mist Sakura Floral Scent 135ml","<div class=""mb-md""><div class=""relative default font-sans text-base text-textMain dark:text-textMainDark selection:bg-super/50 selection:text-textMain dark:selection:bg-superDuper/10 dark:selection:text-superDark""><div class=""min-w-0 break-words [word-break:break-word]""><div dir=""auto""><div class=""prose text-pretty dark:prose-invert inline leading-normal break-words min-w-0 [word-break:break-word]""><span class="""">AQUA SAVON Hair &amp; Body Mist Sakura Floral Scent is a Japanese moisturizing mist that captures the essence of spring cherry blossoms. This dual-purpose product for hair and body features a delicate floral fragrance and contains nourishing ingredients including Someiyoshino cherry leaf extract, hyaluronic acid, collagen, and lactic acid bacteria. Perfect for those seeking a gentle, refreshing scent reminiscent of freshly washed linens while providing all-day hydration. The 135ml bottle offers a convenient way to maintain moisture and a subtle cherry blossom fragrance throughout the day.</span></div></div></div></div></div>",https://foryoupiece.com/wp-content/uploads/Instagram-Post-Photoroom10.jpg
1BWCP1TN,"MA CHERIE Night Gloss Treatment 80ml","<div class=""mb-md""><div class=""relative default font-sans text-base text-textMain dark:text-textMainDark selection:bg-super/50 selection:text-textMain dark:selection:bg-superDuper/10 dark:selection:text-superDark""><div class=""min-w-0 break-words [word-break:break-word]""><div dir=""auto""><div class=""prose text-pretty dark:prose-invert inline leading-normal break-words min-w-0 [word-break:break-word]""><span class="""">MA CHÉRIE Night Gloss Treatment is a Japanese leave-in hair treatment from Shiseido's popular hair care line. This lightweight foam treatment is designed to be applied to damp hair before bedtime, working overnight to repair and nourish damaged strands. It contains moisturizing ingredients and a signature floral fragrance that's characteristic of the MA CHÉRIE line. The product helps reduce frizz, add shine, and improve hair manageability, making it particularly suitable for those with dry, damaged, or color-treated hair seeking overnight repair.</span></div></div></div></div></div>",https://foryoupiece.com/wp-content/uploads/Instagram-Post-Photoroom11.jpg
HLMMP2KI,"FIANCÉE Hair Styling Stick, Pure Shampoo Scent","<div class=""mb-md""><div class=""relative default font-sans text-base text-textMain dark:text-textMainDark selection:bg-super/50 selection:text-textMain dark:selection:bg-superDuper/10 dark:selection:text-superDark""><div class=""min-w-0 break-words [word-break:break-word]""><div dir=""auto""><div class=""prose text-pretty dark:prose-invert inline leading-normal break-words min-w-0 [word-break:break-word]""><span class="""">The FIANCÉE Point Hair Stick is a mascara-style hair styling product designed to tame flyaways, bangs, and stray hairs with a single swipe. Featuring a large brush applicator for easy application, this 10ml stick provides a natural-looking finish without stickiness or white residue. The formula contains cuticle care and hair repair ingredients, leaving a pleasant pure shampoo fragrance. Perfect for on-the-go touch-ups, it's ideal for those who want quick, clean styling without the heavy or stiff feeling of traditional hair products.</span></div></div></div></div></div>",https://foryoupiece.com/wp-content/uploads/sg-11134207-7rd6r-lx9da5930rj430-Photoroom.jpg
D0Z1MM8H,"Moton Hair & Body Mist, Cotton Cloud, 80ml","<div class=""mb-md"">\n<div class=""relative default font-sans text-base text-textMain dark:text-textMainDark selection:bg-super/50 selection:text-textMain dark:selection:bg-superDuper/10 dark:selection:text-superDark"">\n<div class=""min-w-0 break-words [word-break:break-word]"">\n<div dir=""auto"">\n<div class=""prose dark:prose-invert inline leading-normal break-words min-w-0 [word-break:break-word]"">MOTON Hair &amp; Body Mist in Cotton Cloud is a luxurious Korean fragrance mist that can be used on both hair and body. This 80ml product features a sophisticated scent profile that evolves from fresh citrus notes (lemon and pear) to floral middle notes (lily of the valley, rose, iris), finally settling into warm base notes (musk, patchouli, sandalwood, amber). The fragrance is inspired by fluffy white clouds, offering a clean, fresh scent that's neither too sweet nor too heavy. It contains three types of proteins, five hyaluronic acid complexes, and premium oils. The mist provides long-lasting fragrance and is particularly suitable for summer use, making it perfect for those seeking an affordable yet high-end scent experience.</div>\n</div>\n</div>\n</div>\n</div>",https://foryoupiece.com/wp-content/uploads/Instagram-Post-Photoroom21.jpg
6CNK167T,"Moton Hair & Body Mist, Flower Garden, 80ml","MOTON Hair &amp; Body Mist in Flower Garden is a luxurious Korean fragrance mist that can be used on both hair and body. This 80ml pink-packaged product features an elegant floral scent profile with top notes of mandarin, bergamot, and peach, middle notes of rose, peony, and orange flower, and base notes of musk, patchouli, and amber. The formula includes nourishing ingredients like protein complexes and hyaluronic acid for hair and skin care benefits. Known for its long-lasting yet gentle fragrance that's reminiscent of a blooming garden, it's perfect for those seeking a sophisticated, feminine scent that's less intense than traditional perfume.",https://foryoupiece.com/wp-content/uploads/Instagram-Post-Photoroom12.jpg
4Q08NAKZ,"KOSÉ SEKKISEI Medicated Excellent Cream 50g","<div class=""mb-md"">\n<div class=""relative default font-sans text-base text-textMain dark:text-textMainDark selection:bg-super/50 selection:text-textMain dark:selection:bg-superDuper/10 dark:selection:text-superDark"">\n<div class=""min-w-0 break-words [word-break:break-word]"">\n<div dir=""auto"">\n<div class=""prose dark:prose-invert inline leading-normal break-words min-w-0 [word-break:break-word]"">KOSE Sekkisei Cream Excellent is a high-grade Japanese medicinal whitening night cream that combines traditional Asian herbal extracts with modern skincare technology. This rich, concentrated cream features key ingredients like Coix Seed, Angelica, Melothria, and Vitamin C derivatives to brighten skin tone, prevent dark spots, and provide deep moisturization. Its unique texture spreads smoothly and absorbs quickly without feeling heavy or greasy. Best suited for those concerned with uneven skin tone, dryness, and loss of firmness. The cream is designed to leave skin looking translucent and snow-white, which is characteristic of the Sekkisei line's beauty philosophy.</div>\n</div>\n</div>\n</div>\n</div>",https://foryoupiece.com/wp-content/uploads/sg-11134207-7rd6r-lx9da5930rj430-Photoroom89.jpg
9NWTDT6X,"MAMONDE Red Energy Serum Ultra Repair 30ml","<div class=""mb-md""><div class=""relative default font-sans text-base text-textMain dark:text-textMainDark selection:bg-super/50 selection:text-textMain dark:selection:bg-superDuper/10 dark:selection:text-superDark""><div class=""min-w-0 break-words [word-break:break-word]""><div dir=""auto""><div class=""prose text-pretty dark:prose-invert inline leading-normal break-words min-w-0 [word-break:break-word]""><span class="""">Mamonde Red Energy Recovery Serum is a Korean anti-aging facial serum featuring pomegranate polyphenol with 70% more antioxidant power than pure vitamin C. This lightweight, hypoallergenic formula promises visible results in just 5 days, improving skin texture, hydration, and firmness. The serum balances oil and moisture levels while strengthening the skin barrier. Best suited for all skin types, particularly those concerned with dryness, rough texture, fatigue, or seeking anti-aging benefits. The formula is free from common irritants and dermatologist-tested.</span></div></div></div></div></div>",https://foryoupiece.com/wp-content/uploads/Instagram-Post-Photoroom20.jpg
MZL8JTCI,"AQUA SAVON Perfume Chardonnay Scent, Eau de Toilette 80ml","<div class=""mb-md"">\n<div class=""relative default font-sans text-base text-textMain dark:text-textMainDark selection:bg-super/50 selection:text-textMain dark:selection:bg-superDuper/10 dark:selection:text-superDark"">\n<div class=""min-w-0 break-words [word-break:break-word]"">\n<div dir=""auto"">\n<div class=""prose dark:prose-invert inline leading-normal break-words min-w-0 [word-break:break-word]"">AQUA SAVON Chardonnay Brut Eau de Toilette is a limited-edition fall fragrance from the Japanese brand AQUA SAVON. This sophisticated unisex perfume features sparkling Chardonnay wine notes that burst like champagne bubbles, complemented by woody undertones reminiscent of wine barrels. The fragrance evolves through citrus and floral notes, with a deep woody, oak, and musk base. The elegant bottle design includes decorative glass beads and features a grape motif, making it both a fragrance and decorative piece.</div>\n</div>\n</div>\n</div>\n</div>",https://foryoupiece.com/wp-content/uploads/Instagram-Post-Photoroom5.jpg
F4FOUFU6,"CANMAKE Whip Puru Tint 02 Momo","<div class=""mb-md"">\n<div class=""relative default font-sans text-base text-textMain dark:text-textMainDark selection:bg-super/50 selection:text-textMain dark:selection:bg-superDuper/10 dark:selection:text-superDark"">\n<div class=""min-w-0 break-words [word-break:break-word]"">\n<div dir=""auto"">\n<div class=""prose dark:prose-invert inline leading-normal break-words min-w-0 [word-break:break-word]"">CANMAKE Muchi Puru Tint 02 Momo (Peach) is a glossy lip tint from the Japanese brand CANMAKE that provides a plumping effect and long-lasting color. This balm-like tint features a super-juicy rosy peach shade and contains six moisturizing agents including hyaluronic acid, collagen, and shea butter. The formula creates voluminous, pillowy lips with a cooling sensation upon application. It's fragrance-free and ideal for those seeking both hydration and a natural-looking tint with staying power.</div>\n</div>\n</div>\n</div>\n</div>",https://foryoupiece.com/wp-content/uploads/Square-Photoroom29-2.jpg
F3HM2X35,"YOLU Calm Night Repair Hair Oil 100ml","<div class=""mb-md"">\n<div class=""relative default font-sans text-base text-textMain dark:text-textMainDark selection:bg-super/50 selection:text-textMain dark:selection:bg-superDuper/10 dark:selection:text-superDark"">\n<div class=""min-w-0 break-words [word-break:break-word]"">\n<div dir=""auto"">\n<div class=""prose dark:prose-invert inline leading-normal break-words min-w-0 [word-break:break-word]"">YOLU Calm Night Repair Hair Oil is a Japanese multi-purpose beauty oil designed for overnight hair and body care. This non-silicone formula features a blend of squalane, sunflower oil, ceramides, and botanical extracts including lotus flower and silk tree bark. The lightweight oil repairs damage from coloring and perming while protecting against friction and dryness during sleep. With a soothing bergamot and blackcurrant fragrance, it's ideal for those with dry, damaged, or color-treated hair seeking intensive repair and moisture. The oil leaves hair manageable, shiny, and smooth by morning without any greasy residue.</div>\n</div>\n</div>\n</div>\n</div>",https://foryoupiece.com/wp-content/uploads/Instagram-Post-Photoroom6.jpg
O9Z2AK4A,"FIANCÉE Parfum de Toilette Roll On Morning Linen 10ml","<div class=""mb-md"">\n<div class=""relative default font-sans text-base text-textMain dark:text-textMainDark selection:bg-super/50 selection:text-textMain dark:selection:bg-superDuper/10 dark:selection:text-superDark"">\n<div class=""min-w-0 break-words [word-break:break-word]"">\n<div dir=""auto"">\n<div class=""prose dark:prose-invert inline leading-normal break-words min-w-0 [word-break:break-word]"">FIANCÉE Parfum de Toilette Roll-On Morning Linen is a convenient 10ml roll-on fragrance from Japanese brand FIANCÉE. This perfume captures the essence of freshly laundered linens with a white floral musk composition. The scent opens with fresh pear and bergamot, transitions to iris, lily of the valley, and orange blossom middle notes, and settles into a gentle white musk base. Perfect for those seeking a clean, fresh, and inoffensive everyday fragrance that's easy to carry and apply precisely.</div>\n</div>\n</div>\n</div>\n</div>",https://foryoupiece.com/wp-content/uploads/Instagram-Post-Photoroom16.jpg
U9J6XWCI,"FIANCÉE Parfum de Toillette Roll On Pure Shampoo Scent 10ml","<div class=""mb-md"">\n<div class=""relative default font-sans text-base text-textMain dark:text-textMainDark selection:bg-super/50 selection:text-textMain dark:selection:bg-superDuper/10 dark:selection:text-superDark"">\n<div class=""min-w-0 break-words [word-break:break-word]"">\n<div dir=""auto"">\n<div class=""prose dark:prose-invert inline leading-normal break-words min-w-0 [word-break:break-word]"">FIANCÉE Parfum de Toilette Roll-On Pure Shampoo is a convenient roll-on fragrance that captures the fresh, clean scent of shampoo. This Japanese perfume features a layered fragrance with green apple and lemon top notes, floral middle notes, and a clean base note. The roll-on format allows precise application and is perfect for on-the-go touch-ups. The scent lasts longer than body mists and is ideal for those who prefer subtle, fresh fragrances with a sophisticated touch.</div>\n</div>\n</div>\n</div>\n</div>",https://foryoupiece.com/wp-content/uploads/Instagram-Post-Photoroom8.jpg
GGW8YR13,"Itoen Oi Ocha Matcha Green Tea (1.8 g) x 20 Bags","<div class=""mb-md"">\n<div class=""relative default font-sans text-base text-textMain dark:text-textMainDark selection:bg-super/50 selection:text-textMain dark:selection:bg-superDuper/10 dark:selection:text-superDark"">\n<div class=""min-w-0 break-words [word-break:break-word]"">\n<div dir=""auto"">\n<div class=""prose dark:prose-invert inline leading-normal break-words min-w-0 [word-break:break-word]"">Oi Ocha matcha green tea is a premium instant green tea powder from ITO EN, Japan's #1 tea company. This convenient product combines high-quality Japanese green tea with matcha powder, offering a smooth, authentic taste that can be enjoyed hot or cold. The tea dissolves easily in water and contains natural antioxidants, L-Theanine for relaxation, and vitamin C. Each package contains 20 tea bags, making it perfect for those seeking a quick, authentic Japanese green tea experience without the traditional brewing process. Ideal for tea enthusiasts who value convenience without compromising on taste and quality.</div>\n</div>\n</div>\n</div>\n</div>",https://foryoupiece.com/wp-content/uploads/Instagram-Post-Photoroom7.jpg
SLM4CJQY,"KOSÉ Clear Turn Pore Tightening & Sebum Control Mask 7 Sheets","The KOSE Clear Turn Cica Mask is a Japanese sheet mask pack containing 7 sheets designed for daily skin repair and intense moisturizing. The mask features Centella Asiatica (CICA) extract combined with vitamins and natural ingredients to soothe irritated skin, reduce redness, and repair damage from environmental stress. Free from alcohol, mineral oils, silicones, fragrances, and parabens, this gentle formula is ideal for sensitive and troubled skin. The mask should be applied for 10 minutes after cleansing, making it perfect for those seeking a calming, regenerative skincare solution that helps maintain skin health and restore natural balance.",https://foryoupiece.com/wp-content/uploads/Instagram-Post-Photoroom17.jpg
1YIUEFFB,"Ululis Water In Matomake Hair Stick, Super Hold & Control","The Ululis Water in Matomake is a hair styling mascara stick designed to tame flyaways and maintain hairstyles. This gel-based product comes in three variants - Natural &amp; Shine (Blue), Super Hold &amp; Control (Pink), and Ultra Hold &amp; Long Keep (Purple). The mascara-like applicator allows for precise, hands-free application to target specific areas of hair. It provides moisture while controlling baby hairs and keeping styled bangs and loose strands in place throughout the day. Perfect for those seeking a quick, mess-free solution to maintain sleek hairstyles and control unruly hair without harsh chemicals.",https://foryoupiece.com/wp-content/uploads/Instagram-Post-Photoroom4.jpg
UW275WWR,"MA CHERIE Perfect Shower EX Silky Smooth 250ml","<div class=""mb-md""><div class=""relative default font-sans text-base text-textMain dark:text-textMainDark selection:bg-super/50 selection:text-textMain dark:selection:bg-superDuper/10 dark:selection:text-superDark""><div class=""min-w-0 break-words [word-break:break-word]""><div dir=""auto""><div class=""prose text-pretty dark:prose-invert inline leading-normal break-words min-w-0 [word-break:break-word]""><span class="""">MA CHÉRIE Perfect Shower EX is a premium Japanese leave-in hair treatment spray from Shiseido. This silky smooth formula provides instant moisture and detangling benefits while protecting hair from heat damage. The pink-bottled product features a fine mist that makes hair manageable, reduces frizz, and adds a subtle floral fragrance. It's particularly effective for those with dry, damaged, or hard-to-manage hair, making it ideal for daily use after washing or as a quick styling refresh throughout the day.</span></div></div></div></div></div>",https://foryoupiece.com/wp-content/uploads/Instagram-Post-Photoroom9.jpg
1I8VLJY1,"Sunkiller SPF50+ PA++++ Perfect Water Essence N, 50g","<div class=""mb-md"">\n<div class=""relative default font-sans text-base text-textMain dark:text-textMainDark selection:bg-super/50 selection:text-textMain dark:selection:bg-superDuper/10 dark:selection:text-superDark"">\n<div class=""min-w-0 break-words [word-break:break-word]"">\n<div dir=""auto"">\n<div class=""prose dark:prose-invert inline leading-normal break-words min-w-0 [word-break:break-word]"">The Kiss Me Sunkiller Perfect Water Essence N is a Japanese sunscreen with SPF50+ PA++++ offering maximum UV protection. This water-based gel sunscreen contains 86% moisturizing ingredients, including three types of hyaluronic acid and natural extracts (royal jelly, aloe vera, and saxifrage). Notable for being alcohol-free, it has a lightweight, non-sticky texture that absorbs quickly without leaving a white cast. The formula features a mild citrus scent and can double as a makeup base. Best suited for daily use, especially for those with sensitive skin seeking a gentle yet effective UV protection that's easily removed with regular facial cleanser.</div>\n</div>\n</div>\n</div>\n</div>",https://foryoupiece.com/wp-content/uploads/Instagram-Post-Photoroom18.jpg
41KN11EZ,"Ululis Water In Matomake Hair Stick, Natural & Shine, Aqua Bouquet Scent","<div class=""mb-md"">\n<div class=""relative default font-sans text-base text-textMain dark:text-textMainDark selection:bg-super/50 selection:text-textMain dark:selection:bg-superDuper/10 dark:selection:text-superDark"">\n<div class=""min-w-0 break-words [word-break:break-word]"">\n<div dir=""auto"">\n<div class=""prose dark:prose-invert inline leading-normal break-words min-w-0 [word-break:break-word]"">The Ululis Natural &amp; Shine is a Japanese water-based hair styling stick designed for quick hair control and styling. This blue variant offers a natural hold formula that helps tame flyaways and bangs with a single swipe. The product features a transparent mascara-sized bottle for easy portability and comes with a refreshing aqua bouquet fragrance. It's specially formulated to provide instant styling without stiffness or white residue, making it perfect for those who want natural-looking hair control on the go. Best suited for people seeking light hold and natural finish for their flyaways and bangs.</div>\n</div>\n</div>\n</div>\n</div>",https://foryoupiece.com/wp-content/uploads/Instagram-Post-Photoroom19.jpg
CN9TF6BA,"Milbon Deesse’s Ejulada Hair Emulsion 120g","<div class=""mb-md"">\n<div class=""relative default font-sans text-base text-textMain dark:text-textMainDark selection:bg-super/50 selection:text-textMain dark:selection:bg-superDuper/10 dark:selection:text-superDark"">\n<div class=""min-w-0 break-words [word-break:break-word]"">\n<div dir=""auto"">\n<div class=""prose dark:prose-invert inline leading-normal break-words min-w-0 [word-break:break-word]"">Milbon's Elujuda Emulsion is a leave-in hair treatment designed for fine hair that provides deep moisturization and manageability. This pink-tinted emulsion features key ingredients like ceramide, baobab extract, and carboxymethyl keratin that penetrate the hair core to enhance moisture retention and create a soft, fluffy texture. The product has a pleasant fragrance combining cassis, apple, and citrus top notes with rose and raspberry middle notes, finishing with vanilla and amber. Best suited for those with fine hair seeking lightweight moisture and improved styling control without weighing hair down. Use after towel-drying for optimal results.</div>\n</div>\n</div>\n</div>\n</div>",https://foryoupiece.com/wp-content/uploads/Instagram-Post-Photoroom15.jpg
LB7G4KEN,"HONEYQUE Deep Repair Hair Oil 100ml","<div class=""mb-md""><div class=""relative default font-sans text-base text-textMain dark:text-textMainDark selection:bg-super/50 selection:text-textMain dark:selection:bg-superDuper/10 dark:selection:text-superDark""><div class=""min-w-0 break-words [word-break:break-word]""><div dir=""auto""><div class=""prose text-pretty dark:prose-invert inline leading-normal break-words min-w-0 [word-break:break-word]""><span class="""">HONEYQUE Deep Repair Hair Oil is a versatile Japanese hair treatment product that comes in a 100ml amber bottle with a pump dispenser. This innovative dual-purpose hair oil can be used alone or mixed with hair conditioner for enhanced treatment. It repairs and balances moisture levels while addressing common hair concerns like frizz, dryness, and UV damage. The lightweight formula features honey, royal jelly protein, and milk protein, making it particularly suitable for those with damaged or moisture-deficient hair. It has an aqua blossom honey scent and can be applied to both wet or dry hair.</span></div></div></div></div></div>",https://foryoupiece.com/wp-content/uploads/Instagram-Post-Photoroom14.jpg
7UBPB235,"Nihon Yakken Pure Japanese Barley Grass Powder 46pcs","<div class=""mb-md"">\n<div class=""relative default font-sans text-base text-textMain dark:text-textMainDark selection:bg-super/50 selection:text-textMain dark:selection:bg-superDuper/10 dark:selection:text-superDark"">\n<div class=""min-w-0 break-words [word-break:break-word]"">\n<div dir=""auto"">\n<div class=""prose dark:prose-invert inline leading-normal break-words min-w-0 [word-break:break-word]"">Nihon Yakken Pure Japanese Barley Grass Powder is a premium Japanese health supplement containing 100% young barley grass powder harvested from pesticide-free farms in Kyushu. Each box contains 46 individual 3g packets with a pleasant matcha-like taste. The powder dissolves easily in water or milk and provides essential nutrients including dietary fiber, vitamins, minerals, and chlorophyll. This supplement is particularly beneficial for those seeking to improve their daily vegetable intake, manage cholesterol levels, boost immunity, or enhance skin health. It's ideal for busy individuals looking for a convenient way to supplement their nutrition with just one packet daily.</div>\n</div>\n</div>\n</div>\n</div>",https://foryoupiece.com/wp-content/uploads/sg-11134207-7rd6r-lx9da5930rj430-Photoroom87.jpg
OR2YJSUN,"Nihon Yakken Green Juice 25 kinds of Vegetables 30pcs","<div class=""mb-md"">\n<div class=""relative default font-sans text-base text-textMain dark:text-textMainDark selection:bg-super/50 selection:text-textMain dark:selection:bg-superDuper/10 dark:selection:text-superDark"">\n<div class=""min-w-0 break-words [word-break:break-word]"">\n<div dir=""auto"">\n<div class=""prose dark:prose-invert inline leading-normal break-words min-w-0 [word-break:break-word]"">This Japanese health supplement powder combines 25 types of domestic vegetables with young barley grass from Kyushu, lactic acid bacteria, and papaya enzymes. Each packet contains 20 billion beneficial bacteria and provides a convenient way to boost daily vegetable intake. The formula includes a blend of nutrient-rich ingredients like kale, cabbage, carrots, and various leafy greens, sweetened with Okinawan brown sugar for palatability. Perfect for those seeking to improve digestive health, increase fiber intake, or struggling to consume enough vegetables daily. Simply mix one 3.5g packet with water or milk for a nutritious drink.</div>\n</div>\n</div>\n</div>\n</div>",https://foryoupiece.com/wp-content/uploads/sg-11134207-7rd6r-lx9da5930rj430-Photoroom79.jpg
YJIOZ4PN,"Nihon Yakken Green Juice 25 kinds of Vegetables 60pcs","<div class=""mb-md"">\n<div class=""relative default font-sans text-base text-textMain dark:text-textMainDark selection:bg-super/50 selection:text-textMain dark:selection:bg-superDuper/10 dark:selection:text-superDark"">\n<div class=""min-w-0 break-words [word-break:break-word]"">\n<div dir=""auto"">\n<div class=""prose dark:prose-invert inline leading-normal break-words min-w-0 [word-break:break-word]"">Nihon Yakken Green Juice is a premium Japanese health supplement powder containing 25 different domestically-sourced vegetables, including barley grass from Kyushu, kale, cabbage, and carrots. Each packet contains 20 billion lactic acid bacteria and active enzymes from green papaya to support digestive health. The drink is naturally sweetened with Okinawan brown sugar for a pleasant taste without artificial additives. This pesticide-free supplement is ideal for those wanting to increase their daily vegetable intake, support gut health, or seeking an easy way to consume essential nutrients and dietary fiber in a convenient powder form.</div>\n</div>\n</div>\n</div>\n</div>",https://foryoupiece.com/wp-content/uploads/sg-11134207-7rd6r-lx9da5930rj430-Photoroom77.jpg
C2HA88R5,"AGF Blendystick Matcha Latte 20pcs","<div class=""mb-md"">\n<div class=""relative default font-sans text-base text-textMain dark:text-textMainDark selection:bg-super/50 selection:text-textMain dark:selection:bg-superDuper/10 dark:selection:text-superDark"">\n<div class=""min-w-0 break-words [word-break:break-word]"">\n<div dir=""auto"">\n<div class=""prose dark:prose-invert inline leading-normal break-words min-w-0 [word-break:break-word]"">AGF Blendy Stick Matcha Latte is a convenient instant Japanese green tea latte in individually wrapped stick packets. Each stick contains a perfectly balanced blend of Japanese matcha powder, milk components, and sweeteners that dissolves easily in water. The product offers versatile preparation options - enjoy it hot by mixing with 180ml hot water or create an iced version using 90ml hot water and ice cubes. With 20 sticks per box, it's ideal for matcha lovers seeking a quick, creamy, and authentic-tasting matcha latte experience at home, work, or on-the-go. The drink provides a harmonious balance of matcha's distinct flavor with creamy milk sweetness.</div>\n</div>\n</div>\n</div>\n</div>",https://foryoupiece.com/wp-content/uploads/sg-11134207-7rd6r-lx9da5930rj430-Photoroom80.jpg
TIOA2HLY,"Rohto Vita 40 Alpha Eye Drops 12ml","<div class=""mb-md"">\n<div class=""relative default font-sans text-base text-textMain dark:text-textMainDark selection:bg-super/50 selection:text-textMain dark:selection:bg-superDuper/10 dark:selection:text-superDark"">\n<div class=""min-w-0 break-words [word-break:break-word]"">\n<div dir=""auto"">\n<div class=""prose dark:prose-invert inline leading-normal break-words min-w-0 [word-break:break-word]"">ROHTO Vita 40α is a Japanese eye drop solution containing four essential nutrients: Vitamin E, Vitamin B6, sodium chondroitin sulfate, and potassium L-aspartate. This 12ml yellow-tinted formula provides a mild cooling sensation while effectively treating tired, red, and dry eyes. It helps reduce irritation, combat eye fatigue, and prevent blurred vision, particularly beneficial for those spending long hours on digital devices. The drops can be used 5-6 times daily with 1-3 drops per application. While safe for hard contact lenses, it should not be used with soft contact lenses due to potential tinting issues.</div>\n</div>\n</div>\n</div>\n</div>",https://foryoupiece.com/wp-content/uploads/sg-11134207-7rd6r-lx9da5930rj430-Photoroom78.jpg
LQW7KR72,"Rohto Cool 40 Alpha Eye Drops 12ml","ROHTO Cool 40α is a Japanese eye drop solution that delivers four essential nutrients to combat eye fatigue and redness. This blue-packaged variant features a powerful cooling sensation and contains key ingredients: Vitamin E for blood circulation, Vitamin B6 for cell metabolism, sodium chondroitin sulfate for corneal protection, and potassium L-aspartate for oxygen delivery. With a 12ml capacity, it's particularly effective for people who experience digital eye strain from prolonged computer use, drivers on long journeys, and those exposed to environmental irritants. The recommended dosage is 2-3 drops per application, up to 5-6 times daily.",https://foryoupiece.com/wp-content/uploads/sg-11134207-7rd6r-lx9da5930rj430-Photoroom84.jpg
HF9L03AO,"Essential Premium Water Treatment EX Smooth, Osmanthus Scent, 200ml","<div class=""mb-md"">\n<div class=""relative default font-sans text-base text-textMain dark:text-textMainDark selection:bg-super/50 selection:text-textMain dark:selection:bg-superDuper/10 dark:selection:text-superDark"">\n<div class=""min-w-0 break-words [word-break:break-word]"">\n<div dir=""auto"">\n<div class=""prose dark:prose-invert inline leading-normal break-words min-w-0 [word-break:break-word]"">Essential Premium Water Treatment EX Smooth is a leave-in hair treatment with a delicate osmanthus (kinmokusei) fragrance. This water-based formula provides quick-drying benefits while using a hair dryer, reduces static, and creates smooth, manageable hair that lasts all day. The lightweight texture contains natural hair oils and collagen for deep moisturizing. Best suited for damaged, tangled hair types seeking a non-greasy, silky finish. The product features a distinctive translucent bottle with gold accents and rabbit motif design.</div>\n</div>\n</div>\n</div>\n</div>",https://foryoupiece.com/wp-content/uploads/sg-11134207-7rd6r-lx9da5930rj430-Photoroom81.jpg
XCP6ZQ45,"NIVEA Angel Skin Acne Clear Body Wash, Citrus Pump, 470ml","<div class=""mb-md"">\n<div class=""relative default font-sans text-base text-textMain dark:text-textMainDark selection:bg-super/50 selection:text-textMain dark:selection:bg-superDuper/10 dark:selection:text-superDark"">\n<div class=""min-w-0 break-words [word-break:break-word]"">\n<div dir=""auto"">\n<div class=""prose dark:prose-invert inline leading-normal break-words min-w-0 [word-break:break-word]"">This Nivea Angel Skin Acne Clear Body Wash is a Japanese medicated body cleanser designed to prevent and treat body acne. The formula features a refreshing citrus and herb scent, effectively removing dead skin cells and unclogging pores while being gentle enough for daily use. It contains active antibacterial ingredients to combat acne-causing bacteria and helps maintain clear, smooth skin. The 470ml pump bottle makes application convenient. This body wash is particularly suitable for those with acne-prone skin or anyone looking to prevent body breakouts while enjoying a refreshing shower experience.</div>\n</div>\n</div>\n</div>\n</div>",https://foryoupiece.com/wp-content/uploads/sg-11134207-7rd6r-lx9da5930rj430-Photoroom82.jpg
RTAN09DI,"Off & Relax Treatment Refill, Moisture, 400ml","<div class=""mb-md"">\n<div class=""relative default font-sans text-base text-textMain dark:text-textMainDark selection:bg-super/50 selection:text-textMain dark:selection:bg-superDuper/10 dark:selection:text-superDark"">\n<div class=""min-w-0 break-words [word-break:break-word]"">\n<div dir=""auto"">\n<div class=""prose dark:prose-invert inline leading-normal break-words min-w-0 [word-break:break-word]"">Off&amp;Relax Moisture Spa Treatment Refill (400ml) is a premium Japanese hair treatment formulated with natural hot spring water and botanical essences. This refill pack features a unique amino acid formula that deeply repairs and moisturizes hair from the core while providing scalp care. The treatment is enriched with Japanese ingredients like rice and sake lees, offering a soothing pomegranate and cedarwood fragrance. Ideal for those seeking smooth, manageable hair with a healthy shine, particularly beneficial for dry and damaged hair types.</div>\n</div>\n</div>\n</div>\n</div>",https://foryoupiece.com/wp-content/uploads/sg-11134207-7rd6r-lx9da5930rj430-Photoroom85.jpg
CL3ZH4G4,"Reluce Prism Lily Skin Milk Lotion 300ml","<div class=""mb-md"">\n<div class=""relative default font-sans text-base text-textMain dark:text-textMainDark selection:bg-super/50 selection:text-textMain dark:selection:bg-superDuper/10 dark:selection:text-superDark"">\n<div class=""min-w-0 break-words [word-break:break-word]"">\n<div dir=""auto"">\n<div class=""prose dark:prose-invert inline leading-normal break-words min-w-0 [word-break:break-word]"">Reluce Skin Milk Lotion (Prism Lily) is a Japanese full-body moisturizing milk lotion featuring a clean, transparent white floral fragrance. This moisturizing product contains key ingredients like niacinamide and skin care proteins that provide deep hydration for plump and firm skin. With its light, melty texture, the lotion absorbs easily into the skin while delivering effective moisturization. Best suited for those with somewhat dry skin who prefer an elegant, perfume-like scent in their skincare routine. The 300ml bottle offers a practical solution for daily full-body moisturizing needs.</div>\n</div>\n</div>\n</div>\n</div>",https://foryoupiece.com/wp-content/uploads/sg-11134207-7rd6r-lx9da5930rj430-Photoroom86.jpg
53KFLP49,"Reluce Shiny Freesia Skin Milk Lotion 300ml","Reluce Skin Milk Lotion in Shiny Freesia is a Japanese body moisturizer that combines luxury and affordability. The name ""Reluce,"" meaning ""to shine"" in Spanish, reflects its purpose of delivering radiant skin. This pink-bottled lotion features a refreshing blend of pear and freesia fragrance. Enriched with vitamin C, galactomyces, and moisturizing proteins, it provides a lightweight yet deeply hydrating experience without any sticky residue. The formula creates plump, firm, and lustrous skin, making it ideal for those seeking a daily body care product that offers both hydration and a sophisticated scent experience.",https://foryoupiece.com/wp-content/uploads/sg-11134207-7rd6r-lx9da5930rj430-Photoroom83.jpg
ELIEADDS,"Botanist Treatment, Moist 460g","<div class=""mb-md"">\n<div class=""relative default font-sans text-base text-textMain dark:text-textMainDark selection:bg-super/50 selection:text-textMain dark:selection:bg-superDuper/10 dark:selection:text-superDark"">\n<div class=""min-w-0 break-words [word-break:break-word]"">\n<div dir=""auto"">\n<div class=""prose dark:prose-invert inline leading-normal break-words min-w-0 [word-break:break-word]"">The Botanist Treatment Moist (460g) is a premium Japanese hair treatment conditioner featuring a blend of natural botanical ingredients, including white birch, macadamia nut, and soybean extracts. This moisturizing treatment contains ceramides, hyaluronic acid, and phytosterols to repair and hydrate dry hair. With its elegant apple and berry fragrance, the formula is silicone-free and contains no synthetic pigments. The treatment is particularly effective for those with dry or normal hair types, providing deep moisture while maintaining natural shine and manageability. It's ideal for daily use as part of a Japanese-inspired hair care routine.</div>\n</div>\n</div>\n</div>\n</div>",https://foryoupiece.com/wp-content/uploads/sg-11134207-7rd6r-lx9da5930rj430-Photoroom74.jpg
ZKE4RLMP,"Botanist Shampoo, Moist 460ml","Botanist Botanical Shampoo Moist (460ml) is a premium Japanese hair care product designed for dry and damaged hair. This silicone-free formula combines natural plant-derived ingredients including white birch, sugar cane, licorice, and soybean extracts to provide deep moisturization and repair. Enhanced with ceramides, hyaluronic acid, and phytosterols, it effectively hydrates and smooths hair while reducing frizz. The shampoo features an elegant apricot and jasmine fragrance and is free from artificial colors, parabens, and sulfates. Best suited for those seeking a natural solution to dry, damaged, or frizzy hair while prioritizing eco-friendly, botanical-based hair care.",https://foryoupiece.com/wp-content/uploads/sg-11134207-7rd6r-lx9da5930rj430-Photoroom73.jpg
PU5MJ46I,"Premium Aroma, Crystal Snow, Toilet Fragrance 400ml","This is a limited winter edition ""Shoshuriki Premium Aroma Crystal Snow"" air freshener and deodorizer from ST Corporation (Estee). Released for the 2024 winter season, it features a sophisticated fragrance combining snowdrop flowers, citrus, and powdery white musk notes. The product uses nanopowder technology for effective odor elimination and comes with an adjustable cap to control fragrance intensity. The elegant bottle design and premium perfume-like scent make it ideal for bathrooms, living rooms, and entranceways, lasting 2-3 months under normal use.",https://foryoupiece.com/wp-content/uploads/sg-11134207-7rd6r-lx9da5930rj430-Photoroom76.jpg
T481SJMW,"Premium Aroma, Sweet Orange and Bergamot, Room Fragrance 400ml","This is a Premium Aroma room deodorizer by S.T. Corporation, featuring a sweet orange and bergamot fragrance blend. The product combines natural essential oils with nano-powder technology for effective odor elimination. The fresh citrus and green fruity scent creates an uplifting atmosphere while deodorizing spaces. It offers adjustable fragrance intensity and lasts 2-3 months. Best suited for entrances and living rooms, this 400ml air freshener comes in an elegant green and yellow design that complements home decor.",https://foryoupiece.com/wp-content/uploads/sg-11134207-7rd6r-lx9da5930rj430-Photoroom75.jpg
XGQF1CZN,"TSUBAKI Premium EX Damage Care & Repair, Shampoo & Treatment Set 400ml","<div class=""mb-md"">\n<div class=""relative default font-sans text-base text-textMain dark:text-textMainDark selection:bg-super/50 selection:text-textMain dark:selection:bg-superDuper/10 dark:selection:text-superDark"">\n<div class=""min-w-0 break-words [word-break:break-word]"">\n<div dir=""auto"">\n<div class=""prose dark:prose-invert inline leading-normal break-words min-w-0 [word-break:break-word]"">The Shiseido Tsubaki Premium Black Set features a premium Japanese hair care duo with shampoo and conditioner designed for intensive repair of damaged hair. The set's key innovation is its Ionic Repair Power technology that penetrates deep into hair strands to repair damage from within. Enriched with Japanese camellia oil, royal jelly, and soy protein, these products work together to restore moisture, strengthen hair, and prevent breakage. The formula features a luxurious rose bouquet and camellia honey scent. Best suited for those with severely damaged, dry, or chemically treated hair seeking salon-quality results at home.</div>\n</div>\n</div>\n</div>\n</div>",https://foryoupiece.com/wp-content/uploads/sg-11134207-7rd6r-lx9da5930rj430-Photoroom72.jpg
ZJ9G4UYG,"&Honey Hair Stick Mascara, Sakura Scent, 2024 Limited Edition","The &amp;honey Sakura Matomake Stick is a Japanese hair styling product designed like a mascara wand for easy application and portability. This limited edition version features a cherry blossom (sakura) honey scent and contains moisturizing ingredients that help maintain hair's hydration above 14%. The gel-like formula effectively tames flyaways, controls frizz, and styles bangs while providing a neat, polished look without leaving hands sticky. Perfect for those who need quick touch-ups throughout the day, it's especially suitable for managing baby hairs and creating sleek hairstyles. The lightweight formula won't make hair greasy and provides lasting hold with a pleasant fragrance.",https://foryoupiece.com/wp-content/uploads/sg-11134207-7rd6r-lx9da5930rj430-Photoroom49.jpg
X6SPNGSC,"Kaminomoto Medicated Hair Shampoo 300ml","<div class=""mb-md"">\n<div class=""relative default font-sans text-base text-textMain dark:text-textMainDark selection:bg-super/50 selection:text-textMain dark:selection:bg-superDuper/10 dark:selection:text-superDark"">\n<div class=""min-w-0 break-words [word-break:break-word]"">\n<div dir=""auto"">\n<div class=""prose dark:prose-invert inline leading-normal break-words min-w-0 [word-break:break-word]"">Kaminomoto Medicated Shampoo B&amp;P is a Japanese pharmaceutical hair care product designed for scalp health and dandruff control. This 300ml shampoo features β-glycyrrhetinic acid and piroctone olamine as active ingredients to combat dandruff, itching, and scalp odor. With moisturizing herbal extracts and excellent cleansing properties, it creates an optimal environment for hair growth while maintaining scalp health. Best suited for those experiencing dandruff, scalp irritation, or using Kaminomoto hair growth products.</div>\n</div>\n</div>\n</div>\n</div>",https://foryoupiece.com/wp-content/uploads/sg-11134207-7rd6r-lx9da5930rj430-Photoroom51.jpg
YJJ5X9TH,"Kaminomoto Medicated Hair Treatment 300ml","<div class=""mb-md"">\n<div class=""relative default font-sans text-base text-textMain dark:text-textMainDark selection:bg-super/50 selection:text-textMain dark:selection:bg-superDuper/10 dark:selection:text-superDark"">\n<div class=""min-w-0 break-words [word-break:break-word]"">\n<div dir=""auto"">\n<div class=""prose dark:prose-invert inline leading-normal break-words min-w-0 [word-break:break-word]"">Kaminomoto Medicated Conditioner B&amp;P is a Japanese quasi-drug hair conditioner designed for scalp and hair care. This 300ml product features moisturizing ingredients that protect hair from heat damage and friction while preventing dandruff, itching, and sweat odor. With a pleasant herbal green fragrance, it contains active ingredients like stearyl glycyrrhetinate and piroctone olamine. Best suited for those seeking a pre-care hair treatment that maintains scalp health, prevents split ends, and creates an optimal environment for hair growth.</div>\n</div>\n</div>\n</div>\n</div>",https://foryoupiece.com/wp-content/uploads/sg-11134207-7rd6r-lx9da5930rj430-Photoroom50.jpg
ZLH3JXBQ,"Breath Care Extra Strong Mint, 50 Tablets","Breath Care pills by Kobayashi Pharmaceutical is a Japanese breath freshening capsule designed to combat bad breath from within. These small, green liquid-filled capsules dissolve in your stomach rather than your mouth, providing longer-lasting freshness. The extra mint variant delivers a strong mint impact that effectively tackles food, alcohol, and coffee odors. Take 2-3 capsules with water after meals or drinking for optimal results. Each package contains 50 capsules and is perfect for those seeking discreet, long-lasting breath freshening without constantly using mints or gum.",https://foryoupiece.com/wp-content/uploads/Square-Photoroom14.jpg
IQUGKABF,"Premium Aroma, Crystal Snow, Room Fragrance 400ml","Premium Aroma Crystal Snow is a limited-edition winter fragrance air freshener from S.T. Corporation Japan. This premium deodorizer features a sophisticated blend of snowdrop flowers, fresh citrus, and powdery white musk, creating a gentle, comforting aroma. Available in three formats - room spray, toilet spray (400ml), and a luxury stick diffuser (65ml) - it uses nano-powder technology for effective odor elimination. The elegant bottle design resembles a perfume flask, making it both functional and decorative. Best suited for those seeking a high-end home fragrance that provides a clean, winter-inspired ambiance with approximately 1-3 months of freshness.",https://foryoupiece.com/wp-content/uploads/sg-11134207-7rd6r-lx9da5930rj430-Photoroom46.jpg
31429CCF,"Tsubaki Conditioner Refill, Premium Moist & Repair, 900ml","<div class=""mb-md"">\n<div class=""relative default font-sans text-base text-textMain dark:text-textMainDark selection:bg-super/50 selection:text-textMain dark:selection:bg-superDuper/10 dark:selection:text-superDark"">\n<div class=""min-w-0 break-words [word-break:break-word]"">\n<div dir=""auto"">\n<div class=""prose dark:prose-invert inline leading-normal break-words min-w-0 [word-break:break-word]"">The TSUBAKI Premium Moist &amp; Repair Conditioner Refill (900ml) is a high-end Japanese hair treatment product in a convenient refill pouch. This sulfate-free formula features double the camellia oil content, specifically designed for dry and damaged hair. The conditioner deeply moisturizes, repairs cuticles, and provides long-lasting hydration while enhancing hair's natural shine. It's particularly suitable for those dealing with dryness from UV damage or chemical treatments, leaving hair silky smooth and manageable from first use.</div>\n</div>\n</div>\n</div>\n</div>",https://foryoupiece.com/wp-content/uploads/Square-Photoroom15.jpg
JGZSP2R5,"Tsubaki Confitioner Refill, Premium Volume & Repair, 900ml","This is a premium hair treatment refill pack from Shiseido's Tsubaki line, specifically the Premium Volume &amp; Repair variant in a 900ml size. The treatment contains Japanese camellia oil as its key ingredient, along with royal jelly extract and other nourishing components. It's designed for hair lacking elasticity and volume, providing deep moisture and repair from root to tip. The formula helps remove excess scalp sebum while protecting and hydrating the hair shaft. Best suited for those with damaged, lifeless hair seeking salon-quality results at home. The product features a pleasant fruity-floral aroma.",https://foryoupiece.com/wp-content/uploads/sg-11134207-7rd6r-lx9da5930rj430-Photoroom36.jpg
FLXI0HJH,"Tsubaki Shampoo Refill, Premium Moist & Repair, 900ml","<div class=""mb-md"">\n<div class=""relative default font-sans text-base text-textMain dark:text-textMainDark selection:bg-super/50 selection:text-textMain dark:selection:bg-superDuper/10 dark:selection:text-superDark"">\n<div class=""min-w-0 break-words [word-break:break-word]"">\n<div dir=""auto"">\n<div class=""prose dark:prose-invert inline leading-normal break-words min-w-0 [word-break:break-word]"">This is Shiseido's Tsubaki Premium Moist &amp; Repair Shampoo refill pack in the signature red packaging. It's a premium Japanese hair care product specifically designed for damaged and dry hair. The shampoo contains camellia (tsubaki) oil, royal jelly extract, and ion repair technology that penetrates deep into the hair shaft to repair and moisturize from within. It leaves hair soft, manageable, and glossy while featuring an elegant floral-fruity fragrance. Best suited for those concerned about hair damage and dryness who want salon-like results at home.</div>\n</div>\n</div>\n</div>\n</div>",https://foryoupiece.com/wp-content/uploads/sg-11134207-7rd6r-lx9da5930rj430-Photoroom43.jpg
P9OXJ747,"KOSÉ Clear Turn Vita Cica Mask 40 Sheets","The Kose Clear Turn Vitamin C &amp; CICA Face Mask is a Japanese daily sheet mask that comes in a convenient 40-sheet package. This all-in-one skincare solution combines vitamin C derivatives and Centella Asiatica (CICA) to brighten skin tone, protect against UV damage, and provide intense hydration. The mask performs five functions, eliminating the need for separate lotion, essence, emulsion, cream, and pack applications. Best suited for those seeking to improve skin brightness, reduce rough texture, and minimize pore appearance while maintaining optimal hydration. The biomass-based sheet material is environmentally friendly and suitable for daily use.",https://foryoupiece.com/wp-content/uploads/sg-11134207-7rd6r-lx9da5930rj430-Photoroom38.jpg
FCQRT2EY,"SHISEIDO Non White Hair Shampoo 240ml","This Shiseido Serum Noir Non-White Hair Massage Shampoo (240ml) is a specialized hair care product designed to promote thick, beautiful hair and scalp health. The shampoo features a unique massage formula containing Japanese and Chinese plant extracts including ginseng, hops, and coriander, along with mineral clay for deep cleansing. It effectively removes dirt and excess sebum while promoting blood circulation through scalp massage. The formula is particularly beneficial for those looking to maintain hair thickness and prevent thinning. Best suited for those concerned with hair volume and scalp health, this shampoo offers a gentle yet effective cleansing experience with a mild fragrance.",https://foryoupiece.com/wp-content/uploads/sg-11134207-7rd6r-lx9da5930rj430-Photoroom41.jpg
0OPDKYTG,"Kissme Heroin Make Mascara, Volume Up, Black","The Kiss Me Heroine Make Volume Up Mascara Super Waterproof is a premium Japanese mascara designed for dramatic volume and lasting curl. This mascara features Volume EX Powder and Volume Separate Powder technology that creates fuller, thicker lashes while maintaining separation. The formula includes six nourishing ingredients (Camellia Oil, Royal Jelly Extract, Argan Oil, Wild Rose Oil, Ginseng Root Extract, and Almond Oil) to protect lashes. Its super waterproof formula resists tears, sweat, and sebum, making it ideal for those seeking long-lasting, smudge-proof wear. Best suited for people who want voluminous lashes that stay curled all day, particularly in humid conditions.",https://foryoupiece.com/wp-content/uploads/sg-11134207-7rd6r-lx9da5930rj430-Photoroom39.jpg
A5KF1HLH,"IROKA Fabric Mist Naked Lily Fragrance 200ml","IROKA Clothing Refresh Mist in Naked Lily scent is a premium Japanese fabric spray from KAO Corporation. This 200ml spray combines Pure Musk and Luxurious Amber notes for an elegant, perfume-like fragrance that lasts throughout the day. It's designed to refresh delicate garments that can't be frequently washed, such as dresses, sweaters, and coats. Beyond fragrance, it serves multiple functions: removing wrinkles, eliminating bacteria, preventing static electricity, and deodorizing fabrics. Simply spray from 10-20cm away on dry clothing until slightly damp, and let dry completely before wearing.",https://foryoupiece.com/wp-content/uploads/sg-11134207-7rd6r-lx9da5930rj430-Photoroom45.jpg
VUP6CA5J,"Nivea UV Deep Protect Care Gel 2.8 oz (80 g) SPF50+ PA++++","The Nivea UV Deep Protect &amp; Care Gel is a Japanese sunscreen offering maximum protection with SPF50+ PA++++. This 80g gel-type formula features a unique 3D UV film technology that makes it super waterproof and sweat-resistant. Enriched with honeysuckle extract, pearl protein, and damask rose water, it provides both sun protection and moisturizing benefits. The lightweight, non-greasy gel spreads easily, absorbs quickly, and works well under makeup. With its clear floral scent, it's suitable for both face and body use, making it ideal for daily wear and outdoor activities. Best suited for those seeking a versatile, high-protection sunscreen with skincare benefits.",https://foryoupiece.com/wp-content/uploads/sg-11134207-7rd6r-lx9da5930rj430-Photoroom37.jpg
C2IEUJ44,"Diane Bonheur Dry Shampoo Pear & Mint Fragrance 120ml","Diane Bonheur Fresh Pear &amp; Mint Dry Shampoo is a Japanese hair care product formulated with 98% natural ingredients. This versatile mist-type dry shampoo effectively absorbs excess oil and sweat while leaving a refreshing cooling sensation. The formula features Damask Rose Water, Lemongrass Leaf, and Rosemary Extract for moisturizing benefits. Its signature fresh pear and mint fragrance, created by master perfumers in Grasse, France, offers an invigorating experience. The product can be used on both hair and body (except face) for instant refreshment, making it perfect for post-workout, busy mornings, or midday touch-ups. The 120ml bottle leaves no white residue.",https://foryoupiece.com/wp-content/uploads/sg-11134207-7rd6r-lx9da5930rj430-Photoroom40.jpg
F3PHUIDH,"Diane Bonheur Dry Shampoo Blue Jasmine & Mint Fragrance 120ml","Diane Bonheur Blue Jasmine &amp; Mint Dry Shampoo is a Japanese hair refreshing mist containing over 98% naturally derived ingredients. This 120ml product effectively absorbs excess oil while providing a cooling sensation, leaving no white residue. Infused with rose water, mariana bark extract, and essential oils, it delivers a luxurious jasmine and mint fragrance. Perfect for those seeking a quick hair refresh between washes, post-workout, or during busy days. The versatile formula can also be used as a body refreshing mist, making it ideal for on-the-go freshness. Not recommended for use on the face.",https://foryoupiece.com/wp-content/uploads/Square-Photoroom9.jpg
T6D28IWH,"SHISEIDO Moilip E + B6 Lip Cream 8g","Shiseido Moilip is a medicated lip treatment cream from Japan that combines Vitamin E and B6 for intensive lip care. This fragrance-free formula contains key ingredients like allantoin, glycyrrhizic acid, and panthenol to effectively treat and prevent chapped, cracked, and peeling lips. The creamy texture provides long-lasting moisture while creating a protective barrier against external elements. Best suited for those suffering from severe lip dryness, cold sores, cheilitis, or angular cheilitis. The 8g tube packaging allows for easy and hygienic application, making it ideal for both daily maintenance and emergency lip care.",https://foryoupiece.com/wp-content/uploads/Square-Photoroom11.jpg
CZ0EMMM5,"&Honey Creamy Moist Hand Cream (Ultra Moist), Berry Honey Fragrance, 1.8 oz (50 g)","The &amp;honey Creamy Moist Hand Cream is a Japanese hand moisturizer featuring a luxurious formula with over 90% moisturizing and protective ingredients. This cream contains a unique blend of natural honey, hydrolyzed honey protein, and double royal jelly extracts for deep hydration. Enhanced with Argania spinosa kernel oil, it effectively repairs and protects dry, damaged hands while creating a protective barrier against environmental stressors. The cream has a delightful Merry Berry Honey scent and is particularly suitable for those dealing with rough, dry hands who want long-lasting moisture and skin repair benefits.",https://foryoupiece.com/wp-content/uploads/Square-Photoroom10.jpg
J6BFSH4M,"lchikami Color Care Limited Edition Set 480ml","The Kracie Ichikami Color Care Set is a premium Japanese hair care duo featuring a 480ml shampoo and conditioner designed specifically for color-treated hair. This sulfate-free formula combines traditional Japanese botanicals (waso) with modern hair science to prevent color fading while repairing damage. The products contain pure Japanese botanical extracts including ashitaba, rice bran oil, and camellia, which work together to combat frizz and protect hair from environmental damage. The set features a sophisticated fragrance blend of lemon flower and cherry blossom, making it ideal for those seeking to maintain vibrant hair color while addressing damage from chemical treatments.",https://foryoupiece.com/wp-content/uploads/sg-11134207-7rd6r-lx9da5930rj430-Photoroom33.jpg
IBGJP3C0,"Kao Megurism Steam Hot Eye Mask, Lavender Scent, 12 packs","The MegRhythm Dreamy Selection Steam Eye Mask is a self-warming eye mask from Kao Japan that provides a soothing steam experience at approximately 40°C for about 20 minutes. This lavender-scented version offers a calming aromatherapy effect while the gentle warmth helps relieve eye strain and tension. The mask activates immediately upon opening and features a soft, fluffy cotton material that fits securely whether sitting or lying down. It's particularly beneficial for those dealing with digital eye strain, insomnia, or seeking relaxation before bedtime. The 12-piece box is perfect for regular use as part of a nighttime routine or for quick relaxation breaks during the day.",https://foryoupiece.com/wp-content/uploads/sg-11134207-7rd6r-lx9da5930rj430-Photoroom34.jpg
GP22RMAO,"Diane Extra Shine, Shampoo & Treatment Set, 450ml","<div class=""mb-md"">\n<div class=""relative default font-sans text-base text-textMain dark:text-textMainDark selection:bg-super/50 selection:text-textMain dark:selection:bg-superDuper/10 dark:selection:text-superDark"">\n<div class=""min-w-0 break-words [word-break:break-word]"">\n<div dir=""auto"">\n<div class=""prose dark:prose-invert inline leading-normal break-words min-w-0 [word-break:break-word]"">Moist Diane Perfect Beauty Extra Shine is a Japanese hair care line featuring shampoo and treatment/conditioner designed for those seeking lustrous, smooth hair. The products contain organic argan oil, platinum keratin, and a blend of natural oils (marula, coconut, cupuaçu) to repair damage and enhance shine. This sulfate-free and silicone-free formula is particularly effective for dry, dull, or color-treated hair. With a pleasant floral-berry scent, it leaves hair feeling moisturized and silky while preventing frizz.</div>\n</div>\n</div>\n</div>\n</div>",https://foryoupiece.com/wp-content/uploads/sg-11134207-7rd6r-lx9da5930rj430-Photoroom31.jpg
P24J8AQJ,"Limited Edition Kuromi CHOI Mask Medicated Acne Care 10 Sheets","<div class=""mb-md"">\n<div class=""relative default font-sans text-base text-textMain dark:text-textMainDark selection:bg-super/50 selection:text-textMain dark:selection:bg-superDuper/10 dark:selection:text-superDark"">\n<div class=""min-w-0 break-words [word-break:break-word]"">\n<div dir=""auto"">\n<div class=""prose dark:prose-invert inline leading-normal break-words min-w-0 [word-break:break-word]"">This is a limited edition Kuromi-themed Japanese sheet mask from Hadabisei's CHOI series, featuring Sanrio's popular character Kuromi on the packaging. The medicated acne care mask contains salicylic acid and dipotassium glycyrrhizate to combat acne and inflammation. Each pack includes 10 sheets designed for a 5-minute intensive treatment. The formula is fragrance-free, colorant-free, and non-comedogenic, making it ideal for acne-prone and sensitive skin. The mask also contains green tea extract and beauty skin texture ingredients to refine pores and improve overall skin texture while providing moisture.</div>\n</div>\n</div>\n</div>\n</div>",https://foryoupiece.com/wp-content/uploads/Square-Photoroom12.jpg
CUYVOLIB,"Limited Edition My Melody CHOI Mask Skin/Pore Care 10 Sheets","<div class=""mb-md"">\n<div class=""relative default font-sans text-base text-textMain dark:text-textMainDark selection:bg-super/50 selection:text-textMain dark:selection:bg-superDuper/10 dark:selection:text-superDark"">\n<div class=""min-w-0 break-words [word-break:break-word]"">\n<div dir=""auto"">\n<div class=""prose dark:prose-invert inline leading-normal break-words min-w-0 [word-break:break-word]"">This is a Japanese sheet mask featuring Sanrio's My Melody character, manufactured by Kracie under their Hadabisei CHOI series. It's a 5-minute intensive care medicated mask specifically designed for pore care and skin moisturizing. Each pack contains 10 sheets with a fragrance-free, colorant-free formula containing dipotassium glycyrrhizate for anti-inflammatory benefits and vitamin herb complex for firming and moisturizing effects. The mask features a close-fitting design that ensures optimal delivery of active ingredients. Best suited for those concerned with large pores, dry skin, and overall skin texture improvement. Recommended use is 1-2 times per week for optimal results.</div>\n</div>\n</div>\n</div>\n</div>",https://foryoupiece.com/wp-content/uploads/sg-11134207-7rd6r-lx9da5930rj430-Photoroom32.jpg
X77XDFTT,"Salonia 2-Way Straighten & Curl Hair Iron, 32 mm, Professional Use, 428°F (220°C), Black","The Salonia 2WAY is a versatile hair styling tool that functions as both a straightener and curling iron with a 32mm ceramic-coated barrel. This Japanese hair iron features one-touch switching between functions, digital temperature control from 100°C to 220°C, and heats up in just 50 seconds. It includes safety features like auto shut-off after 30 minutes and a temperature lock function. The device is ideal for those seeking an all-in-one styling solution, with worldwide voltage compatibility (100V-240V) and a 360-degree rotating cord. Best suited for users who want professional-quality styling versatility in a single tool.",https://foryoupiece.com/wp-content/uploads/sg-11134207-7rd6r-lx9da5930rj430-Photoroom26.jpg
CKZ72LQ7,"Premium Aroma, Simple Modern Urban Luxe, Toilet Fragrance 400ml","This is a premium toilet air freshener from S.T. Corporation Japan featuring a sophisticated marble-design bottle. The Urban Luxe variant offers a luxury aroma formulated with high-quality fragrance oils selected by professional perfumers. The product contains nano powder deodorizing technology that effectively captures and eliminates unpleasant odors. With an adjustable cap to control fragrance intensity, this 400ml bottle lasts 2-3 months under normal usage. Its minimalist, modern design makes it particularly appealing to urban consumers who value both functionality and aesthetic appeal in their bathroom spaces.",https://foryoupiece.com/wp-content/uploads/sg-11134207-7rd6r-lx9da5930rj430-Photoroom27.jpg
95DHCTW2,"Premium Aroma, Urban Romance, Toilet Fragrance 400ml","Premium Aroma for Toilet in Urban Romance fragrance is a luxury Japanese air freshener designed specifically for bathroom spaces. This 400ml liquid deodorizer features a sophisticated blend of lychee, rose, muguet, and musk notes creating a refined perfume-like scent. It contains nano powder technology for effective odor absorption and includes 5 times more fragrance oil than standard air fresheners. The product lasts 2-3 months with an adjustable cap to control fragrance intensity. Best suited for those seeking a premium bathroom deodorizing solution with an elegant, long-lasting floral scent.",https://foryoupiece.com/wp-content/uploads/sg-11134207-7rd6r-lx9da5930rj430-Photoroom16.jpg
HZE8K3SW,"&Honey Melty Moist Repair My Melody Limited Set [Shampoo/Treatment/4 Steps Travel Kit]","This is a limited edition My Melody-themed hair care set from &amp;Honey's Melty Moist Repair line, featuring a pink-colored collection in adorable packaging. The set includes shampoo, treatment, and a 4-step travel kit, all designed for damaged hair repair and moisture retention. The products are housed in cute bottle designs decorated with My Melody, Sanrio's beloved bunny character, making it both functional and collectible. Perfect for those who love kawaii aesthetics while seeking effective hair care, or as a gift for Sanrio fans who want to maintain healthy, moisturized hair.",https://foryoupiece.com/wp-content/uploads/sg-11134207-7rd6r-lx9da5930rj430-Photoroom15.jpg
CIY9XYE6,"&Honey Melty Moist Repair My Melody Hair Oil 100ml","This limited edition &amp;Honey Melty Moist Repair Hair Oil features a charming My Melody design from Sanrio. The 100ml alcohol-free formula is enriched with natural honey and argan oil, specifically designed to combat frizz and repair damaged hair. With a delightful strawberry fragrance, this lightweight hair oil maintains 14% moisture content for optimal hair health. The product is particularly effective for those with dry, damaged, or frizzy hair, providing deep hydration while improving manageability without leaving a greasy residue. Perfect for daily use on all hair types seeking smooth, silky, and well-nourished locks.",https://foryoupiece.com/wp-content/uploads/sg-11134207-7rd6r-lx9da5930rj430-Photoroom19.jpg
17L7WLRG,"Kao Cape Spray Level 2 Non Fragrance 180g","This is KAO Cape Level 2 Natural Hold Hair Spray, an unscented Japanese styling product designed for everyday use. The spray provides a natural, flexible hold without making hair too stiff or hard. It effectively resists humidity and sweat while maintaining hairstyle throughout the day. The formula includes a soft-feeling ingredient (Polysilicon-9) that allows hair to remain touchable. Best suited for those who prefer a lighter hold and want their hair to maintain natural movement. The ergonomic spray design with an easy-lever mechanism makes application simple and convenient. Ideal for those sensitive to fragrances or who prefer fragrance-free hair products.",https://foryoupiece.com/wp-content/uploads/sg-11134207-7rd6r-lx9da5930rj430-Photoroom23.jpg
D55W9NIZ,"Melano CC Intensive Serum Mask 20 Sheets","The Melano CC Premium Brightening Mask is a Japanese sheet mask enriched with Vitamin C and Vitamin E derivatives designed for skin brightening and moisturizing. For this, Each pack contains 20 sheets made from plant-derived rayon that adheres well to the skin. The mask features a blend of grapefruit and lemon fruit extracts along with moisturizing ingredients to help combat UV damage, reduce dark spots, and provide hydration. With a refreshing citrus scent, it's ideal for daily use and particularly beneficial after sun exposure. Best suited for those looking to brighten their complexion and address hyperpigmentation concerns. Recommended use time is 5-15 minutes.",https://foryoupiece.com/wp-content/uploads/sg-11134207-7rd6r-lx9da5930rj430-Photoroom24.jpg
RSOI1HLT,"Melano CC Intensive Care Mask 30 Sheets","The Melano CC Premium Mask is a Japanese sheet mask infused with Vitamin C and Vitamin E derivatives designed for skin brightening and moisturizing. The mask features a plant-derived rayon sheet that adheres well to the skin and contains grapefruit and lemon fruit extracts. Each pack contains 30 sheets soaked in a refreshing citrus-scented serum. It's particularly effective for after-sun care and daily maintenance, best suited for those seeking skin brightening and hydration. The mask should be applied for 5-15 minutes after cleansing, making it ideal for all skin types, especially those dealing with dullness or UV damage.",https://foryoupiece.com/wp-content/uploads/sg-11134207-7rd6r-lx9da5930rj430-Photoroom18.jpg
VWSEO037,"Melano CC Intensive Serum Mask 7 Sheets","The Melano CC mask is a Japanese sheet mask enriched with Vitamin C and Vitamin E derivatives designed for brightening and moisturizing effects. Each cotton-rayon sheet is infused with a concentrated serum containing grapefruit and lemon fruit extracts. The mask targets dark spots, hyperpigmentation, and uneven skin tone while providing deep hydration. It features a refreshing citrus scent and is ideal for all skin types, especially those concerned with dullness or sun damage. The mask should be left on for 5-15 minutes after cleansing and toning. This 7-sheet pack is perfect for weekly brightening treatments.",https://foryoupiece.com/wp-content/uploads/sg-11134207-7rd6r-lx9da5930rj430-Photoroom21.jpg
VMRVSVNM,"DHC Collagen 60-Day Supply (360 Capsules)","DHC Collagen is a popular Japanese supplement containing 2050mg of fish-derived collagen peptides per serving, enhanced with vitamins B1 and B2. The 60-day supply pack contains 360 easy-to-swallow tablets designed to support skin elasticity, moisture, and firmness. Each daily dose of 6 tablets should be taken after dinner. This supplement is particularly beneficial for those concerned about aging skin, dryness, and loss of elasticity. With its highly absorbable collagen peptides and vitamin blend, it aims to promote youthful skin from within while supporting overall skin health and beauty maintenance.",https://foryoupiece.com/wp-content/uploads/sg-11134207-7rd6r-lx9da5930rj430-Photoroom25.jpg
FPT9PW72,"DHC Vitamin C 60-Day Suppy (120 Capsules)","DHC Vitamin C is a Japanese supplement containing 1,000mg of vitamin C and 2mg of vitamin B2 per daily serving (2 capsules). The hard capsules are designed to provide antioxidant benefits, support skin health, and maintain healthy mucous membranes. Each package contains 120 capsules for a 60-day supply. This supplement is particularly beneficial for those seeking clearer skin, smokers, frequent alcohol consumers, people under stress, or those wanting to boost their immune system. The addition of vitamin B2 enhances vitamin C absorption, making it an effective daily supplement for overall health and beauty maintenance.",https://foryoupiece.com/wp-content/uploads/sg-11134207-7rd6r-lx9da5930rj430-Photoroom22.jpg
A8Y1BNKA,"DHC Sustained Release Biotin 60-Day Supply (60 Capsules)","<div class=""mb-md"">\n<div class=""relative default font-sans text-base text-textMain dark:text-textMainDark selection:bg-super/50 selection:text-textMain dark:selection:bg-superDuper/10 dark:selection:text-superDark"">\n<div class=""min-w-0 break-words [word-break:break-word]"">\n<div dir=""auto"">\n<div class=""prose dark:prose-invert inline leading-normal break-words min-w-0 [word-break:break-word]"">DHC Sustained Release Biotin is a Japanese nutritional supplement containing 500μg of biotin (vitamin B7) per tablet, designed for a 60-day supply. The slow-dissolving, sustained-release formula helps maintain healthy hair, skin, and nails while supporting overall metabolic function. Each pack contains 60 tablets, with a recommended dosage of one tablet daily after meals with water. This supplement is particularly beneficial for those experiencing hair thinning, brittle nails, or skin concerns. The time-release technology ensures optimal absorption of biotin throughout the day, making it an efficient choice for maintaining beauty and wellness from within.</div>\n</div>\n</div>\n</div>\n</div>",https://foryoupiece.com/wp-content/uploads/sg-11134207-7rd6r-lx9da5930rj430-Photoroom17.jpg
UIHL51N2,"CHOI Mask Skin/Pore Care 10 Sheets","The Hadabisei CHOI Mask (Yellow) is a Japanese medicinal sheet mask specifically designed for pore care and skin refinement. This 5-minute intensive treatment contains salicylic acid and glycyrrhizic acid to prevent skin roughness, while its Beauty Skin Texture Ex blend (featuring apple, Job's tears, pearl, and peony extracts) works to tighten pores and improve overall skin texture. The mask is fragrance-free, colorant-free, and allergy-tested, making it suitable for those concerned with enlarged pores and uneven skin texture. Each package contains 10 sheets soaked in a non-sticky serum that effectively penetrates the skin.",https://foryoupiece.com/wp-content/uploads/sg-11134207-7rd6r-lx9da5930rj430-Photoroom13.jpg
V1EPP5I4,"CHOI Mask Medicated Acne Care 10 Sheets","The Kracie Hadabisei CHOI Mask White is a Japanese medicinal facial sheet mask designed for acne-prone and problematic skin. Each box contains 10 masks featuring a dual-action formula with glycyrrhizinic acid from licorice and salicylic acid to combat acne, reduce inflammation, and prevent breakouts. The mask provides intensive moisturizing care while addressing skin concerns like enlarged pores, roughness, and blemishes. Free from fragrances and dyes, this allergy-tested and non-comedogenic product is best suited for those with dry, rough skin prone to acne. The recommended usage is 5-15 minutes, 1-2 times per week.",https://foryoupiece.com/wp-content/uploads/sg-11134207-7rd6r-lx9da5930rj430-Photoroom14.jpg
HTDR0P2J,"Marukyu Koyamaen Matcha Powder, Chigi no Shiro 40g can","Chigi no Shiro is a premium ceremonial grade matcha green tea powder produced by Marukyu Koyamaen, a renowned tea company with over 300 years of history in Uji, Kyoto. Named in honor of the Ise Shrine's rebuilding, this matcha is characterized by its grassy, soft flavor profile with a hint of acidity and a creamy, velvety texture. It offers a well-balanced taste between astringency and umami, without significant bitterness or sweetness. Best suited for traditional usucha (thin tea) preparation and matcha lattes, this versatile tea comes in a 40g can and should be stored in a cool, dark place.",https://foryoupiece.com/wp-content/uploads/sg-11134207-7rd6r-lx9da5930rj430-Photoroom12.jpg
6ATGZFAZ,"Yamamasa Koyamaen Matcha Powder, Ogurayama 300g","Ogurayama is a premium ceremonial-grade matcha green tea powder produced by Yamamasa Koyamaen, a renowned tea manufacturer established in 1704 in Uji, Kyoto. This matcha is one of their most popular ceremonial grades, featuring a balanced profile of umami and sweetness with a velvety texture and refined finish. It's primarily used for traditional tea ceremonies as usucha (thin tea) and is favored by various tea schools. While it sits in the middle range of ceremonial grades, its exceptional quality and smooth taste make it ideal for both traditional tea preparation and special occasions where luxury is desired.",https://foryoupiece.com/wp-content/uploads/Square-Photoroom8.jpg
KCUZ0CCY,"Ipoddo Tea Matcha Powder, Kan-no-shiro 30g Box","Kan is a premium ceremonial grade matcha green tea powder from Ippodo, a renowned 300-year-old tea company in Kyoto, Japan. This medium-bodied matcha offers a well-balanced flavor profile featuring natural sweetness and rich umami, complemented by a subtle refreshing bitterness. The 30g tin contains pure Japanese green tea leaves ground into a fine powder. It's versatile enough for both traditional preparations (usucha and koicha) and modern applications like lattes. Best suited for daily tea drinking, it pairs excellently with light, airy desserts like waffles, chiffon cake, or cheese soufflé. Perfect for those seeking a balanced, everyday matcha experience.",https://foryoupiece.com/wp-content/uploads/Square-Photoroom7.jpg
KLD3964L,"Ipoddo Tea Matcha Powder, Horai-no-mukashi 20g Can","Horai is a premium matcha green tea powder from Ippodo Tea, a renowned Kyoto-based tea company established in 1717. This 20g tin contains a smooth, balanced matcha characterized by a gentle sweetness, mellow umami, and a subtle hint of bitterness. Its bright green color and accessible flavor profile make it an ideal choice for both matcha beginners and enthusiasts. Perfect for preparing both usucha (thin tea) and koicha (thick tea), it also works well in lattes. Best suited for those who want to experience authentic Japanese matcha without overwhelming richness, making it an excellent everyday ceremonial grade tea.",https://foryoupiece.com/wp-content/uploads/Square-Photoroom6.jpg
D0Z2NSRD,"Ipoddo Tea Matcha Powder, Unmon-no-mukashi 20g Can","Ummon-no-mukashi is a premium ceremonial grade matcha from Ippodo Tea, a renowned Kyoto tea producer with 300 years of history. This vibrant green matcha powder delivers a rich, full-bodied flavor profile characterized by strong umami, natural sweetness, and a pleasant astringency. It features a bright emerald color and aromatic fragrance. Best suited for both usucha (thin tea) and koicha (thick tea) preparation, it's particularly excellent for formal tea ceremonies or when hosting guests. The 20g can is ideal for matcha enthusiasts who appreciate a robust, complex tea experience without milk additives.",https://foryoupiece.com/wp-content/uploads/Square-Photoroom5.jpg
WP7AGEKE,"ANESSA Perfect UV Skincare Milk 60ml","The ANESSA Perfect UV Skincare Milk is a premium Japanese sunscreen from Shiseido that offers SPF50+ PA++++ protection in a lightweight, milky formula. Its standout feature is the Auto Booster Technology that strengthens UV protection when exposed to water, sweat, or heat, remaining effective for up to 80 minutes in water. The formula contains 50% skincare ingredients, including marine collagen, hyaluronic acid, and green tea extract, while providing a smooth, non-greasy finish that works well under makeup. Best suited for all skin types, particularly those in humid climates or engaging in outdoor activities, this sunscreen can be used on both face and body.",https://foryoupiece.com/wp-content/uploads/Square-Photoroom3.jpg
XNX5TVN7,"L'Oreal Paris Hersève Extraordinary Oil Hair Mask 250ml","L'Oreal Paris Extraordinary Oil Hair Mask is a luxurious deep conditioning treatment designed for dry and damaged hair. This golden-hued mask comes in a premium jar packaging and features a rich, creamy formula enriched with six precious flower oils. The mask provides intense nourishment and hydration without weighing hair down, leaving strands smoother, shinier, and more manageable. It's particularly effective for those with very dry, frizzy, or chemically treated hair, offering up to 72 hours of moisture protection. For best results, use after shampooing and leave on for 2-3 minutes before rinsing.",https://foryoupiece.com/wp-content/uploads/Square-Photoroom2.jpg
BASSI5AJ,"Nihon Yakken Sugar & Fat Clear Tea, Refreshing Tea, 20 Packs","Oil and Sweet Reducing Tea (Pink) is a Japanese dietary tea blend packaged in convenient single-serve sachets, containing 20 tea bags per package. This herbal tea is specifically formulated to help reduce cravings for oily foods and sweets while supporting healthy digestion. The blend features natural ingredients that work together to help manage sugar and fat absorption. It's ideal for those looking to maintain a balanced diet, control snacking habits, or seeking digestive support after heavy meals. The tea can be enjoyed either hot or cold, making it a versatile addition to any health-conscious lifestyle.",https://foryoupiece.com/wp-content/uploads/Square-Photoroom.jpg
0A0RB0MT,"Ipoddo Tea Matcha Powder, Unmon-no-mukashi 40g Can","Ippodo Tea's Ummon is a premium ceremonial-grade matcha powder from Kyoto, featuring a rich, full-bodied flavor profile with prominent umami and natural sweetness. This vibrant emerald-green powder is extremely finely milled and delivers a complex taste experience with deep vegetal notes and minimal bitterness. The 40g tin contains approximately 10-12 servings and can be prepared as both usucha (thin tea) or koicha (thick tea). Best suited for formal tea ceremonies, special occasions, or when seeking a robust matcha experience. It pairs excellently with sweet confections and is ideal for those who appreciate a stronger, more sophisticated matcha.",https://foryoupiece.com/wp-content/uploads/Square-Photoroom1.jpg
JOVL703L,"Botanist Bouncy Volume Shampoo 460ml","Botanist Bouncy Volume Shampoo is a premium Japanese hair care product designed to add volume and bounce to fine, limp hair. This 460ml botanical shampoo features natural ingredients including rice bran oil, soybean extract, and hydrolyzed silk protein. It's formulated without silicones, parabens, and synthetic pigments, making it gentle yet effective. The shampoo has an elegant peony and orange blossom fragrance. Best suited for those with oily scalp and low porosity hair who want to achieve fuller, more voluminous locks while maintaining natural elasticity. The formula is 86% natural origin and provides effective cleansing while nourishing the hair.",https://foryoupiece.com/wp-content/uploads/Square-Photoroom61.jpg
B1LU4EGM,"Botanist Bouncy Volume Treatment 460g","Botanist Bouncy Volume Treatment is a premium Japanese hair conditioner designed to add volume and elasticity to fine, limp hair. This silicone-free formula contains natural botanical ingredients that provide three-way care for scalp health, moisture retention, and damage repair. The 460g treatment features a delicate pear and chamomile scent and creates supple, bouncy hair with natural body. It's particularly suitable for those with flat hair seeking more volume and lift. The product boasts a 96% natural origin index and leaves hair feeling soft and full of life without weighing it down.",https://foryoupiece.com/wp-content/uploads/Square-Photoroom60.jpg
N5QDZK6T,"Premium Aroma, Velvet Musk, Room and Toilet Set, 400ml x 2","This Premium Aroma Set appears to be a Black Friday special edition package featuring cute panda mascot designs on a black and gray color scheme. The set contains premium aromatic products packaged in a convenient carry bag. The playful panda illustrations and premium branding suggest this is a high-end aromatherapy or fragrance collection aimed at customers who appreciate both quality scents and kawaii aesthetics. Perfect for those seeking a luxurious aromatic experience while maintaining a fun, Japanese-style design sensibility.",https://foryoupiece.com/wp-content/uploads/Square-Photoroom59.jpg
C4XKWLZ0,"Himecoto White Armpit Soap 100g","<p>The Himecoto Shiro Waki Hime (White Armpit Princess) is a specialized Japanese underarm soap designed for armpit care and whitening. This 100g soap features a unique washboard texture containing fruit acids, mannan scrub, and natural ingredients like persimmon tannin and botanical extracts. It effectively removes dead skin cells, cleanses pores, and addresses underarm discoloration while helping control odor. The soap is particularly beneficial for those who frequently use deodorants or experience underarm darkening from shaving. Simply massage the damp soap on underarms for 3-5 seconds and rinse with lukewarm water for best results.</p>",https://foryoupiece.com/wp-content/uploads/Square-Photoroom58.jpg
QAUNWD2A,"CANMAKE Whip Puru Tint 06 Raspberry Cake",,https://foryoupiece.com/wp-content/uploads/Square-Photoroom28-2.jpg
ZQJJT6EY,"CANMAKE Whip Puru Tint 05 Fig Puree",,https://foryoupiece.com/wp-content/uploads/Square-Photoroom26-2.jpg
JIO67UHR,"Ora2 Mouth Spray, Juicy Peach 6ml","Ora2 Me Juicy Peach Spray is a compact 6ml breath freshening spray from Japan that combines oral hygiene with a sweet peach flavor. The antibacterial formula contains l-menthol to kill odor-causing bacteria and instantly freshen breath. Its small, stylish design makes it perfect for discreet use during meetings, after meals, or before social interactions. The spray is particularly useful when wearing masks or during situations where quick breath freshening is needed. It's one of eight flavors in the Ora2 Me line, offering a fruity alternative to traditional mint options",https://foryoupiece.com/wp-content/uploads/Square-Photoroom54.jpg
2HVH3YY5,"CANMAKE Whip Puru Tint 01 Butterscotch",,https://foryoupiece.com/wp-content/uploads/Square-Photoroom25-2.jpg
FJ0OQIX4,"Ora2 Mouth Spray, Citrus Mint 6ml","Ora2 Citrus Mint Mouth Spray is a 6ml portable breath freshener from Japan featuring an antibacterial formula with L-menthol and citrus notes. The spray effectively eliminates bad breath and sterilizes odor-causing bacteria while providing a refreshing citrus-mint sensation. Each compact bottle contains water, alcohol, glycerin, and natural flavoring agents. This product is perfect for use before wearing masks, after meals with strong odors, post-drinking or smoking, and during business meetings. The small, stylish design makes it convenient to carry, offering approximately 160 sprays per bottle. Best suited for people needing quick breath freshening on-the-go and those seeking a discreet oral care solution with a bright citrus-mint flavor",https://foryoupiece.com/wp-content/uploads/Square-Photoroom53.jpg
1YCZGDSH,"Ora2 Mouth Spray, Cool Mint 6ml","Ora2 Cool Mint Mouth Spray is a portable breath freshener from Japan that comes in a compact 6ml bottle. This antibacterial spray formula instantly removes mouth odors and provides a refreshing cool mint sensation. The spray contains alcohol, glycerin, and menthol for quick breath freshening, with each bottle providing approximately 160 sprays. It's particularly convenient for quick freshening before wearing masks, during meetings, or after meals. This product is ideal for people who need on-the-go breath freshening, professionals seeking discrete oral care solutions, or anyone wanting to maintain fresh breath throughout the day.",https://foryoupiece.com/wp-content/uploads/Square-Photoroom51.jpg
M2FV2SCT,"CANMAKE Whip Puru Tint 04 Chocolate Milk","Canmake Lip Tint Mat 04 in Terracotta Red is a Japanese matte lip tint that offers a smooth, lightweight formula with excellent color payoff. The tint spreads evenly and adheres well to lips, creating a non-sticky matte finish while maintaining moisture. It features a quick-drying formula that provides long-lasting wear without feeling heavy. The terracotta red shade delivers a sophisticated warm tone suitable for daily wear. This product is ideal for those seeking a comfortable matte lip color that won't dry out their lips and prefer earthy, warm tones that complement both casual and professional looks.",https://foryoupiece.com/wp-content/uploads/Square-Photoroom24-2.jpg
BELW9IU7,"CANMAKE Whip Puru Tint 03 Wine Berry","<div class=""mb-md"">\n<div class=""relative default font-sans text-base text-textMain dark:text-textMainDark selection:bg-super/50 selection:text-textMain dark:selection:bg-superDuper/10 dark:selection:text-superDark"">\n<div class=""min-w-0 break-words [word-break:break-word]"">\n<div dir=""auto"">\n<div class=""prose dark:prose-invert inline leading-normal break-words min-w-0 [word-break:break-word]"">CANMAKE Whip Puru Tint 03 Wine Berry is a moisturizing lip tint in an elegant rosewood shade that offers both color and plumping effects. This stick-type tint features a cooling sensation upon application and delivers long-lasting color with a glossy finish. The formula contains six moisturizing agents including hyaluronic acid, collagen, and shea butter, eliminating the need for additional lip balm. Free from fragrance, parabens, alcohol, and silicone, it's ideal for those seeking a sophisticated lip color with hydrating benefits. Perfect for achieving voluminous, pillowy lips while maintaining moisture throughout wear.</div>\n</div>\n</div>\n</div>\n</div>",https://foryoupiece.com/wp-content/uploads/Square-Photoroom23-2.jpg
2CAGZ3R5,"&Honey Hair Stick Mascara, Sakura Scent, 2025 Limited Edition","<div class=""mb-md""><div class=""relative default font-sans text-base text-textMain dark:text-textMainDark selection:bg-super/50 selection:text-textMain dark:selection:bg-superDuper/10 dark:selection:text-superDark""><div class=""min-w-0 break-words [word-break:break-word]""><div dir=""auto""><div class=""prose text-pretty dark:prose-invert inline leading-normal break-words min-w-0 [word-break:break-word]""><span class="""">The &amp;honey Sakura Matomake Stick is a limited edition hair styling gel stick released for Spring 2025, featuring a cherry blossom design and fragrance. This purse-friendly styling wand instantly tames flyaways, frizz, and stray hairs while keeping hairstyles in place. Enriched with argan oil, honey, royal jelly, propolis, and hyaluronic acid, it provides moisture and shine without leaving hair greasy. The formula is particularly effective for controlling bangs and baby hairs, making it perfect for those seeking quick touch-ups throughout the day.</span></div></div></div></div></div>",https://foryoupiece.com/wp-content/uploads/Square-Photoroom32-2.jpg
IWIQP8FJ,"[Seasonal] Ipoddo Tea Matcha Powder, Mino Mukashi 20g Can","<div class=""mb-md""><div class=""relative default font-sans text-base text-textMain dark:text-textMainDark selection:bg-super/50 selection:text-textMain dark:selection:bg-superDuper/10 dark:selection:text-superDark""><div class=""min-w-0 break-words [word-break:break-word]""><div dir=""auto""><div class=""prose text-pretty dark:prose-invert inline leading-normal break-words min-w-0 [word-break:break-word]""><span class="""">This is Ippodo Tea's special 2025 New Year's Matcha release called ""Mi-no-mukashi"" (巳昔), named after the zodiac snake. Packaged in a decorative 20g can featuring cherry blossoms and traditional Japanese motifs, this premium green tea powder offers a lush, round umami with natural sweetness and a warm, toasty fragrance. It's versatile enough for both usucha (thin tea) and koicha (thick tea) preparation. Best enjoyed during special occasions or quiet moments of contemplation, particularly when paired with seasonal Japanese sweets.</span></div></div></div></div></div>",https://foryoupiece.com/wp-content/uploads/Square-Photoroom70-1.jpg
JEK8SG9O,"Ipoddo Tea Matcha Powder, Seiun 40g Can","<div class=""mb-md""><div class=""relative default font-sans text-base text-textMain dark:text-textMainDark selection:bg-super/50 selection:text-textMain dark:selection:bg-superDuper/10 dark:selection:text-superDark""><div class=""min-w-0 break-words [word-break:break-word]""><div dir=""auto""><div class=""prose text-pretty dark:prose-invert inline leading-normal break-words min-w-0 [word-break:break-word]""><span class="""">Seiun is a premium Japanese matcha green tea powder from Ippodo Tea, a renowned Kyoto-based tea specialist. This rich and full-bodied matcha offers a velvety smooth texture with a deep umami character and sweet undertones. Perfect for both usucha (thin tea) and koicha (thick tea) preparation, it delivers a lingering finish that makes it ideal for contemplative tea moments. The 40g can provides approximately 20 servings of usucha or 10 servings of koicha. It particularly shines when prepared as an affogato-style drink over vanilla ice cream or paired with traditional wagashi sweets.</span></div></div></div></div></div>",https://foryoupiece.com/wp-content/uploads/Square-Photoroom71-1.jpg
FDM7QKF2,"Marukyu Koyamaen Matcha Powder, Kinrin 40g Can","<div class=""mb-md""><div class=""relative default font-sans text-base text-textMain dark:text-textMainDark selection:bg-super/50 selection:text-textMain dark:selection:bg-superDuper/10 dark:selection:text-superDark""><div class=""min-w-0 break-words [word-break:break-word]""><div dir=""auto""><div class=""prose text-pretty dark:prose-invert inline leading-normal break-words min-w-0 [word-break:break-word]""><span class="""">Kinrin is a premium ceremonial grade matcha powder produced by Marukyu Koyamaen, a renowned tea manufacturer in Uji, Kyoto since 1704. This vibrant green matcha offers a well-balanced profile featuring vegetal notes, umami, and natural sweetness with minimal bitterness. It has a complex aroma with roasted undertones and a smooth, less creamy texture. Suitable for both usucha (thin tea) and koicha (thick tea) preparation, it can also be used in lattes and cooking. The 40g can is designed to protect the powder from humidity, heat, and light.</span></div></div></div></div></div>",https://foryoupiece.com/wp-content/uploads/Square-Photoroom72-1.jpg
J85AS8XB,"Marukyu Koyamaen Matcha Powder, Unkaku 40g Can","<div class=""mb-md""><div class=""relative default font-sans text-base text-textMain dark:text-textMainDark selection:bg-super/50 selection:text-textMain dark:selection:bg-superDuper/10 dark:selection:text-superDark""><div class=""min-w-0 break-words [word-break:break-word]""><div dir=""auto""><div class=""prose text-pretty dark:prose-invert inline leading-normal break-words min-w-0 [word-break:break-word]""><span class="""">Unkaku (雲鶴, meaning ""cloud crane"") is a premium ceremonial-grade matcha powder produced by Marukyu Koyamaen in Uji, Kyoto. It ranks as their fourth-highest quality matcha, suitable for both thin tea (usucha) and thick tea (koicha) preparation. Known for its soft, smooth texture and sweet aroma, this matcha delivers a well-balanced profile of umami with subtle vegetal notes and minimal bitterness. The vibrant green powder offers a rich, creamy taste that makes it particularly popular for traditional tea ceremonies and among experienced matcha drinkers.</span></div></div></div></div></div>",https://foryoupiece.com/wp-content/uploads/Square-Photoroom73-1.jpg
OKBJS3YV,"Yamamasa Koyamaen Matcha Powder, Matsukaze 150g Can","<div class=""mb-md""><div class=""relative default font-sans text-base text-textMain dark:text-textMainDark selection:bg-super/50 selection:text-textMain dark:selection:bg-superDuper/10 dark:selection:text-superDark""><div class=""min-w-0 break-words [word-break:break-word]""><div dir=""auto""><div class=""prose text-pretty dark:prose-invert inline leading-normal break-words min-w-0 [word-break:break-word]""><span class="""">This is a ceremonial grade matcha green tea powder called ""Matsukaze"" (松風, meaning ""Pine Wind"") produced by Yamamasa Koyamaen, a prestigious tea manufacturer in Uji, Kyoto since the Edo period. It's a mild, easy-to-drink thin tea (usucha) with balanced flavor, reduced bitterness and astringency. Perfect for daily drinking, tea ceremony practice, and culinary applications like baking and cooking. The matcha comes in a gold-colored metal can for optimal freshness preservation and has an 8-month shelf life.</span></div></div></div></div></div>",https://foryoupiece.com/wp-content/uploads/Square-Photoroom67-1.jpg
BI2V6ZBW,"Ipoddo Tea Matcha Powder, Ikuyo No Mukashi 100g Bag","<div class=""mb-md""><div class=""relative default font-sans text-base text-textMain dark:text-textMainDark selection:bg-super/50 selection:text-textMain dark:selection:bg-superDuper/10 dark:selection:text-superDark""><div class=""min-w-0 break-words [word-break:break-word]""><div dir=""auto""><div class=""prose text-pretty dark:prose-invert inline leading-normal break-words min-w-0 [word-break:break-word]""><span class="""">Ikuyo-no-mukashi is a premium ceremonial grade matcha green tea powder from Ippodo Tea, a renowned Kyoto tea maker. This versatile matcha features a balanced, mellow taste with subtle sweetness and umami, making it perfect for both traditional preparation and modern applications like lattes. With no peculiar aftertaste and a gentle flavor profile, it's particularly recommended for matcha beginners. The powder pairs excellently with seasonal fruits, dried fruits, nuts, and sweets, making it an ideal choice for daily tea enjoyment or casual teatime.</span></div></div></div></div></div>",https://foryoupiece.com/wp-content/uploads/Square-Photoroom68-1.jpg
K7Y6M38E,"Ipoddo Tea Matcha Powder, Wakaki 40g Box","<div class=""mb-md""><div class=""relative default font-sans text-base text-textMain dark:text-textMainDark selection:bg-super/50 selection:text-textMain dark:selection:bg-superDuper/10 dark:selection:text-superDark""><div class=""min-w-0 break-words [word-break:break-word]""><div dir=""auto""><div class=""prose text-pretty dark:prose-invert inline leading-normal break-words min-w-0 [word-break:break-word]""><span class="""">Wakaki-shiro (若き白) is a light-bodied matcha green tea powder from Ippodo Tea, a renowned Kyoto-based tea company established in 1717. This 40g matcha features a refreshing character with a short finish, soft fragrance, and a hint of sweetness balanced with noticeable astringency. It's perfect for daily consumption as usucha (thin matcha), lattes, or in baked goods. Its smooth, clean taste makes it ideal for multiple servings throughout the day, similar to drinking sencha.</span></div></div></div></div></div>",https://foryoupiece.com/wp-content/uploads/Square-Photoroom69-1.jpg
PGVW5KWN-1,"Yamamasa Koyamaen Ogurayama 100g Bag","<div class=""mb-md""><div class=""relative default font-sans text-base text-textMain dark:text-textMainDark selection:bg-super/50 selection:text-textMain dark:selection:bg-superDuper/10 dark:selection:text-superDark""><div class=""min-w-0 break-words [word-break:break-word]""><div dir=""auto""><div class=""prose text-pretty dark:prose-invert inline leading-normal break-words min-w-0 [word-break:break-word]""><span class="""">Ogurayama is a popular ceremonial-grade matcha green tea powder produced by Yamamasa Koyamaen in Uji, Kyoto. This thin tea (usucha) grade matcha offers a mild, sweet character with creamy, full-bodied flavors and a rich aroma. It's widely used in traditional tea ceremonies and is favored by various tea schools. Perfect for daily drinking and ideal for those new to matcha, it provides an accessible yet authentic matcha experience. The tea is made from pure Japanese green tea leaves with no additives.</span></div></div></div></div></div>",https://foryoupiece.com/wp-content/uploads/Square-Photoroom62-2.jpg
TORCH2ND,"Premium Aroma, Sakura Scent, Room Fragrance 400ml","<div class=""mb-md"">\n<div class=""relative default font-sans text-base text-textMain dark:text-textMainDark selection:bg-super/50 selection:text-textMain dark:selection:bg-superDuper/10 dark:selection:text-superDark"">\n<div class=""min-w-0 break-words [word-break:break-word]"">\n<div dir=""auto"">\n<div class=""prose text-pretty dark:prose-invert inline leading-normal break-words min-w-0 [word-break:break-word]""><span class="""">The Premium Aroma Initial Bloom is a limited-edition spring air freshener and deodorizer from S.T. Corporation Japan. This sophisticated fragrance combines delicate cherry blossom notes with bright apple and soft musk, creating a luxurious sakura-inspired scent. Available in room spray, toilet spray (400ml), and stick diffuser formats, it features nano-powder technology for effective odor elimination. The elegant bottle design resembles a perfume flask, making it perfect for those seeking a premium spring-themed home fragrance that celebrates the arrival of cherry blossom season.</span></div>\n</div>\n</div>\n</div>\n</div>",https://foryoupiece.com/wp-content/uploads/Square-Photoroom63-2.jpg
L0GV7WLY,"Curel Intensive Moisture Care Hair Conditioner 420g","<div class=""mb-md""><div class=""relative default font-sans text-base text-textMain dark:text-textMainDark selection:bg-super/50 selection:text-textMain dark:selection:bg-superDuper/10 dark:selection:text-superDark""><div class=""min-w-0 break-words [word-break:break-word]""><div dir=""auto""><div class=""prose text-pretty dark:prose-invert inline leading-normal break-words min-w-0 [word-break:break-word]""><span class="""">This Curél Hair Conditioner is a Japanese medical-grade hair care product specifically designed for sensitive and dry scalps. The gentle formula contains plant-based anti-inflammatory ingredients and squalane to prevent dandruff, itchiness, and dryness while deeply moisturizing hair from root to tip. It's fragrance-free, color-free, pH-balanced, and leaves hair smooth and manageable without residue. Best suited for those with sensitive scalps or those seeking a mild yet effective daily conditioner.</span></div></div></div></div></div>",https://foryoupiece.com/wp-content/uploads/Square-Photoroom64-3.jpg
EGTROBCK,"Curel Intensive Moisture Care Shampoo 420ml","<div class=""mb-md""><div class=""relative default font-sans text-base text-textMain dark:text-textMainDark selection:bg-super/50 selection:text-textMain dark:selection:bg-superDuper/10 dark:selection:text-superDark""><div class=""min-w-0 break-words [word-break:break-word]""><div dir=""auto""><div class=""prose text-pretty dark:prose-invert inline leading-normal break-words min-w-0 [word-break:break-word]""><span class="""">Curel Intensive Moisture Care Shampoo is a Japanese pharmaceutical-grade shampoo designed for dry and sensitive scalps. This gentle formula contains ceramides and plant-based anti-inflammatory ingredients to protect scalp moisture while effectively cleansing sebum and dirt. It prevents dandruff, itchiness, and dryness while leaving hair smooth and manageable. The fragrance-free, colorant-free, and pH-balanced formula is suitable for daily use and gentle enough for babies over 2 months old. Best for those with sensitive scalp conditions seeking a mild yet effective cleansing solution.</span></div></div></div></div></div>",https://foryoupiece.com/wp-content/uploads/Square-Photoroom66.jpg
YCMF6JZN,"&honey Sakura Deep Moist Shampoo Refill 385g (10% extra - Limited)","<div class=""mb-md""><div class=""relative default font-sans text-base text-textMain dark:text-textMainDark selection:bg-super/50 selection:text-textMain dark:selection:bg-superDuper/10 dark:selection:text-superDark""><div class=""min-w-0 break-words [word-break:break-word]""><div dir=""auto""><div class=""prose text-pretty dark:prose-invert inline leading-normal break-words min-w-0 [word-break:break-word]""><span class="""">This is a limited edition cherry blossom-scented moisturizing shampoo from &amp;honey's Deep Moist line, featuring a special sakura design. The formula contains three types of honey (Manuka, Acacia, and raw honey) and is made with 90% moisturizing ingredients, including organic Moroccan oil, royal jelly, and hyaluronic acid. With a 14% moisture content, it's specifically designed for dry, damaged hair, providing deep hydration while maintaining a gentle cherry blossom honey fragrance. The product is sulfate-free, paraben-free, and cruelty-free.</span></div></div></div></div></div>",https://foryoupiece.com/wp-content/uploads/Square-Photoroom59-2.jpg
BG2I7SDB,"&Honey Sakura Deep moist Treatment Refill 385g (10% extra)","<div class=""mb-md""><div class=""relative default font-sans text-base text-textMain dark:text-textMainDark selection:bg-super/50 selection:text-textMain dark:selection:bg-superDuper/10 dark:selection:text-superDark""><div class=""min-w-0 break-words [word-break:break-word]""><div dir=""auto""><div class=""prose text-pretty dark:prose-invert inline leading-normal break-words min-w-0 [word-break:break-word]""><span class="""">This is a limited edition Cherry Blossom (Sakura) version of &amp;honey's Deep Moist Hair Treatment refill pack with 10% extra volume (385g). Released for Spring 2025, it features a sweet cherry blossom honey fragrance and contains three types of honey in a special blend. The treatment provides intensive moisture for dry, frizzy hair, making it smooth and manageable. Best suited for those with dry, damaged hair seeking deep hydration and smoothness. The formula contains over 90% moisturizing essence and maintains 14% moisture level.</span></div></div></div></div></div>",https://foryoupiece.com/wp-content/uploads/Square-Photoroom60-2.jpg
65TZP7JN,"Tsubaki Shampoo & Conditioner Refill, Premium Moist & Repair, 300ml x2","<div class=""mb-md""><div class=""relative default font-sans text-base text-textMain dark:text-textMainDark selection:bg-super/50 selection:text-textMain dark:selection:bg-superDuper/10 dark:selection:text-superDark""><div class=""min-w-0 break-words [word-break:break-word]""><div dir=""auto""><div class=""prose text-pretty dark:prose-invert inline leading-normal break-words min-w-0 [word-break:break-word]""><span class="""">This is a premium Japanese hair care refill set from Shiseido's Tsubaki line, featuring their Premium Moist &amp; Repair shampoo and conditioner. The products are specially formulated with camellia (tsubaki) oil and moisturizing ingredients to repair and hydrate damaged hair. Best suited for dry, damaged, or frequently styled hair, these products promise to deliver shine, smoothness, and manageability from first use. The formula features a pleasant floral-camellia fragrance and incorporates salon-inspired technology for deep penetration of active ingredients.</span></div></div></div></div></div>",https://foryoupiece.com/wp-content/uploads/Square-Photoroom61-2.jpg
2OB2EODV,"Botanist Smooth, Sakura & Cherry Scent, Shampoo Treatment Set","<div class=""mb-md""><div class=""relative default font-sans text-base text-textMain dark:text-textMainDark selection:bg-super/50 selection:text-textMain dark:selection:bg-superDuper/10 dark:selection:text-superDark""><div class=""min-w-0 break-words [word-break:break-word]""><div dir=""auto""><div class=""prose text-pretty dark:prose-invert inline leading-normal break-words min-w-0 [word-break:break-word]""><span class="""">This is a limited edition Spring 2025 Botanist hair care set featuring a shampoo (460ml) and treatment (460g) with a luxurious Sakura and Cherry fragrance. The smooth variant is designed for those seeking silky, manageable hair. It contains Somei Yoshino fermented extract and sustainable Japanese cherry extract for hydration, plus a Spring Barrier Complex to protect against seasonal dryness and pollutants. The perfume-like fragrance evolves from juicy cherry top notes to floral middle notes, ending with woody undertones.</span></div></div></div></div></div>",https://foryoupiece.com/wp-content/uploads/Square-Photoroom57-2.jpg
RQJ078IM,"YOLU Relax Night Repair, Sakura Limited Edition, Shampoo Treatment Set","<div class=""mb-md""><div class=""relative default font-sans text-base text-textMain dark:text-textMainDark selection:bg-super/50 selection:text-textMain dark:selection:bg-superDuper/10 dark:selection:text-superDark""><div class=""min-w-0 break-words [word-break:break-word]""><div dir=""auto""><div class=""prose text-pretty dark:prose-invert inline leading-normal break-words min-w-0 [word-break:break-word]""><span class="""">YOLU Sakura Night Repair is a limited-edition Japanese night hair care set featuring shampoo and treatment with cherry blossom and magnolia fragrance. This spring-exclusive collection is designed to protect hair from friction damage during sleep while providing intensive moisture. The formula contains cherry blossom extract and seaweed-derived ingredients to combat dryness and static electricity. Best suited for those seeking smoother, silkier hair with a relaxing night-time hair care routine. The mystical packaging design is inspired by cherry blossoms under moonlight.</span></div></div></div></div></div>",https://foryoupiece.com/wp-content/uploads/Square-Photoroom58-2.jpg
EGEGP1EF,"Botanist Damage Care, Sakura & Cherry Scent, Shampoo Treatment Set","<div class=""mb-md""><div class=""relative default font-sans text-base text-textMain dark:text-textMainDark selection:bg-super/50 selection:text-textMain dark:selection:bg-superDuper/10 dark:selection:text-superDark""><div class=""min-w-0 break-words [word-break:break-word]""><div dir=""auto""><div class=""prose text-pretty dark:prose-invert inline leading-normal break-words min-w-0 [word-break:break-word]""><span class="""">This is BOTANIST's 2025 Spring Limited Edition hair care set featuring a shampoo and treatment duo in Sakura &amp; Cherry fragrance. The set offers damage care with a luxurious perfume-like scent combining traditional sakura and cherry notes. It contains Japanese cherry extract and Somei Yoshino fermented extract for moisture retention, plus a Spring Barrier Complex to protect against environmental stressors. Best suited for those with damaged hair seeking repair while enjoying an elegant floral-fruity aroma that lingers in the hair.</span></div></div></div></div></div>",https://foryoupiece.com/wp-content/uploads/Square-Photoroom51-2.jpg
0S3PQQGH,"Botanist Moist, Sakura & Cherry Scent, Shampoo Treatment Set","<div class=""mb-md""><div class=""relative default font-sans text-base text-textMain dark:text-textMainDark selection:bg-super/50 selection:text-textMain dark:selection:bg-superDuper/10 dark:selection:text-superDark""><div class=""min-w-0 break-words [word-break:break-word]""><div dir=""auto""><div class=""prose text-pretty dark:prose-invert inline leading-normal break-words min-w-0 [word-break:break-word]""><span class="""">This is BOTANIST's 2025 Spring Limited Edition hair care set featuring a shampoo and treatment duo in Moist variant. The set is infused with a luxurious Sakura (cherry blossom) and Cherry fragrance that offers a perfume-like scent experience. It contains Japanese Sakura fermented extract and sustainable cherry extract from Yamagata Prefecture. The Moist formula is ideal for those seeking deep hydration and manageable hair, with added Spring Barrier Complex to protect against seasonal damage and pollutants. Best suited for those with dry or frizzy hair seeking moisture and smoothness.</span></div></div></div></div></div>",https://foryoupiece.com/wp-content/uploads/Square-Photoroom53-2.jpg
ZYDJHJ6Z,"Schick Intuition Razor + Refill 10pcs","<div class=""mb-md""><div class=""relative default font-sans text-base text-textMain dark:text-textMainDark selection:bg-super/50 selection:text-textMain dark:selection:bg-superDuper/10 dark:selection:text-superDark""><div class=""min-w-0 break-words [word-break:break-word]""><div dir=""auto""><div class=""prose text-pretty dark:prose-invert inline leading-normal break-words min-w-0 [word-break:break-word]""><span class="""">This is a Schick Intuition women's razor set featuring a pink holder with 10 refill cartridges in two varieties: 5 moisturizing cartridges with shea butter for dry skin (floral scent) and 5 sensitive skin cartridges with aloe (rose scent). The 4-blade system includes a built-in soap bar that lathers and moisturizes while shaving, eliminating the need for shaving gel. The pivoting head follows body contours, while the safety wire minimizes skin contact. Perfect for those seeking convenient, gentle hair removal with built-in skincare benefits.</span></div></div></div></div></div>",https://foryoupiece.com/wp-content/uploads/Square-Photoroom54-2.jpg
0QIH4YUC,"Tsubaki Premium EX Hair Mask Refill 150g","<div class=""mb-md""><div class=""relative default font-sans text-base text-textMain dark:text-textMainDark selection:bg-super/50 selection:text-textMain dark:selection:bg-superDuper/10 dark:selection:text-superDark""><div class=""min-w-0 break-words [word-break:break-word]""><div dir=""auto""><div class=""prose text-pretty dark:prose-invert inline leading-normal break-words min-w-0 [word-break:break-word]""><span class="""">The Shiseido Tsubaki Premium EX Repair Hair Mask Refill (150g) is a premium Japanese hair treatment mask designed for severely damaged hair. This refill pack features ionic repair technology that penetrates deep into hair fibers for instant repair without waiting time. Formulated with camellia oil, royal jelly extract, and soybean extracts, it effectively treats damage from root to tip, leaving hair smooth and glossy. The mask has a pleasant camellia honey fragrance and is best suited for those seeking salon-quality repair treatment at home, recommended for use 1-2 times weekly.</span></div></div></div></div></div>",https://foryoupiece.com/wp-content/uploads/Square-Photoroom55-2.jpg
8ASI0ZIP,"Essential Premium Barrier Silky & Smooth Shampoo Treatment Set, Osmanthus Scent","<div class=""mb-md""><div class=""relative default font-sans text-base text-textMain dark:text-textMainDark selection:bg-super/50 selection:text-textMain dark:selection:bg-superDuper/10 dark:selection:text-superDark""><div class=""min-w-0 break-words [word-break:break-word]""><div dir=""auto""><div class=""prose text-pretty dark:prose-invert inline leading-normal break-words min-w-0 [word-break:break-word]""><span class="""">This is Kao Essential Premium Barrier Silky &amp; Smooth Shampoo and Conditioner Set, a limited edition release featuring an Osmanthus fragrance that captures the essence of autumn. The silicone-free formula contains premium ingredients including squalane, shea butter, collagen, hyaluronic acid, and royal jelly extract. The shampoo creates a fluffy foam that gently cleanses while the conditioner repairs and protects against humidity and friction. Ideal for those with dry, damaged hair seeking silky smoothness and shine.</span></div></div></div></div></div>",https://foryoupiece.com/wp-content/uploads/Square-Photoroom49-2.jpg
QJPLBYLG,"Premium Aroma, Sakura Scent, Toilet Fragrance 400ml","<div class=""mb-md""><div class=""relative default font-sans text-base text-textMain dark:text-textMainDark selection:bg-super/50 selection:text-textMain dark:selection:bg-superDuper/10 dark:selection:text-superDark""><div class=""min-w-0 break-words [word-break:break-word]""><div dir=""auto""><div class=""prose text-pretty dark:prose-invert inline leading-normal break-words min-w-0 [word-break:break-word]""><span class="""">This is a limited edition Premium Aroma deodorizer and air freshener from ST Corporation Japan, featuring their Initial Bloom (Cherry Blossom) scent for Spring 2025. The sophisticated fragrance combines delicate cherry blossoms with bright apple notes and soft musk, designed to create an uplifting spring atmosphere. The product contains nano-powder technology for effective deodorizing and comes in both room and toilet versions. The fragrance lasts 2-3 months and features an adjustable cap for controlling scent intensity. Perfect for those seeking a premium, long-lasting seasonal fragrance solution.</span></div></div></div></div></div>",https://foryoupiece.com/wp-content/uploads/Square-Photoroom50-1.jpg
NBRI10RP,"Diane Extra Shine, Sakura Limited Edition, Shampoo Treatment Set","<div class=""mb-md""><div class=""relative default font-sans text-base text-textMain dark:text-textMainDark selection:bg-super/50 selection:text-textMain dark:selection:bg-superDuper/10 dark:selection:text-superDark""><div class=""min-w-0 break-words [word-break:break-word]""><div dir=""auto""><div class=""prose text-pretty dark:prose-invert inline leading-normal break-words min-w-0 [word-break:break-word]""><span class="""">This is Diane Perfect Beauty Extra Shine Sakura Limited Edition, a seasonal spring-themed shampoo and treatment set (450ml x 2) featuring a delicate French cherry blossom scent. The formula contains three types of cherry blossom extracts, platinum keratin, and organic argan oil to provide intense moisture and repair. This silicone-free shampoo and treatment duo is designed for those seeking shiny, manageable hair with a glossy platinum-like finish. Best suited for those wanting smooth, moisturized hair with color protection benefits.</span></div></div></div></div></div>",https://foryoupiece.com/wp-content/uploads/Square-Photoroom48-2.jpg
B2RG4GGB,"Tsubaki Shampoo Refill, Premium Moist & Repair, 600ml","<div class=""mb-md""><div class=""relative default font-sans text-base text-textMain dark:text-textMainDark selection:bg-super/50 selection:text-textMain dark:selection:bg-superDuper/10 dark:selection:text-superDark""><div class=""min-w-0 break-words [word-break:break-word]""><div dir=""auto""><div class=""prose text-pretty dark:prose-invert inline leading-normal break-words min-w-0 [word-break:break-word]""><span class="""">This is a premium refill pack of Shiseido Tsubaki shampoo, featuring their Premium Moist &amp; Repair formula in a 600ml size. The shampoo is specially formulated with tsubaki (camellia) oil and moisturizing ingredients to repair and nourish damaged, dry hair. It penetrates deep into the hair structure, providing moisture retention and repair from the first use. The product leaves hair feeling soft, glossy, and manageable while preventing dandruff and protecting against pollutants. It has an elegant floral-fruity fragrance and is particularly suitable for hair damaged by styling, coloring, or heat treatments.</span></div></div></div></div></div>",https://foryoupiece.com/wp-content/uploads/Square-Photoroom44-2.jpg
B5AEET1T,"Tsubaki Conditioner Refill, Premium Moist & Repair, 600ml","<div class=""mb-md""><div class=""relative default font-sans text-base text-textMain dark:text-textMainDark selection:bg-super/50 selection:text-textMain dark:selection:bg-superDuper/10 dark:selection:text-superDark""><div class=""min-w-0 break-words [word-break:break-word]""><div dir=""auto""><div class=""prose text-pretty dark:prose-invert inline leading-normal break-words min-w-0 [word-break:break-word]""><span class="""">This is a premium Japanese hair conditioner refill pack from Shiseido's Tsubaki line. The Premium Moist &amp; Repair formula features camellia oil and moisturizing complex that penetrates deep into the hair core, making it especially effective for dry, damaged, or frequently styled hair. The conditioner promises visible results from first use, leaving hair smooth, manageable, and resilient with a natural shine. It has an elegant floral-fruity fragrance and comes in a 600ml refill pouch, offering double the volume of standard refills.</span></div></div></div></div></div>",https://foryoupiece.com/wp-content/uploads/Square-Photoroom45-2.jpg
NVQHM9C1,"SANA Medicated Wrinkle Eye Cream White 20g + Gel Essence Sheet Mask","<div class=""mb-md""><div class=""relative default font-sans text-base text-textMain dark:text-textMainDark selection:bg-super/50 selection:text-textMain dark:selection:bg-superDuper/10 dark:selection:text-superDark""><div class=""min-w-0 break-words [word-break:break-word]""><div dir=""auto""><div class=""prose text-pretty dark:prose-invert inline leading-normal break-words min-w-0 [word-break:break-word]""><span class="""">SANA Namerakahonpo Medicated Wrinkle Eye Cream White is a Japanese anti-aging eye cream formulated with niacinamide, pure retinol, and fermented soy milk isoflavones. This paraben-free and fragrance-free cream targets multiple concerns: wrinkle improvement, dark spot prevention, and skin elasticity enhancement. The rich, non-sticky texture is ideal for the delicate eye area and can also be used around the mouth. Best suited for women over 30 with dry or combination skin who are concerned about fine lines and hyperpigmentation.</span></div></div></div></div></div>",https://foryoupiece.com/wp-content/uploads/Square-Photoroom46-2.jpg
GZRYDWXU,"SANA Plumping Eye Cream 20g + Gel Essence Sheet Mask","<div class=""mb-md""><div class=""relative default font-sans text-base text-textMain dark:text-textMainDark selection:bg-super/50 selection:text-textMain dark:selection:bg-superDuper/10 dark:selection:text-superDark""><div class=""min-w-0 break-words [word-break:break-word]""><div dir=""auto""><div class=""prose text-pretty dark:prose-invert inline leading-normal break-words min-w-0 [word-break:break-word]""><span class="""">This is a Japanese skincare duo set from SANA's Namerakahonpo line featuring their Plumping Eye Cream (20g) and Gel Essence Sheet Masks (5 sheets). The eye cream contains fermented soy milk, isoflavones, and vitamin E derivatives to target dark circles, dryness, and fine lines around the eyes. The sheet masks are infused with pure retinol and soy milk ferment for intensive moisturizing and anti-aging benefits. Best suited for those in their 30s-40s concerned with aging signs, particularly around the eye area.</span></div></div></div></div></div>",https://foryoupiece.com/wp-content/uploads/Square-Photoroom43-2.jpg
ICYPFK7G,"SANA Wrinkle Eye Cream Soy Milk Isoflavone 20g + Gel Essence Sheet Mask","<div class=""mb-md""><div class=""relative default font-sans text-base text-textMain dark:text-textMainDark selection:bg-super/50 selection:text-textMain dark:selection:bg-superDuper/10 dark:selection:text-superDark""><div class=""min-w-0 break-words [word-break:break-word]""><div dir=""auto""><div class=""prose text-pretty dark:prose-invert inline leading-normal break-words min-w-0 [word-break:break-word]""><span class="""">The package contains two popular Japanese skincare items from SANA's Nameraka Honpo line: a 20g Wrinkle Eye Cream and a Gel Essence Sheet Mask. The eye cream features fermented soy milk, retinol, and vitamin E derivatives to target fine lines and dark circles around the eyes. The sheet mask is infused with soy isoflavones and collagen, providing a 5-in-1 solution (toner, serum, emulsion, cream, and mask). Both products are fragrance-free, colorant-free, and mineral oil-free, making them suitable for sensitive skin and those seeking anti-aging benefits with natural soy-based ingredients.</span></div></div></div></div></div>",https://foryoupiece.com/wp-content/uploads/Square-Photoroom42-2.jpg
LDWCFYMU,"CANMAKE Cream Cheek P01","<div class=""mb-md""><div class=""relative default font-sans text-base text-textMain dark:text-textMainDark selection:bg-super/50 selection:text-textMain dark:selection:bg-superDuper/10 dark:selection:text-superDark""><div class=""min-w-0 break-words [word-break:break-word]""><div dir=""auto""><div class=""prose text-pretty dark:prose-invert inline leading-normal break-words min-w-0 [word-break:break-word]""><span class="""">CANMAKE Cream Cheek Pearl Type P01 ""Peach Dazzle"" is a highly-pigmented cream blush from Japan with a unique squishy, cookie dough-like texture. This peach-coral shade creates a natural-looking glow with a wet-look sheen thanks to its high-intensity pearl particles. The gel-type formula melts into skin for a dewy finish while being water, sweat, and sebum-resistant. Best suited for those seeking a luminous, glass-skin effect with buildable color payoff. Perfect for achieving that ""lit-from-within"" healthy flush.</span></div></div></div></div></div>",https://foryoupiece.com/wp-content/uploads/Square-Photoroom39-2.jpg
VY33N4BC,"Fiancée Body Mist Pure Shampoo Limited Set, Free Mini Fiancée Handcream","<div class=""mb-md""><div class=""relative default font-sans text-base text-textMain dark:text-textMainDark selection:bg-super/50 selection:text-textMain dark:selection:bg-superDuper/10 dark:selection:text-superDark""><div class=""min-w-0 break-words [word-break:break-word]""><div dir=""auto""><div class=""prose text-pretty dark:prose-invert inline leading-normal break-words min-w-0 [word-break:break-word]""><span class="""">This is a limited edition gift set from Japanese brand Fiancée featuring their popular Pure Shampoo Body Mist (50ml) and a mini hand cream (20g) in the same fragrance. The body mist offers a gentle, clean scent reminiscent of freshly washed hair, with notes of green apple and lemon, followed by jasmine and muguet, finishing with musk and woody undertones. Perfect for fragrance beginners or those who prefer subtle, fresh scents suitable for school, office, or daily use.</span></div></div></div></div></div>",https://foryoupiece.com/wp-content/uploads/Square-Photoroom41-2.jpg
79J1VIGZ,"Body Fantasies Body Mist, Freesia 50ml","<div class=""mb-md""><div class=""relative default font-sans text-base text-textMain dark:text-textMainDark selection:bg-super/50 selection:text-textMain dark:selection:bg-superDuper/10 dark:selection:text-superDark""><div class=""min-w-0 break-words [word-break:break-word]""><div dir=""auto""><div class=""prose text-pretty dark:prose-invert inline leading-normal break-words min-w-0 [word-break:break-word]""><span class="""">Body Fantasies Body Spray in Freesia is a light, portable fragrance mist from America. This 50ml spray features a delicate blend of freesia flowers complemented by rose and lily of the valley notes. Perfect for those who prefer subtle scents over traditional perfumes, it's designed for easy application throughout the day. The spray offers a fresh, clean scent that's ideal for casual daily use or when strong fragrances aren't appropriate. Its compact size makes it convenient for on-the-go freshening up.</span></div></div></div></div></div>",https://foryoupiece.com/wp-content/uploads/Square-Photoroom37-2.jpg
2CQA4BKT,"Body Fantasies Body Mist, Pure Soap 50ml","<div class=""mb-md""><div class=""relative default font-sans text-base text-textMain dark:text-textMainDark selection:bg-super/50 selection:text-textMain dark:selection:bg-superDuper/10 dark:selection:text-superDark""><div class=""min-w-0 break-words [word-break:break-word]""><div dir=""auto""><div class=""prose text-pretty dark:prose-invert inline leading-normal break-words min-w-0 [word-break:break-word]""><span class="""">Body Fantasies Body Spray in Pure Soap is a light fragrance mist from Japan that captures the clean, comforting scent of fresh soap. This 50ml portable spray offers a gentle and soothing aroma that's perfect for everyday use. The fragrance evolves from an initial fresh soapy scent to a subtle floral-fruity note before settling into a clean, delicate finish. Ideal for those new to fragrances or anyone seeking a fresh, inoffensive scent that's suitable for any occasion, especially after showering or during daytime activities.</span></div></div></div></div></div>",https://foryoupiece.com/wp-content/uploads/Square-Photoroom38-2.jpg
IDS49GPZ,"Ululis Water In Matomake Hair Stick, Ultra Hold & Long Keep","<div class=""mb-md""><div class=""relative default font-sans text-base text-textMain dark:text-textMainDark selection:bg-super/50 selection:text-textMain dark:selection:bg-superDuper/10 dark:selection:text-superDark""><div class=""min-w-0 break-words [word-break:break-word]""><div dir=""auto""><div class=""prose text-pretty dark:prose-invert inline leading-normal break-words min-w-0 [word-break:break-word]""><span class="""">The Ululis Water in Matomake Hair Stick is a mascara-type hair styling stick designed to tame flyaways, baby hairs, and bangs while maintaining moisture. Available in three variants: Blue (natural hold), Pink (straightening control), and Purple (long-lasting hold), each with unique fragrances. The clear bottle design allows easy monitoring of product remaining. Features UV protection, anti-static properties, and a non-sticky formula that keeps hairstyles in place all day. Best suited for those seeking quick touch-ups and precise styling control.</span></div></div></div></div></div>",https://foryoupiece.com/wp-content/uploads/Square-Photoroom36-2.jpg
Y4S2MX9B,"Body Fantasies Body Mist, Wedding Day 94ml","<div class=""mb-md""><div class=""relative default font-sans text-base text-textMain dark:text-textMainDark selection:bg-super/50 selection:text-textMain dark:selection:bg-superDuper/10 dark:selection:text-superDark""><div class=""min-w-0 break-words [word-break:break-word]""><div dir=""auto""><div class=""prose text-pretty dark:prose-invert inline leading-normal break-words min-w-0 [word-break:break-word]""><span class="""">Body Fantasies Wedding Day Body Spray is a floral fragrance mist perfect for special occasions. The scent opens with apple blossom, clementine, and raspberry notes, followed by a dreamy floral bouquet of peony, freesia, and delicate rose, finishing with creamy musk, amber, and sandalwood. This clean, cottony floral fragrance with a subtle sweetness is ideal for daily wear and touch-ups throughout the day. The spray format makes it convenient for on-the-go freshening, suitable for neck, chest, and pulse points.</span></div></div></div></div></div>",https://foryoupiece.com/wp-content/uploads/Square-Photoroom35-2.jpg
5VBC16ZA,"My Boostars Collagen Shampoo & Treatment & Booster Mist 3-Piece Set, Scalp & Moisture","<div class=""mb-md"">\n<div class=""relative default font-sans text-base text-textMain dark:text-textMainDark selection:bg-super/50 selection:text-textMain dark:selection:bg-superDuper/10 dark:selection:text-superDark"">\n<div class=""min-w-0 break-words [word-break:break-word]"">\n<div dir=""auto"">\n<div class=""prose text-pretty dark:prose-invert inline leading-normal break-words min-w-0 [word-break:break-word]""><span class="""">My Boostars Collagen Series is a premium Japanese haircare set featuring a shampoo, treatment, and a unique two-layer booster mist. The system contains three types of micro-collagen, biotin, and plant extracts designed to deeply moisturize hair and scalp. The signature feature is its ""skin-care inspired"" approach, requiring a brief waiting period between mist and treatment application. Best suited for those with dry, unmanageable hair seeking moisture and smoothness. The products feature a pleasant bergamot aroma and are sulfate-free, making them gentle enough for daily use.</span></div>\n</div>\n</div>\n</div>\n</div>",https://foryoupiece.com/wp-content/uploads/Square-Photoroom74-1.jpg
HCT5P51D,"YOLU Calm Night Repair, Sakura Limited Edition, Shampoo Treatment Set","<div class=""mb-md"">\n<div class=""relative default font-sans text-base text-textMain dark:text-textMainDark selection:bg-super/50 selection:text-textMain dark:selection:bg-superDuper/10 dark:selection:text-superDark"">\n<div class=""min-w-0 break-words [word-break:break-word]"">\n<div id=""markdown-content-0"" dir=""auto"">\n<div class=""prose text-pretty dark:prose-invert inline leading-normal break-words min-w-0 [word-break:break-word]"">\n<p class=""my-0"">YOLU's Sakura Night Repair is a limited spring edition hair care set featuring shampoo and treatment with cherry blossom-inspired formulation. This Japanese nighttime hair care duo is designed to protect hair from friction and dryness during sleep. The formula contains cherry blossom extract, night ceramides, and botanical ingredients that provide deep moisture and repair. Available in three variants - Calm (for moisturizing), Relax (for smoothness), and Deep (for damage repair) - each with unique cherry blossom-based fragrances. Best suited for those seeking overnight hair restoration with a luxurious Japanese beauty experience.</p>\n\n</div>\n</div>\n</div>\n</div>\n</div>",https://foryoupiece.com/wp-content/uploads/Square-Photoroom98.jpg
M5KTZ6E1,"&Honey Foam Body Wash, Sakura Scent, 500ml","<div class=""mb-md"">\n<div class=""relative default font-sans text-base text-textMain dark:text-textMainDark selection:bg-super/50 selection:text-textMain dark:selection:bg-superDuper/10 dark:selection:text-superDark"">\n<div class=""min-w-0 break-words [word-break:break-word]"">\n<div id=""markdown-content-0"" dir=""auto"">\n<div class=""prose text-pretty dark:prose-invert inline leading-normal break-words min-w-0 [word-break:break-word]"">\n<p class=""my-0"">This Japanese &amp;Honey Pure Moist Foam Body Wash is a premium body cleanser featuring a gentle honey-infused formula enriched with moisturizing ingredients. The product stands out with its special cherry blossom (sakura) honey fragrance, creating a luxurious bathing experience. The mild care formula produces a melting honey foam that cleanses while maintaining skin hydration. It's particularly suitable for those seeking a moisturizing body wash that leaves skin smooth and soft, making it ideal for daily use and sensitive skin types.</p>\n\n</div>\n</div>\n</div>\n</div>\n</div>",https://foryoupiece.com/wp-content/uploads/Square-Photoroom99.jpg
AQKOIPSD,"Fino Premium Touch Shampoo 550ml","<div class=""mb-md"">\n<div class=""relative default font-sans text-base text-textMain dark:text-textMainDark selection:bg-super/50 selection:text-textMain dark:selection:bg-superDuper/10 dark:selection:text-superDark"">\n<div class=""min-w-0 break-words [word-break:break-word]"">\n<div id=""markdown-content-0"" dir=""auto"">\n<div class=""prose text-pretty dark:prose-invert inline leading-normal break-words min-w-0 [word-break:break-word]"">\n<p class=""my-0"">Shiseido's Fino Premium Touch Shampoo is a Japanese hair care product designed specifically for damaged, dry, and color-treated hair. This premium formula contains royal jelly EX for moisturizing, PCA for strengthening, and Lipidure EX for repair. The rich, creamy lather gently cleanses while nourishing each strand, leaving hair smooth and manageable. With a graceful floral scent, this 550ml pump-bottle shampoo is particularly effective for those seeking to restore shine and health to chemically-treated or environmentally-stressed hair.</p>\n\n</div>\n</div>\n</div>\n</div>\n</div>",https://foryoupiece.com/wp-content/uploads/Square-Photoroom100.jpg
Y8SPEJEY,"Fino Premium Touch Conditioner 550ml","<div class=""mb-md"">\n<div class=""relative default font-sans text-base text-textMain dark:text-textMainDark selection:bg-super/50 selection:text-textMain dark:selection:bg-superDuper/10 dark:selection:text-superDark"">\n<div class=""min-w-0 break-words [word-break:break-word]"">\n<div id=""markdown-content-0"" dir=""auto"">\n<div class=""prose text-pretty dark:prose-invert inline leading-normal break-words min-w-0 [word-break:break-word]"">\n<p class=""my-0"">Shiseido Fino Premium Touch Conditioner is a premium Japanese hair treatment designed specifically for damaged, dry, and chemically treated hair. This rinse-off conditioner features three key beauty ingredients: Royal Jelly EX for deep moisturization, PCA for strengthening hair cuticles, and Lipidure EX for repair and UV protection. The formula melts into each strand, leaving hair nourished, silky smooth, and manageable without feeling heavy. It comes in a convenient 550ml pump bottle and has an elegant floral fragrance.</p>\n\n</div>\n</div>\n</div>\n</div>\n</div>",https://foryoupiece.com/wp-content/uploads/Square-Photoroom101.jpg
SDQ7N51Y,"White Conc Body Wash, Sakura Scent, 600ml","<div class=""mb-md"">\n<div class=""relative default font-sans text-base text-textMain dark:text-textMainDark selection:bg-super/50 selection:text-textMain dark:selection:bg-superDuper/10 dark:selection:text-superDark"">\n<div class=""min-w-0 break-words [word-break:break-word]"">\n<div id=""markdown-content-0"" dir=""auto"">\n<div class=""prose text-pretty dark:prose-invert inline leading-normal break-words min-w-0 [word-break:break-word]"">\n<p class=""my-0"">This limited-edition spring release of White Conc's popular medicated body wash features a gentle cherry blossom (sakura) scent. The Japanese body cleanser is formulated with vitamin C and licorice extract to help brighten dull skin and remove dead skin cells while maintaining moisture. The pump-style bottle contains 600ml of product. Best suited for those concerned with uneven skin tone, dark spots, or seeking a gentle exfoliating body wash that leaves skin smooth and radiant.</p>\n\n</div>\n</div>\n</div>\n</div>\n</div>",https://foryoupiece.com/wp-content/uploads/Square-Photoroom102.jpg
KHSK5F3W,"Ma & Me Latte Shampoo Condition Set, For Parents and Children, Apple & Peony Scent","<div class=""mb-md"">\n<div class=""relative default font-sans text-base text-textMain dark:text-textMainDark selection:bg-super/50 selection:text-textMain dark:selection:bg-superDuper/10 dark:selection:text-superDark"">\n<div class=""min-w-0 break-words [word-break:break-word]"">\n<div id=""markdown-content-0"" dir=""auto"">\n<div class=""prose text-pretty dark:prose-invert inline leading-normal break-words min-w-0 [word-break:break-word]"">\n<p class=""my-0"">The Kracie Ma &amp; Me Latte is a Japanese hair care set featuring a shampoo and conditioner designed for both parents and children. This gentle, sulfate-free formula contains Premium W Milk Protein (derived from milk) that deeply moisturizes and repairs damaged hair. The products feature a delicate apple and peony fragrance with blooming technology that helps control scalp odor. Particularly suitable for postpartum women with dry, brittle hair and children's delicate hair, this amino acid-based formula creates a creamy, milk-like lather that cleanses while maintaining moisture.</p>\n\n</div>\n</div>\n</div>\n</div>\n</div>",https://foryoupiece.com/wp-content/uploads/Square-Photoroom103.jpg
NL45L3DV,"My Boostars Keratin Shampoo & Treatment & Booster Mist 3-Piece Set, Damaged Repair","<div class=""mb-md"">\n<div class=""relative default font-sans text-base text-textMain dark:text-textMainDark selection:bg-super/50 selection:text-textMain dark:selection:bg-superDuper/10 dark:selection:text-superDark"">\n<div class=""min-w-0 break-words [word-break:break-word]"">\n<div id=""markdown-content-0"" dir=""auto"">\n<div class=""prose text-pretty dark:prose-invert inline leading-normal break-words min-w-0 [word-break:break-word]"">\n<p class=""my-0"">MyBoostars is a new Japanese haircare line featuring a unique two-layer booster technology. The set includes shampoo, treatment, and a dual-phase mist enriched with keratin for damaged hair repair. The citrus-scented system uses a special ""booster formula"" that creates pathways between water and oil phases to enhance the penetration of beauty ingredients into the hair. The mist can be used both during washing and as a leave-in treatment. Best suited for those with damaged, color-treated, or permed hair seeking repair and manageability.</p>\n\n</div>\n</div>\n</div>\n</div>\n</div>",https://foryoupiece.com/wp-content/uploads/Square-Photoroom104.jpg
MWWB2ZLI,"[Limited Edition] YOLU Body Soap Calm Night Care, Sakura Scent 440ml","<div class=""mb-md"">\n<div class=""relative default font-sans text-base text-textMain dark:text-textMainDark selection:bg-super/50 selection:text-textMain dark:selection:bg-superDuper/10 dark:selection:text-superDark"">\n<div class=""min-w-0 break-words [word-break:break-word]"">\n<div id=""markdown-content-0"" dir=""auto"">\n<div class=""prose text-pretty dark:prose-invert inline leading-normal break-words min-w-0 [word-break:break-word]"">\n<p class=""my-0"">This is YOLU's limited edition Spring 2025 Sakura Night Series body soap, designed for nighttime skincare. The formula features cherry blossom extract from upcycled sake brewery residue and collagen to provide deep moisture for dry skin. The gentle foaming cleanser offers a dreamy fragrance blend of night-blooming cherry blossoms and nectarine. Perfect for those seeking a luxurious evening bathing ritual while addressing skin dryness. The translucent pink bottle design evokes the ethereal beauty of cherry blossoms under moonlight.</p>\n\n</div>\n</div>\n</div>\n</div>\n</div>",https://foryoupiece.com/wp-content/uploads/Square-Photoroom105.jpg
SQUDCJAP,"Premium Aroma, Moonlight Savon, Room Fragrance 400ml","<div class=""mb-md"">\n<div class=""relative default font-sans text-base text-textMain dark:text-textMainDark selection:bg-super/50 selection:text-textMain dark:selection:bg-superDuper/10 dark:selection:text-superDark"">\n<div class=""min-w-0 break-words [word-break:break-word]"">\n<div id=""markdown-content-0"" dir=""auto"">\n<div class=""prose text-pretty dark:prose-invert inline leading-normal break-words min-w-0 [word-break:break-word]"">\n<p class=""my-0"">This is a premium room deodorizer and fragrance from the Japanese brand ST Corporation's ""Shoshu-Riki"" (Deodorizing Power) line. The Moonlight Savon variant features an elegant perfume-like scent combining white lily flowers, pear, and musk notes. It contains nano-powder technology for effective odor absorption and can be adjusted for fragrance intensity. The 400ml bottle lasts 2-3 months and is ideal for entrances, living rooms, and formal spaces. The design features a gradient pearl-white to gold packaging with ethereal pastel accents.</p>\n\n</div>\n</div>\n</div>\n</div>\n</div>",https://foryoupiece.com/wp-content/uploads/Square-Photoroom106.jpg
N8J4UXFR,"&Honey Pixie Moist Silky Hair Oil, Winnie the Pooh Limited, 100ml","<div class=""mb-md"">\n<div class=""relative default font-sans text-base text-textMain dark:text-textMainDark selection:bg-super/50 selection:text-textMain dark:selection:bg-superDuper/10 dark:selection:text-superDark"">\n<div class=""min-w-0 break-words [word-break:break-word]"">\n<div id=""markdown-content-0"" dir=""auto"">\n<div class=""prose text-pretty dark:prose-invert inline leading-normal break-words min-w-0 [word-break:break-word]"">\n<p class=""my-0"">This is a limited edition Winnie the Pooh collaboration of &amp;Honey Pixie 3.0 Moist Silky Hair Oil, featuring a charming honey-colored bottle with a red pump dispenser. The hair oil is specifically designed for dry, frizzy, and fine hair, containing over 90% natural moisturizing ingredients including honey, golden silk, and cashmere proteins. With its non-greasy formula and Star Fleur Honey scent, this Japanese hair treatment provides intensive care and 120% higher coating power than conventional products, making hair smooth and manageable from root to tip.</p>\n\n</div>\n</div>\n</div>\n</div>\n</div>",https://foryoupiece.com/wp-content/uploads/Square-Photoroom107.jpg
CQALWNG1,"Yanagiya Ladies Collagen Medicinal Hair Growth Essence 150ml","<div class=""mb-md"">\n<div class=""relative default font-sans text-base text-textMain dark:text-textMainDark selection:bg-super/50 selection:text-textMain dark:selection:bg-superDuper/10 dark:selection:text-superDark"">\n<div class=""min-w-0 break-words [word-break:break-word]"">\n<div id=""markdown-content-0"" dir=""auto"">\n<div class=""prose text-pretty dark:prose-invert inline leading-normal break-words min-w-0 [word-break:break-word]"">\n<p class=""my-0"">This is Yanagiya Ladies Monyugen Medicinal Hair Growth Essence, a Japanese hair growth treatment specifically designed for women. The volumizing care formula contains marine collagen derivatives to moisturize and soften hardened scalps. Its key active ingredients include vitamin E and D-panthenol to improve blood circulation and promote hair growth, resulting in thicker, firmer hair. The non-sticky spray formula includes eucalyptus oil and menthol for a refreshing sensation. Best suited for women experiencing thinning hair or seeking to maintain healthy scalp conditions. The product is fragrance-free, colorant-free, and preservative-free.</p>\n\n</div>\n</div>\n</div>\n</div>\n</div>",https://foryoupiece.com/wp-content/uploads/Square-Photoroom91.jpg
1I88OCFY,"Pigeon Baby Milk Lotion 300g, Osmanthus Scent","<div class=""mb-md"">\n<div class=""relative default font-sans text-base text-textMain dark:text-textMainDark selection:bg-super/50 selection:text-textMain dark:selection:bg-superDuper/10 dark:selection:text-superDark"">\n<div class=""min-w-0 break-words [word-break:break-word]"">\n<div id=""markdown-content-0"" dir=""auto"">\n<div class=""prose text-pretty dark:prose-invert inline leading-normal break-words min-w-0 [word-break:break-word]"">\n<p class=""my-0"">This is a limited edition Pigeon Baby Milk Lotion with Osmanthus (Kinmokusei) fragrance in a 300g pump bottle. The Japanese-made lotion features Pigeon Natural Moisture with Ceramide NP and Shea Butter for deep hydration. It's specifically formulated for delicate baby skin from birth, with a weak acidic pH balance. Free from parabens, alcohol, and artificial colors, this dermatologist-tested lotion offers rich moisturization while maintaining a non-sticky texture. Perfect for daily use on both babies and family members who prefer a gentle, fragranced moisturizer.</p>\n\n</div>\n</div>\n</div>\n</div>\n</div>",https://foryoupiece.com/wp-content/uploads/Square-Photoroom92.jpg
IAHV64MU,"Ma & Me Latte Body Wash 490ml + Refill 360ml, For Parants and Children, Apple and Peony Scent","<div class=""mb-md"">\n<div class=""relative default font-sans text-base text-textMain dark:text-textMainDark selection:bg-super/50 selection:text-textMain dark:selection:bg-superDuper/10 dark:selection:text-superDark"">\n<div class=""min-w-0 break-words [word-break:break-word]"">\n<div id=""markdown-content-0"" dir=""auto"">\n<div class=""prose text-pretty dark:prose-invert inline leading-normal break-words min-w-0 [word-break:break-word]"">\n<p class=""my-0"">Ma &amp; Me Latte is a Japanese skincare body wash designed for both parents and children, featuring a dual-care system with Premium W Milk Protein. The creamy, dense foam cleanses while protecting the skin's moisture barrier. It contains ceramides, yeast extract, and milk-derived proteins to address different skin concerns across age groups. Sulfate-free and dermatologically tested, this gentle cleanser has a pleasant apple and peony fragrance. The product comes in a 490ml pump bottle with a 360ml refill option, making it ideal for shared family use.</p>\n\n</div>\n</div>\n</div>\n</div>\n</div>",https://foryoupiece.com/wp-content/uploads/Square-Photoroom93.jpg
RPQXJFVK,"Nichiban Roihi Tsuboko Hot Patch 78pcs","<div class=""mb-md"">\n<div class=""relative default font-sans text-base text-textMain dark:text-textMainDark selection:bg-super/50 selection:text-textMain dark:selection:bg-superDuper/10 dark:selection:text-superDark"">\n<div class=""min-w-0 break-words [word-break:break-word]"">\n<div id=""markdown-content-0"" dir=""auto"">\n<div class=""prose text-pretty dark:prose-invert inline leading-normal break-words min-w-0 [word-break:break-word]"">\n<p class=""my-0"">Roihi Tsuboko is a Japanese medicinal hot patch designed for pain relief. These round, beige-colored patches contain active ingredients like methyl salicylate and vanillamide nonylate that create a warming sensation to improve blood circulation. The coin-sized patches are specifically effective for shoulder stiffness, lower back pain, muscle soreness, sprains, and joint discomfort. With Nichiban's unique adhesive technology, they stay firmly in place during movement while remaining discreet on the skin. Each box contains 78 waterproof patches that can be easily applied to targeted areas.</p>\n\n</div>\n</div>\n</div>\n</div>\n</div>",https://foryoupiece.com/wp-content/uploads/Square-Photoroom94.jpg
XQRC3QRL,"VT COSMETICS Pro Cica Spot Pimple Patch Neon Edition","<div class=""mb-md"">\n<div class=""relative default font-sans text-base text-textMain dark:text-textMainDark selection:bg-super/50 selection:text-textMain dark:selection:bg-superDuper/10 dark:selection:text-superDark"">\n<div class=""min-w-0 break-words [word-break:break-word]"">\n<div id=""markdown-content-0"" dir=""auto"">\n<div class=""prose text-pretty dark:prose-invert inline leading-normal break-words min-w-0 [word-break:break-word]"">\n<p class=""my-0"">The VT COSMETICS Pro Cica Spot Pimple Patch Neon Edition is a Korean skincare product featuring transparent hydrocolloid patches infused with Centella Asiatica extract. The pack contains 63 patches in various sizes, including unique heart-shaped neon patches that glow in the dark and regular circular patches. These waterproof, adhesive patches protect blemishes while absorbing impurities and reducing redness. Best suited for those seeking both functional acne care and playful aesthetics, particularly during nighttime or events where the glow-in-the-dark feature adds a fun element.</p>\n\n</div>\n</div>\n</div>\n</div>\n</div>",https://foryoupiece.com/wp-content/uploads/Square-Photoroom95.jpg
V4OC2BX3,"Bifesta Lip Serum Mask","<div class=""mb-md"">\n<div class=""relative default font-sans text-base text-textMain dark:text-textMainDark selection:bg-super/50 selection:text-textMain dark:selection:bg-superDuper/10 dark:selection:text-superDark"">\n<div class=""min-w-0 break-words [word-break:break-word]"">\n<div id=""markdown-content-0"" dir=""auto"">\n<div class=""prose text-pretty dark:prose-invert inline leading-normal break-words min-w-0 [word-break:break-word]"">\n<p class=""my-0"">The Bifesta Lip Serum Mask is an overnight lip treatment pack from Japanese brand Mandom. This 8g preservative-free formula features three key moisturizing ingredients: squalane, orange oil, and vitamin E. The dense serum mask adheres closely to lips, providing intense hydration throughout the night while visually minimizing vertical lip lines. Suitable for both nighttime and daytime use, this paraben-free, alcohol-free, and synthetic fragrance-free treatment helps achieve plump, moisturized lips.</p>\n\n</div>\n</div>\n</div>\n</div>\n</div>",https://foryoupiece.com/wp-content/uploads/Square-Photoroom96.jpg
71IXKU2L,"[SALE] Melano CC Medicated Stain Concentration Prevention Premium Serum","<div class=""mb-md"">\n<div class=""relative default font-sans text-base text-textMain dark:text-textMainDark selection:bg-super/50 selection:text-textMain dark:selection:bg-superDuper/10 dark:selection:text-superDark"">\n<div class=""min-w-0 break-words [word-break:break-word]"">\n<div id=""markdown-content-0"" dir=""auto"">\n<div class=""prose text-pretty dark:prose-invert inline leading-normal break-words min-w-0 [word-break:break-word]"">\n<p class=""my-0"">This is Rohto's Melano CC Premium Essence, a Japanese medical-grade vitamin C serum designed for intensive spot treatment and prevention. The concentrated formula features active Vitamin C, three Vitamin C derivatives, Vitamin B6, and allantoin in a unique oil-like texture that absorbs quickly without residue. The product comes in a specialized tube with a ball-tip applicator to prevent oxidation. It's particularly effective for those concerned with hyperpigmentation, acne scars, and uneven skin tone, while also providing antibacterial and sebum control benefits.</p>\n\n</div>\n</div>\n</div>\n</div>\n</div>",https://foryoupiece.com/wp-content/uploads/Square-Photoroom90.jpg
YR8VONXF,"Verdio UV Moisture Gel 80g","<div class=""mb-md"">\n<div class=""relative default font-sans text-base text-textMain dark:text-textMainDark selection:bg-super/50 selection:text-textMain dark:selection:bg-superDuper/10 dark:selection:text-superDark"">\n<div class=""min-w-0 break-words [word-break:break-word]"">\n<div id=""markdown-content-0"" dir=""auto"">\n<div class=""prose text-pretty dark:prose-invert inline leading-normal break-words min-w-0 [word-break:break-word]"">\n<p class=""my-0"">Verdio UV Moisture Gel is a Japanese sunscreen designed for sensitive skin, offering high protection with SPF50+ and PA++++. This lightweight, non-sticky gel formula is free from fragrances, colorants, mineral oils, parabens, and ethanol. It features beneficial ingredients like CICA (Centella Asiatica), pearl barley, moringa, and edelweiss extracts for moisturizing effects. The waterproof and sweat-resistant formula protects against UV rays, pollen, and PM2.5 particles while remaining easily removable with soap. Ideal for daily use on both face and body, including children's sensitive skin.</p>\n\n</div>\n</div>\n</div>\n</div>\n</div>",https://foryoupiece.com/wp-content/uploads/Square-Photoroom89.jpg
46LFOI6Y,"Club Suppin Powder, Pastel Rose Scent","<div class=""mb-md"">\n<div class=""relative default font-sans text-base text-textMain dark:text-textMainDark selection:bg-super/50 selection:text-textMain dark:selection:bg-superDuper/10 dark:selection:text-superDark"">\n<div class=""min-w-0 break-words [word-break:break-word]"">\n<div id=""markdown-content-0"" dir=""auto"">\n<div class=""prose text-pretty dark:prose-invert inline leading-normal break-words min-w-0 [word-break:break-word]"">\n<p class=""my-0"">Club Suppin Powder in Pastel Rose Scent is a Japanese skincare powder designed to be worn overnight without washing off. This 26g powder features fine particles that provide a natural, matte finish while protecting skincare products underneath. It contains moisturizing ingredients like hyaluronic acid and collagen, along with oil-absorbing components. The powder helps reduce shine, blur imperfections, and has a delicate rose fragrance. Perfect for those who want to control nighttime skincare product absorption or desire a natural bare-skin look during the day.</p>\n\n</div>\n</div>\n</div>\n</div>\n</div>",https://foryoupiece.com/wp-content/uploads/Square-Photoroom88.jpg
IQKGPLOW,"Club Suppin Powder, White Floral Bouquet Scent","<div class=""mb-md"">\n<div class=""relative default font-sans text-base text-textMain dark:text-textMainDark selection:bg-super/50 selection:text-textMain dark:selection:bg-superDuper/10 dark:selection:text-superDark"">\n<div class=""min-w-0 break-words [word-break:break-word]"">\n<div id=""markdown-content-0"" dir=""auto"">\n<div class=""prose text-pretty dark:prose-invert inline leading-normal break-words min-w-0 [word-break:break-word]"">\n<p class=""my-0"">Club Suppin Powder with White Floral Bouquet Scent is a unique Japanese skincare-infused setting powder that doesn't require removal before bed. This 26g powder features ultra-fine particles that seamlessly blend into the skin without looking powdery, transforming from white to a subtle beige tone to prevent white cast. Enriched with moisturizing ingredients, it provides a natural, flawless finish while protecting skin from environmental impurities. Perfect for those seeking a low-maintenance beauty routine or wanting to achieve a natural ""no-makeup"" look.</p>\n\n</div>\n</div>\n</div>\n</div>\n</div>",https://foryoupiece.com/wp-content/uploads/Square-Photoroom87.jpg
9RK8DN58,"CANMAKE Mermaid Skin Gel UV 01","<div class=""mb-md"">\n<div class=""relative default font-sans text-base text-textMain dark:text-textMainDark selection:bg-super/50 selection:text-textMain dark:selection:bg-superDuper/10 dark:selection:text-superDark"">\n<div class=""min-w-0 break-words [word-break:break-word]"">\n<div id=""markdown-content-0"" dir=""auto"">\n<div class=""prose text-pretty dark:prose-invert inline leading-normal break-words min-w-0 [word-break:break-word]"">\n<p class=""my-0"">The Canmake Mermaid Skin Gel UV 01 Clear is a Japanese sunscreen that offers SPF50+ PA++++ protection in a lightweight, watery gel format. This alcohol-free and fragrance-free formula doubles as a moisturizing makeup primer while providing strong UV protection. The clear, colorless gel breaks down into a water-like texture upon application, leaving a dewy finish without white cast. Best suited for normal to combination skin types seeking a gentle, everyday sunscreen that works well under makeup. Contains 85% beautifying ingredients and is easily removable with regular face wash.</p>\n\n</div>\n</div>\n</div>\n</div>\n</div>",https://foryoupiece.com/wp-content/uploads/Square-Photoroom86.jpg
KGWYYNCT,"REVLON Kiss Lip Sugar Scrub, Sweet Sakura 325","<div class=""mb-md"">\n<div class=""relative default font-sans text-base text-textMain dark:text-textMainDark selection:bg-super/50 selection:text-textMain dark:selection:bg-superDuper/10 dark:selection:text-superDark"">\n<div class=""min-w-0 break-words [word-break:break-word]"">\n<div id=""markdown-content-0"" dir=""auto"">\n<div class=""prose text-pretty dark:prose-invert inline leading-normal break-words min-w-0 [word-break:break-word]"">\n<p class=""my-0"">This is a limited edition REVLON Kiss Sugar Scrub in Sweet Sakura (325) featuring Sanrio's My Melody design. It's a 2-in-1 stick-type lip treatment that combines a sugar scrub for gentle exfoliation with a moisturizing balm. The formula contains three fruit oils (pomegranate, raspberry, and grape seed) for hydration. With a delicate cherry blossom fragrance, it leaves lips smooth and plump without needing to rinse. Particularly effective as a night treatment for soft, glossy lips by morning.</p>\n\n</div>\n</div>\n</div>\n</div>\n</div>",https://foryoupiece.com/wp-content/uploads/Square-Photoroom85.jpg
WWPPCNFJ,"REVLON Kiss Lip Sugar Scrub, Cool Mint 321","<div class=""mb-md"">\n<div class=""relative default font-sans text-base text-textMain dark:text-textMainDark selection:bg-super/50 selection:text-textMain dark:selection:bg-superDuper/10 dark:selection:text-superDark"">\n<div class=""min-w-0 break-words [word-break:break-word]"">\n<div id=""markdown-content-0"" dir=""auto"">\n<div class=""prose text-pretty dark:prose-invert inline leading-normal break-words min-w-0 [word-break:break-word]"">\n<p class=""my-0"">REVLON Kiss Sugar Scrub is a dual-action lip care product that combines exfoliating sugar crystals with moisturizing fruit oils. This stick-type balm gently removes dead skin cells while providing 24-hour hydration. Infused with pomegranate, raspberry, and grape seed oils, it leaves lips smooth and plump. The sugar crystals dissolve naturally, requiring no rinsing. With a refreshing mint flavor, it's ideal for those seeking both exfoliation and moisture in one convenient product, perfect as a lip color base or nighttime treatment.</p>\n\n</div>\n</div>\n</div>\n</div>\n</div>",https://foryoupiece.com/wp-content/uploads/Square-Photoroom84.jpg
TOTDDOJI,"REVLON Kiss Lip Sugar Scrub, Peppermint 324","<div class=""mb-md"">\n<div class=""relative default font-sans text-base text-textMain dark:text-textMainDark selection:bg-super/50 selection:text-textMain dark:selection:bg-superDuper/10 dark:selection:text-superDark"">\n<div class=""min-w-0 break-words [word-break:break-word]"">\n<div id=""markdown-content-0"" dir=""auto"">\n<div class=""prose text-pretty dark:prose-invert inline leading-normal break-words min-w-0 [word-break:break-word]"">\n<p class=""my-0"">This limited edition Revlon Kiss Sugar Scrub in Peppermint (324) features a special Sanrio Hangyodon character design. It's a 2-in-1 stick-type lip care product that combines sugar crystals for gentle exfoliation with moisturizing fruit oils like pomegranate seed oil. The formula provides 24-hour hydration while the peppermint flavor offers a refreshing sensation. Perfect for daily use, it can be applied before lipstick application or as an overnight treatment for smooth, plump lips. The thick crayon-like design allows for easy, mess-free application.</p>\n\n</div>\n</div>\n</div>\n</div>\n</div>",https://foryoupiece.com/wp-content/uploads/Square-Photoroom83.jpg
G1S5LH7Y,"Deo Carat Medicated Deodorant Stick","<div class=""mb-md"">\n<div class=""relative default font-sans text-base text-textMain dark:text-textMainDark selection:bg-super/50 selection:text-textMain dark:selection:bg-superDuper/10 dark:selection:text-superDark"">\n<div class=""min-w-0 break-words [word-break:break-word]"">\n<div id=""markdown-content-0"" dir=""auto"">\n<div class=""prose text-pretty dark:prose-invert inline leading-normal break-words min-w-0 [word-break:break-word]"">\n<p class=""my-0"">Deo Carat Medicated Deodorant Stick is a Japanese antiperspirant that effectively stops underarm sweat and prevents odor. This 20g stick features a high-adhesion formula that provides long-lasting protection with a silky smooth application that dries instantly. Enriched with beauty ingredients like CICA, golden extract, and green tea extract, it leaves skin feeling fresh while preventing sweat stains. The product offers a relaxing aromatic floral scent and is best suited for those seeking reliable sweat and odor control with skin-caring benefits.</p>\n\n</div>\n</div>\n</div>\n</div>\n</div>",https://foryoupiece.com/wp-content/uploads/Square-Photoroom81.jpg
64ZQUFZF,"Mentholatum Repair One Night Care Lip, For Chapped and Dryness Lip","<div class=""mb-md"">\n<div class=""relative default font-sans text-base text-textMain dark:text-textMainDark selection:bg-super/50 selection:text-textMain dark:selection:bg-superDuper/10 dark:selection:text-superDark"">\n<div class=""min-w-0 break-words [word-break:break-word]"">\n<div id=""markdown-content-0"" dir=""auto"">\n<div class=""prose text-pretty dark:prose-invert inline leading-normal break-words min-w-0 [word-break:break-word]"">\n<p class=""my-0"">The Mentholatum Repair ONE Night Care Lip is a Japanese lip essence designed for overnight intensive care. This tube-type lip treatment contains three key beauty serum ingredients: hyaluronic acid, niacinamide, and retinol. It features a unique vertical wrinkle-sealing formula that fills lip crevices while providing deep moisturization. Perfect for those struggling with chapped or dry lips, this overnight treatment helps achieve plump, moisturized lips by morning. Made by Rohto Pharmaceutical in Japan, it's particularly effective during dry seasons.</p>\n\n</div>\n</div>\n</div>\n</div>\n</div>",https://foryoupiece.com/wp-content/uploads/Square-Photoroom80.jpg
K8U2CVU4,"Body Fantasies Body Mist, Cotton Candy 50ml","<div class=""mb-md"">\n<div class=""relative default font-sans text-base text-textMain dark:text-textMainDark selection:bg-super/50 selection:text-textMain dark:selection:bg-superDuper/10 dark:selection:text-superDark"">\n<div class=""min-w-0 break-words [word-break:break-word]"">\n<div id=""markdown-content-0"" dir=""auto"">\n<div class=""prose text-pretty dark:prose-invert inline leading-normal break-words min-w-0 [word-break:break-word]"">\n<p class=""my-0"">Body Fantasies Body Spray in Cotton Candy Sweet is a playful fragrance mist featuring a sweet strawberry cotton candy scent. The pink bottle with a cute teddy bear design embodies its youthful appeal. Initially strong when sprayed, it settles into a soft, warm sweetness with notes of vanilla, sugar, raspberry, strawberry, and musk. Most popular among teenagers and those in their early 20s, this body mist is perfect for those who enjoy sweet, dessert-like fragrances without being overwhelmingly sugary.</p>\n\n</div>\n</div>\n</div>\n</div>\n</div>",https://foryoupiece.com/wp-content/uploads/Square-Photoroom79-1.jpg
2DBVGKSF,"Body Fantasies Body Mist, Sweet Peony 50ml","<div class=""mb-md"">\n<div class=""relative default font-sans text-base text-textMain dark:text-textMainDark selection:bg-super/50 selection:text-textMain dark:selection:bg-superDuper/10 dark:selection:text-superDark"">\n<div class=""min-w-0 break-words [word-break:break-word]"">\n<div id=""markdown-content-0"" dir=""auto"">\n<div class=""prose text-pretty dark:prose-invert inline leading-normal break-words min-w-0 [word-break:break-word]"">\n<p class=""my-0"">Body Fantasies Sweet Peony is a 50ml body mist spray featuring a romantic floral fragrance with sweet peony notes enhanced by berry accents. This Japanese body spray offers a feminine, clean scent that balances sweetness with sophistication. Perfect for those who prefer a delicate yet noticeable fragrance, it's designed for easy carrying and quick application anytime. The formula provides a refreshing mist that's ideal for daily use, particularly appealing to those who enjoy floral scents with a fruity twist.</p>\n\n</div>\n</div>\n</div>\n</div>\n</div>",https://foryoupiece.com/wp-content/uploads/Square-Photoroom78-1.jpg
C4QCE6OE,"CANMAKE Cream Cheek 21","<div class=""mb-md"">\n<div class=""relative default font-sans text-base text-textMain dark:text-textMainDark selection:bg-super/50 selection:text-textMain dark:selection:bg-superDuper/10 dark:selection:text-superDark"">\n<div class=""min-w-0 break-words [word-break:break-word]"">\n<div id=""markdown-content-0"" dir=""auto"">\n<div class=""prose text-pretty dark:prose-invert inline leading-normal break-words min-w-0 [word-break:break-word]"">\n<p class=""my-0"">CANMAKE Cream Cheek 21 ""Tangerine Tea"" is a Japanese cream blush with a unique gel-cream texture that transforms into a powder finish upon application. This coral-beige shade offers a natural flush particularly flattering on warm-toned skin. The formula features vegetable squalane and amino acid emollients for moisture retention, while being water, sweat, and sebum-resistant. The product melts seamlessly into the skin for a dewy, natural finish and can be layered for customizable intensity. Compatible with both liquid and powder foundations, this compact blush is ideal for achieving a fresh, healthy complexion.</p>\n\n</div>\n</div>\n</div>\n</div>\n</div>",https://foryoupiece.com/wp-content/uploads/Square-Photoroom77-1.jpg
562LI6LS,"CANMAKE Cream Cheek 16","<div class=""mb-md"">\n<div class=""relative default font-sans text-base text-textMain dark:text-textMainDark selection:bg-super/50 selection:text-textMain dark:selection:bg-superDuper/10 dark:selection:text-superDark"">\n<div class=""min-w-0 break-words [word-break:break-word]"">\n<div id=""markdown-content-0"" dir=""auto"">\n<div class=""prose text-pretty dark:prose-invert inline leading-normal break-words min-w-0 [word-break:break-word]"">\n<p class=""my-0"">CANMAKE Cream Cheek is a popular Japanese cream blush with a unique melting gel texture that transforms into a dry finish upon application. The product features a geometric embossed design and comes in a compact clear case. This award-winning formula blends seamlessly into the skin, creating a natural, dewy flush that appears to radiate from within. Perfect for those seeking a buildable, long-lasting cream blush that works well over both powder and liquid foundations. The formula is enriched with skin-friendly ingredients like squalane and amino acid-based emollients for added moisture.</p>\n\n</div>\n</div>\n</div>\n</div>\n</div>",https://foryoupiece.com/wp-content/uploads/Square-Photoroom76-1.jpg
70PX8O6M,"Nivea Premium Moisture Body Lotion + Mini Nivea UV Deep Protect & Care","<div class=""mb-md"">\n<div class=""relative default font-sans text-base text-textMain dark:text-textMainDark selection:bg-super/50 selection:text-textMain dark:selection:bg-superDuper/10 dark:selection:text-superDark"">\n<div class=""min-w-0 break-words [word-break:break-word]"">\n<div id=""markdown-content-0"" dir=""auto"">\n<div class=""prose text-pretty dark:prose-invert inline leading-normal break-words min-w-0 [word-break:break-word]"">\n<p class=""my-0"">This is a Nivea Premium set featuring a full-size Premium Body Milk (likely the Moisture variant) paired with a mini Nivea UV Deep Protect &amp; Care sunscreen. The UV product offers powerful SPF50+ PA++++ protection against both UVA and UVB rays, helping prevent sun-induced spots and freckles. It contains beauty essence agents including Japanese honeysuckle flower extract, pearl protein extract, and Damask rose water. The waterproof gel formula can be used on both face and body as a makeup base, with a pleasant floral scent. Ideal for those seeking effective sun protection with added skincare benefits.</p>\n\n</div>\n</div>\n</div>\n</div>\n</div>",https://foryoupiece.com/wp-content/uploads/Square-Photoroom108.jpg
R9R4Q4MS,"Diane Deep Night Moist Refill Set, Shampoo Treatment 600ml","<div class=""mb-md"">\n<div class=""relative default font-sans text-base text-textMain dark:text-textMainDark selection:bg-super/50 selection:text-textMain dark:selection:bg-superDuper/10 dark:selection:text-superDark"">\n<div class=""min-w-0 break-words [word-break:break-word]"">\n<div id=""markdown-content-0"" dir=""auto"">\n<div class=""prose text-pretty dark:prose-invert inline leading-normal break-words min-w-0 [word-break:break-word]"">\n<p class=""my-0"">Diane Perfect Beauty Deep Night Moist Refill Shampoo is a high-penetration moisturizing hair product from Japan. This 660ml refill pack features organic argan oil and moisture keratin to provide deep hydration while controlling frizz and waves. The non-silicone formula uses HydroMagic and WaveCanceller technologies to maintain moisture and manage unruly hair. With a pleasant Moonlight Berry fragrance combining fruity and floral notes, it's ideal for those with dry, frizzy, or wavy hair seeking smoother, more manageable results.</p>\n\n</div>\n</div>\n</div>\n</div>\n</div>",https://foryoupiece.com/wp-content/uploads/Square-Photoroom109.jpg
4.98283E+12,"Ipoddo Tea Matcha Powder, Ikuyo-no-mukashi 30g Box","<div class=""relative default font-sans text-base text-textMain dark:text-textMainDark selection:bg-super/50 selection:text-textMain dark:selection:bg-superDuper/10 dark:selection:text-superDark"">\n<div class=""min-w-0 break-words [word-break:break-word]"">\n<div id=""markdown-content-0"" class=""gap-y-md flex flex-col"" dir=""auto"">\n<div class=""relative"">\n<div class=""prose text-pretty dark:prose-invert inline leading-normal break-words min-w-0 [word-break:break-word]"">\n<p class=""my-0"">Ippodo's Ikuyo-no-mukashi is a medium-bodied matcha powder from Kyoto, Japan. This 30g box contains high-quality green tea powder with a refreshing bitterness balanced with subtle sweetness and umami. Perfect for matcha beginners, it has a clean taste that pairs well with sweets, fruits, and pastries. Named by the grand master of the Ura-Senke tea family, it can be enjoyed as usucha (thin tea), in lattes, or during snack time like coffee or tea. Best prepared with 80°C water and whisked vigorously for optimal flavor.</p>\n\n</div>\n</div>\n</div>\n</div>\n</div>",https://foryoupiece.com/wp-content/uploads/Square-Photoroom-2.jpg
AIISFR0X,"FIANCEE Body Mist, White Floral Scent","<div class=""relative default font-sans text-base text-textMain dark:text-textMainDark selection:bg-super/50 selection:text-textMain dark:selection:bg-superDuper/10 dark:selection:text-superDark"">\n<div class=""min-w-0 break-words [word-break:break-word]"">\n<div id=""markdown-content-0"" class=""gap-y-md flex flex-col"" dir=""auto"">\n<div class=""relative"">\n<div class=""prose text-pretty dark:prose-invert inline leading-normal break-words min-w-0 [word-break:break-word]"">\n<p class=""my-0"">FIANCEE Body Mist in White Floral is an award-winning Japanese fragrance mist that offers a delicate, transparent floral scent. It features top notes of fresh pineapple and raspberry, middle notes of lily of the valley, jasmine, and rose, and base notes of amber and musk. This gentle, shampoo-like scent is perfect for daily use in school or office settings where stronger fragrances might be inappropriate. Its subtle, clean fragrance provides a refreshing touch without being overpowering, making it a bestseller in Japan.</p>\n\n</div>\n</div>\n</div>\n</div>\n</div>",https://foryoupiece.com/wp-content/uploads/Square-Photoroom81-1.jpg
W01TNDG4,"FIANCEE Body Mist, Cherry Blossom Scent","<div class=""relative default font-sans text-base text-textMain dark:text-textMainDark selection:bg-super/50 selection:text-textMain dark:selection:bg-superDuper/10 dark:selection:text-superDark"">\n<div class=""min-w-0 break-words [word-break:break-word]"">\n<div id=""markdown-content-0"" class=""gap-y-md flex flex-col"" dir=""auto"">\n<div class=""relative"">\n<div class=""prose text-pretty dark:prose-invert inline leading-normal break-words min-w-0 [word-break:break-word]"">\n<p class=""my-0"">FIANCEE Body Mist Sakura Scent R is a limited edition fragrance mist that captures the essence of standing beneath cherry blossoms in full bloom. This 50ml body spray features a delicate, clean floral scent with top notes of peach, apricot, and lychee, middle notes of cherry blossom, lily of the valley, and rose, and base notes of musk and amber. The gentle fragrance makes it perfect for fragrance beginners and can be applied to wrists and neck. Ideal for spring wear with its elegant, pure cherry blossom aroma.</p>\n\n</div>\n</div>\n</div>\n</div>\n</div>",https://foryoupiece.com/wp-content/uploads/Square-Photoroom80-1.jpg
FC3WODK0,"FIANCEE Body Mist Tokyo Scent","<div class=""relative default font-sans text-base text-textMain dark:text-textMainDark selection:bg-super/50 selection:text-textMain dark:selection:bg-superDuper/10 dark:selection:text-superDark"">\n<div class=""min-w-0 break-words [word-break:break-word]"">\n<div id=""markdown-content-0"" class=""gap-y-md flex flex-col"" dir=""auto"">\n<div class=""relative"">\n<div class=""prose text-pretty dark:prose-invert inline leading-normal break-words min-w-0 [word-break:break-word]"">\n<p class=""my-0"">FIANCEE Body Mist is a Japanese fragrance product that offers a gentle, refreshing scent reminiscent of freshly shampooed hair. This light body spray features a delicate blend of floral and fruity notes, including lemon, green apple, and jasmine. It's designed for everyday use, suitable for school, office, or dates. The mist provides a subtle, clean aroma that's not overpowering, making it ideal for fragrance beginners or those who prefer a more understated scent. It's best for those seeking a fresh, shower-clean feeling throughout the day.</p>\n\n</div>\n</div>\n</div>\n</div>\n</div>",https://foryoupiece.com/wp-content/uploads/Square-Photoroom79-2.jpg
1JMWGRII,"FIANCEE Body Mist, Apple Scent","<div class=""relative default font-sans text-base text-textMain dark:text-textMainDark selection:bg-super/50 selection:text-textMain dark:selection:bg-superDuper/10 dark:selection:text-superDark"">\n<div class=""min-w-0 break-words [word-break:break-word]"">\n<div id=""markdown-content-0"" class=""gap-y-md flex flex-col"" dir=""auto"">\n<div class=""relative"">\n<div class=""prose text-pretty dark:prose-invert inline leading-normal break-words min-w-0 [word-break:break-word]"">\n<p class=""my-0"">FIANCEE Body Mist in Apple Scent is a refreshing Japanese fragrance that offers the sweet aroma of ripe red apples with honey notes. The scent progresses from a cute, slightly tart apple and cassis top note to a sweet caramelized middle note with floral hints of freesia and lily. It finishes with gentle woody and musk undertones for a pure, clean impression. This body mist is perfect for those who prefer light, fruity fragrances and is designed to evoke a sense of young romance and give confidence. Ideal for everyday wear.</p>\n\n</div>\n</div>\n</div>\n</div>\n</div>",https://foryoupiece.com/wp-content/uploads/Square-Photoroom78-2.jpg
INZ02PEM,"Aqua Savon Perfume EDP, Sakura Limited Edition","<div class=""relative default font-sans text-base text-textMain dark:text-textMainDark selection:bg-super/50 selection:text-textMain dark:selection:bg-superDuper/10 dark:selection:text-superDark"">\n<div class=""min-w-0 break-words [word-break:break-word]"">\n<div id=""markdown-content-0"" class=""gap-y-md flex flex-col"" dir=""auto"">\n<div class=""relative"">\n<div class=""prose text-pretty dark:prose-invert inline leading-normal break-words min-w-0 [word-break:break-word]"">\n<p class=""my-0"">Aqua Savon's Sakura Floral Eau de Toilette is a limited edition spring fragrance that combines the beloved scent of cherry blossoms with a clean soap aroma. This Japanese perfume features a delicate blend of cherry, blackcurrant, green apple, and citrus top notes, with floral heart notes and a musky amber base. The soft, feminine scent is perfect for those who prefer subtle fragrances and is ideal for everyday wear during spring and summer. The pretty pink bottle with floating beads adds a charming touch to any vanity.</p>\n\n</div>\n</div>\n</div>\n</div>\n</div>",https://foryoupiece.com/wp-content/uploads/Square-Photoroom77-2.jpg
O3P797MT,"Liquid Muhi S2a 50ml, For Itchiness and Redness","<div class=""relative default font-sans text-base text-textMain dark:text-textMainDark selection:bg-super/50 selection:text-textMain dark:selection:bg-superDuper/10 dark:selection:text-superDark"">\n<div class=""min-w-0 break-words [word-break:break-word]"">\n<div id=""markdown-content-0"" class=""gap-y-md flex flex-col"" dir=""auto"">\n<div class=""relative"">\n<div class=""prose text-pretty dark:prose-invert inline leading-normal break-words min-w-0 [word-break:break-word]"">\n<p class=""my-0"">Liquid Muhi S2a (50ml) is a Japanese topical medication for quick relief of itching, swelling, and redness from insect bites, rashes, and skin irritations. It contains two key active ingredients: diphenhydramine hydrochloride to quickly relieve itching and dexamethasone acetate to reduce inflammation. The liquid formula provides a refreshing cooling sensation with menthol and camphor. Features a convenient sponge applicator for mess-free use. Suitable for ages 6 months and older. Ideal for treating mosquito bites, hives, eczema, and heat rash.</p>\n\n</div>\n</div>\n</div>\n</div>\n</div>",https://foryoupiece.com/wp-content/uploads/Square-Photoroom76-3.jpg
HQR16OF6,"SANA Nameraka Honpo Soy Isoflavone All-in-One Gel","<div class=""relative default font-sans text-base text-textMain dark:text-textMainDark selection:bg-super/50 selection:text-textMain dark:selection:bg-superDuper/10 dark:selection:text-superDark"">\n<div class=""min-w-0 break-words [word-break:break-word]"">\n<div id=""markdown-content-0"" class=""gap-y-md flex flex-col"" dir=""auto"">\n<div class=""relative"">\n<div class=""prose text-pretty dark:prose-invert inline leading-normal break-words min-w-0 [word-break:break-word]"">\n<p class=""my-0"">SANA Namerakahonpo Thick Concentrated Gel is a 6-in-1 all-in-one skincare product containing fermented soy milk and high-purity soy isoflavones. This multifunctional gel replaces lotion, serum, emulsion, cream, pack, and makeup base in one step. Its unique memory gel texture melts into the skin for deep hydration without stickiness, making it perfect for both morning and evening routines. Ideal for busy people seeking simplified skincare with effective moisturization. Fragrance-free, colorant-free, and mineral oil-free.</p>\n\n</div>\n</div>\n</div>\n</div>\n</div>",https://foryoupiece.com/wp-content/uploads/Square-Photoroom75-2.jpg
6FPDM3V3,"Koisuru Oshiri Hip Care Soap","<div class=""relative default font-sans text-base text-textMain dark:text-textMainDark selection:bg-super/50 selection:text-textMain dark:selection:bg-superDuper/10 dark:selection:text-superDark"">\n<div class=""min-w-0 break-words [word-break:break-word]"">\n<div id=""markdown-content-0"" class=""gap-y-md flex flex-col"" dir=""auto"">\n<div class=""relative"">\n<div class=""prose text-pretty dark:prose-invert inline leading-normal break-words min-w-0 [word-break:break-word]"">\n<p class=""my-0"">Koisuru Oshiri (Lovely Bottom) Hip Care Soap is a Japanese exfoliating soap designed specifically for buttocks and thighs. This peach-scented scrub soap contains dual exfoliants from peach kernels and konjac to remove dead skin cells, address darkening, roughness, and bumps. Enriched with six moisturizing essences including peach leaf extract, peach seed extract, and aloe vera juice, it helps maintain necessary hydration while improving skin texture. Simply wet the soap and massage in circular motions on problem areas for smoother, brighter skin. Perfect for anyone looking to improve the appearance of their hip area.</p>\n\n</div>\n</div>\n</div>\n</div>\n</div>",https://foryoupiece.com/wp-content/uploads/Square-Photoroom74-2.jpg
4UJ23W88,"Sana Nameraka Honpo Medicated Wrinkle Serum, White 50ml","<div class=""relative default font-sans text-base text-textMain dark:text-textMainDark selection:bg-super/50 selection:text-textMain dark:selection:bg-superDuper/10 dark:selection:text-superDark"">\n<div class=""min-w-0 break-words [word-break:break-word]"">\n<div id=""markdown-content-0"" class=""gap-y-md flex flex-col"" dir=""auto"">\n<div class=""relative"">\n<div class=""prose text-pretty dark:prose-invert inline leading-normal break-words min-w-0 [word-break:break-word]"">\n<p class=""my-0"">Sana Namerakahonpo Medicated Wrinkle Essence White is a Japanese anti-aging serum (50ml) designed for skin showing early signs of aging. This quasi-drug formula contains niacinamide and pure retinol to boost collagen production, improve elasticity, and reduce melanin for a brighter complexion. Enriched with fermented soy milk from Tamahomare soybeans rich in isoflavones, it deeply nourishes without stickiness. Ideal for women over 30 with dry or combination skin concerned about fine lines, wrinkles, and hyperpigmentation. Fragrance-free and paraben-free.</p>\n\n</div>\n</div>\n</div>\n</div>\n</div>",https://foryoupiece.com/wp-content/uploads/Square-Photoroom73-2.jpg
W1N05XUV,"LUCIDO-L #EX Hair Oil Smooth 80ml","<div class=""relative default font-sans text-base text-textMain dark:text-textMainDark selection:bg-super/50 selection:text-textMain dark:selection:bg-superDuper/10 dark:selection:text-superDark"">\n<div class=""min-w-0 break-words [word-break:break-word]"">\n<div id=""markdown-content-0"" class=""gap-y-md flex flex-col"" dir=""auto"">\n<div class=""relative"">\n<div class=""prose text-pretty dark:prose-invert inline leading-normal break-words min-w-0 [word-break:break-word]"">\n<p class=""my-0"">LUCIDO-L Argan Rich Oil Hair Treatment Oil Smooth is a lightweight, non-greasy hair oil formulated with Moroccan argan oil. This 80ml product is designed to repair damaged hair, treat split ends, and leave a natural, healthy shine. It offers UV and heat protection while creating a moisture-retaining film on each hair strand. The oil is best suited for those with fine, soft, or thin hair who desire tangle-free, smooth, and silky locks. Its high-pressure processing technology ensures quick absorption and even coating for a feather-light, elegant finish.</p>\n\n</div>\n</div>\n</div>\n</div>\n</div>",https://foryoupiece.com/wp-content/uploads/Square-Photoroom82.jpg
WYA1PQX7,"LUCIDO-L #EX Hair Oil Repair 80ml","<div class=""relative default font-sans text-base text-textMain dark:text-textMainDark selection:bg-super/50 selection:text-textMain dark:selection:bg-superDuper/10 dark:selection:text-superDark"">\n<div class=""min-w-0 break-words [word-break:break-word]"">\n<div id=""markdown-content-0"" class=""gap-y-md flex flex-col"" dir=""auto"">\n<div class=""relative"">\n<div class=""prose text-pretty dark:prose-invert inline leading-normal break-words min-w-0 [word-break:break-word]"">\n<p class=""my-0"">LUCIDO-L #EX Hair Repair Oil is a leave-in treatment designed to repair damaged hair and provide deep moisture. This 80ml product contains high-pressure processed argan oil, which coats each hair strand for intense hydration without feeling heavy. It features heat protection to guard against styling damage, UV protection, and a light floral fragrance. The oil is particularly effective for those with dry, damaged hair prone to frizz and split ends, leaving hair soft, silky, and shiny. Best suited for users seeking to restore and protect their hair from daily styling and environmental stressors.</p>\n\n</div>\n</div>\n</div>\n</div>\n</div>",https://foryoupiece.com/wp-content/uploads/Square-Photoroom72-2.jpg
OHPANUQJ,"Johnson’s Body Care Bright Lotion, Jasmine and White Lily, 500ml","<div class=""relative default font-sans text-base text-textMain dark:text-textMainDark selection:bg-super/50 selection:text-textMain dark:selection:bg-superDuper/10 dark:selection:text-superDark"">\n<div class=""min-w-0 break-words [word-break:break-word]"">\n<div id=""markdown-content-0"" class=""gap-y-md flex flex-col"" dir=""auto"">\n<div class=""relative"">\n<div class=""prose text-pretty dark:prose-invert inline leading-normal break-words min-w-0 [word-break:break-word]"">\n<p class=""my-0"">Johnson's Body Vibrant Radiance Aroma Milk is a premium body lotion featuring jasmine and white lily fragrance. This 500ml pump bottle contains a moisturizing formula with baby oil, niacinamide, and vitamin C derivatives that penetrate deep into the skin's layers. It provides intense hydration without stickiness, helping to achieve translucent, radiant skin. The non-greasy texture makes it perfect for daily use on normal to dry skin, offering both skincare benefits and a pleasant floral scent for a relaxing experience.</p>\n\n</div>\n</div>\n</div>\n</div>\n</div>",https://foryoupiece.com/wp-content/uploads/Square-Photoroom71-2.jpg
5ENGQ81B,"Ululis Pinkme Water Conc Control Shampoo Treatment Set, Blossom Tea Limited Edition","<div class=""relative default font-sans text-base text-textMain dark:text-textMainDark selection:bg-super/50 selection:text-textMain dark:selection:bg-superDuper/10 dark:selection:text-superDark"">\n<div class=""min-w-0 break-words [word-break:break-word]"">\n<div id=""markdown-content-0"" class=""gap-y-md flex flex-col"" dir=""auto"">\n<div class=""relative"">\n<div class=""prose text-pretty dark:prose-invert inline leading-normal break-words min-w-0 [word-break:break-word]"">\n<p class=""my-0"">Ululis Pinkme Water Conc Control Shampoo Treatment Set, Blossom Tea Limited Edition is a Japanese hair care product designed for those with frizzy or unruly hair. This set features a shampoo and treatment with a unique ""water pack beauty"" formula, containing 90% hydrating and repair ingredients. It aims to achieve 15% hair moisture content, controlling frizz and enhancing manageability. The products are infused with 10 water-soluble beauty ingredients and feature a delicate cherry blossom tea fragrance. Ideal for those seeking smoother, more manageable hair with a touch of luxury.</p>\n\n</div>\n</div>\n</div>\n</div>\n</div>",https://foryoupiece.com/wp-content/uploads/Square-Photoroom70-2.jpg
EU5KUYOA,"Ululis Pinkme Water Conc Control Shampoo Treatment Set, Kuromi Limited Edition","<div class=""relative default font-sans text-base text-textMain dark:text-textMainDark selection:bg-super/50 selection:text-textMain dark:selection:bg-superDuper/10 dark:selection:text-superDark"">\n<div class=""min-w-0 break-words [word-break:break-word]"">\n<div id=""markdown-content-0"" class=""gap-y-md flex flex-col"" dir=""auto"">\n<div class=""relative"">\n<div class=""prose text-pretty dark:prose-invert inline leading-normal break-words min-w-0 [word-break:break-word]"">\n<p class=""my-0"">This is the Ululis PINKme Kuromi Limited Edition Control Shampoo &amp; Treatment Set, a special collaboration with Sanrio's Kuromi character (ranked 3rd in the 2024 Sanrio Character Awards). Released on October 28, 2024, this set features Kuromi's signature black hood and pink skull design. The products use ""Wave Control Beauty"" technology to manage frizzy hair by balancing internal moisture, preventing external moisture absorption, and repairing hair inside and out. It has a sweet grape fragrance ""picked by Kuromi"" and is ideal for those with wavy or frizzy hair seeking smoother, more hydrated locks.</p>\n\n</div>\n</div>\n</div>\n</div>\n</div>",https://foryoupiece.com/wp-content/uploads/Square-Photoroom68-2.jpg
2J8NUBRI,"Ululis Kirameki Water Conc Shiny Shampoo Treatment Set, Kinmokusei Limited Edition","<div class=""relative default font-sans text-base text-textMain dark:text-textMainDark selection:bg-super/50 selection:text-textMain dark:selection:bg-superDuper/10 dark:selection:text-superDark"">\n<div class=""min-w-0 break-words [word-break:break-word]"">\n<div id=""markdown-content-0"" class=""gap-y-md flex flex-col"" dir=""auto"">\n<div class=""relative"">\n<div class=""prose text-pretty dark:prose-invert inline leading-normal break-words min-w-0 [word-break:break-word]"">\n<p class=""my-0"">Ululis Kinmokusei Kirameki is a limited-edition organic hair care set featuring shampoo and treatment with a sweet, romantic osmanthus (kinmokusei) fragrance. This product focuses on increasing hair's internal moisture content, with over 90% beauty essence ingredients that repair and protect cuticles. The ""Water Pack"" technology creates shiny, lustrous hair, making it ideal for those with coarse, dull hair lacking shine. This is part of Ululis' popular seasonal osmanthus series, which is being discontinued after this year's release.</p>\n\n</div>\n</div>\n</div>\n</div>\n</div>",https://foryoupiece.com/wp-content/uploads/Square-Photoroom67-2.jpg
YGIPSH1T,"Ululis Pinkme Water Conc Control Shampoo 340ml","<div class=""relative default font-sans text-base text-textMain dark:text-textMainDark selection:bg-super/50 selection:text-textMain dark:selection:bg-superDuper/10 dark:selection:text-superDark"">\n<div class=""min-w-0 break-words [word-break:break-word]"">\n<div id=""markdown-content-0"" class=""gap-y-md flex flex-col"" dir=""auto"">\n<div class=""relative"">\n<div class=""prose text-pretty dark:prose-invert inline leading-normal break-words min-w-0 [word-break:break-word]"">\n<p class=""my-0"">Ululis Pinkme Water Conc Control Shampoo (340ml) is a Japanese hair care product designed for frizzy, unruly hair with a focus on inner-dry hair concerns. It features a ""new wave control beauty"" approach with 90% hydrating and wave-care ingredients, including 10 water-soluble beauty serum components. The shampoo has a pleasant Shabon Rose fragrance and comes in an attractive pink double-structure bottle that enhances light protection and moisture retention. Best for those with wavy, curly hair seeking smoother, more manageable results.</p>\n\n</div>\n</div>\n</div>\n</div>\n</div>",https://foryoupiece.com/wp-content/uploads/Square-Photoroom66-1.jpg
TNGCIY71,"Ululis Pinkme Water Conc Control Treatment 340ml","<div class=""relative default font-sans text-base text-textMain dark:text-textMainDark selection:bg-super/50 selection:text-textMain dark:selection:bg-superDuper/10 dark:selection:text-superDark"">\n<div class=""min-w-0 break-words [word-break:break-word]"">\n<div id=""markdown-content-0"" class=""gap-y-md flex flex-col"" dir=""auto"">\n<div class=""relative"">\n<div class=""prose text-pretty dark:prose-invert inline leading-normal break-words min-w-0 [word-break:break-word]"">\n<p class=""my-0"">Ululis PINKme Water Conc Control Treatment is a premium hair treatment designed specifically for inner-dry hair. This Japanese product focuses on maintaining optimal moisture levels (targeting 15% water content) to control frizz and unruly hair. Formulated with 10 water-soluble beauty serum ingredients including collagen, ceramide, and royal jelly extract, it wraps hair in beauty water to provide deep hydration. Ideal for those with wavy, curly, or damaged hair who want smoother, more manageable locks. Features a pleasant Aqua Pink fragrance.</p>\n\n</div>\n</div>\n</div>\n</div>\n</div>",https://foryoupiece.com/wp-content/uploads/Square-Photoroom65-2.jpg
CJIPXGCE,"KOSÉ Clear Turn Mask Pore Tightening 7 Sheets","<div class=""relative default font-sans text-base text-textMain dark:text-textMainDark selection:bg-super/50 selection:text-textMain dark:selection:bg-superDuper/10 dark:selection:text-superDark"">\n<div class=""min-w-0 break-words [word-break:break-word]"">\n<div id=""markdown-content-0"" class=""gap-y-md flex flex-col"" dir=""auto"">\n<div class=""relative"">\n<div class=""prose text-pretty dark:prose-invert inline leading-normal break-words min-w-0 [word-break:break-word]"">\n<p class=""my-0"">KOSE Clear Turn Pore Komachi Shine Genji Face Mask is a Japanese sheet mask designed for oily, combination, and problematic skin. It contains retinol, Centella Asiatica (CICA), and rice fermentation extract to regulate sebum production, tighten pores, and treat inflammation. The mask features a special Bemliese® cotton fiber that's 30% thinner than conventional masks, allowing better penetration of active ingredients. With 7 masks per package and a relaxing floral scent, it provides intensive care in just 8 minutes, leaving skin hydrated, balanced, and with a smooth porcelain-like finish.</p>\n\n</div>\n</div>\n</div>\n</div>\n</div>",https://foryoupiece.com/wp-content/uploads/Square-Photoroom64-4.jpg
ROW8VM8L,"Hatomugi Beauty Mask 7 Sheets","<div class=""relative default font-sans text-base text-textMain dark:text-textMainDark selection:bg-super/50 selection:text-textMain dark:selection:bg-superDuper/10 dark:selection:text-superDark"">\n<div class=""min-w-0 break-words [word-break:break-word]"">\n<div id=""markdown-content-0"" class=""gap-y-md flex flex-col"" dir=""auto"">\n<div class=""relative"">\n<div class=""prose text-pretty dark:prose-invert inline leading-normal break-words min-w-0 [word-break:break-word]"">\n<p class=""my-0"">The Hatomugi Beauty Mask is a Japanese sheet mask pack containing 7 sheets. Infused with coix seed (hatomugi) extract, amino acids, and hot spring water, it aims to brighten and moisturize the skin. The mask is made from a soft, washi paper-like material that adheres well to the face. It's designed to provide multiple skincare benefits, including hydration, tone evening, and reducing the appearance of dark spots. This mask is best suited for those looking to achieve a brighter, more radiant complexion and is suitable for various skin types.</p>\n\n</div>\n</div>\n</div>\n</div>\n</div>",https://foryoupiece.com/wp-content/uploads/Square-Photoroom63-3.jpg
FJNTK1SI,"Hatomugi Beauty Mask 30 Sheets","<div class=""relative default font-sans text-base text-textMain dark:text-textMainDark selection:bg-super/50 selection:text-textMain dark:selection:bg-superDuper/10 dark:selection:text-superDark"">\n<div class=""min-w-0 break-words [word-break:break-word]"">\n<div id=""markdown-content-0"" class=""gap-y-md flex flex-col"" dir=""auto"">\n<div class=""relative"">\n<div class=""prose text-pretty dark:prose-invert inline leading-normal break-words min-w-0 [word-break:break-word]"">\n<p class=""my-0"">The Eve Hatomugi Beauty Mask is a Japanese sheet mask containing 30 pieces that gently wraps the skin to prevent dryness and rough skin. It features six skin-smoothing and moisturizing ingredients including placenta extract, adlay seed extract, ceramide, sodium hyaluronate, himefuuro extract, and neem leaf extract. Rich in plant-based oils and natural moisturizing factors, hatomugi (Job's tears) helps retain moisture, brighten skin tone, reduce dark spots, and provide anti-inflammatory benefits. Ideal for those seeking deep hydration and a more radiant complexion.</p>\n\n</div>\n</div>\n</div>\n</div>\n</div>",https://foryoupiece.com/wp-content/uploads/Square-Photoroom62-3.jpg
LO4LDRCH,"TSUBAKI Argan Oil Shampoo Treatment Set","<div class=""relative default font-sans text-base text-textMain dark:text-textMainDark selection:bg-super/50 selection:text-textMain dark:selection:bg-superDuper/10 dark:selection:text-superDark"">\n<div class=""min-w-0 break-words [word-break:break-word]"">\n<div id=""markdown-content-0"" class=""gap-y-md flex flex-col"" dir=""auto"">\n<div class=""relative"">\n<div class=""prose text-pretty dark:prose-invert inline leading-normal break-words min-w-0 [word-break:break-word]"">\n<p class=""my-0"">The TSUBAKI Argan Oil Shampoo Treatment Set is a premium Japanese hair care duo featuring argan and tsubaki (camellia) oils. This set is designed to nourish, repair, and add volume to damaged hair. Key benefits include deep moisturization, frizz reduction, and enhanced shine. The formula contains a blend of natural oils and amino acids to strengthen hair from root to tip. Ideal for those with dry, damaged, or lifeless hair seeking a luxurious, salon-quality treatment at home. The set offers a captivating floral scent and promises visible results from the first use.</p>\n\n</div>\n</div>\n</div>\n</div>\n</div>",https://foryoupiece.com/wp-content/uploads/Square-Photoroom57-3.jpg
3CEJA7IZ,"White Conc Body Lotion 245ml","<div class=""relative default font-sans text-base text-textMain dark:text-textMainDark selection:bg-super/50 selection:text-textMain dark:selection:bg-superDuper/10 dark:selection:text-superDark"">\n<div class=""min-w-0 break-words [word-break:break-word]"">\n<div id=""markdown-content-0"" class=""gap-y-md flex flex-col"" dir=""auto"">\n<div class=""relative"">\n<div class=""prose text-pretty dark:prose-invert inline leading-normal break-words min-w-0 [word-break:break-word]"">\n<p class=""my-0"">White Conc Body Lotion CII is a Japanese medicated whitening body spray (245ml) that helps prevent spots and freckles by suppressing melanin production. This watery-textured mist contains vitamin C derivatives and glycyrrhizinate dipotassium as active ingredients. With a refreshing grapefruit fragrance, it's perfect for summer use as it absorbs quickly without stickiness. Ideal for hard-to-reach areas like the back and particularly effective on rough areas such as elbows, knees, and heels. Best suited for those seeking body brightening without heavy moisture.</p>\n\n</div>\n</div>\n</div>\n</div>\n</div>",https://foryoupiece.com/wp-content/uploads/Square-Photoroom58-3.jpg
5OK2SVR5,"&Honey Milky Precious Ex Repair Refill Set + Free &Honey Melty Hand Cream","<div class=""relative default font-sans text-base text-textMain dark:text-textMainDark selection:bg-super/50 selection:text-textMain dark:selection:bg-superDuper/10 dark:selection:text-superDark"">\n<div class=""min-w-0 break-words [word-break:break-word]"">\n<div id=""markdown-content-0"" class=""gap-y-md flex flex-col"" dir=""auto"">\n<div class=""relative"">\n<div class=""prose text-pretty dark:prose-invert inline leading-normal break-words min-w-0 [word-break:break-word]"">\n<p class=""my-0"">This is the &amp;Honey Milky Precious EX Repair Refill Set with a free &amp;Honey Melty Moist Hand Cream. The set includes refills for shampoo and hair treatment from the premium &amp;Honey Milky line, which features Milk Honey and Keratin Honey ingredients for intensive damage repair and deep moisturization. The products help repair hair damaged from heat styling and coloring while leaving it silky smooth. The included hand cream provides excellent moisturization for dry skin, especially during winter. Ideal for those with damaged, dry hair seeking effective repair with a pleasant berry sweet honey fragrance.</p>\n\n</div>\n</div>\n</div>\n</div>\n</div>",https://foryoupiece.com/wp-content/uploads/Square-Photoroom59-4.jpg
02F25C9Q,"Essential Premium Water Treatment EX Smooth","<div class=""relative default font-sans text-base text-textMain dark:text-textMainDark selection:bg-super/50 selection:text-textMain dark:selection:bg-superDuper/10 dark:selection:text-superDark"">\n<div class=""min-w-0 break-words [word-break:break-word]"">\n<div id=""markdown-content-0"" class=""gap-y-md flex flex-col"" dir=""auto"">\n<div class=""relative"">\n<div class=""prose text-pretty dark:prose-invert inline leading-normal break-words min-w-0 [word-break:break-word]"">\n<p class=""my-0"">Essential Premium Water Treatment EX Smooth is a leave-in hair treatment from Kao Japan. This water-based formula penetrates deeply to create smooth, silky hair that lasts all day. Key benefits include: repairs and prevents heat damage, speeds up blow-drying time, prevents static electricity, and contains natural 18-MEA oil (lanolin fatty acid) plus moisturizing ingredients like hydrolyzed collagen and lactic acid. Ideal for damaged, tangled hair that needs smoothing. Features a luxurious floral scent with gardenia and jasmine notes. Best applied to towel-dried hair before blow-drying.</p>\n\n</div>\n</div>\n</div>\n</div>\n</div>",https://foryoupiece.com/wp-content/uploads/Square-Photoroom60-3.jpg
GKOFLF6Q,"TSUBAKI Premium Repair Hair Water 220ml","<div class=""relative default font-sans text-base text-textMain dark:text-textMainDark selection:bg-super/50 selection:text-textMain dark:selection:bg-superDuper/10 dark:selection:text-superDark"">\n<div class=""min-w-0 break-words [word-break:break-word]"">\n<div id=""markdown-content-0"" class=""gap-y-md flex flex-col"" dir=""auto"">\n<div class=""relative"">\n<div class=""prose text-pretty dark:prose-invert inline leading-normal break-words min-w-0 [word-break:break-word]"">\n<p class=""my-0"">TSUBAKI Premium Repair Hair Water is a leave-in hair treatment spray by Shiseido. This innovative product, inspired by salon treatments, deeply nourishes and repairs damaged, dry, and chemically treated hair. Its formula contains camellia oil, royal jelly extract, and soy protein to penetrate the hair core, providing intense hydration and strengthening. The lightweight mist reduces brittleness, prevents split ends, and adds shine without weighing hair down. With a pleasant floral-fruity scent, it's suitable for both wet and dry hair, making it ideal for daily use to achieve salon-like results at home.</p>\n\n</div>\n</div>\n</div>\n</div>\n</div>",https://foryoupiece.com/wp-content/uploads/Square-Photoroom61-3.jpg
D3L40LCQ,"ORBIS Treatment Hair Water 180ml","<div class=""relative default font-sans text-base text-textMain dark:text-textMainDark selection:bg-super/50 selection:text-textMain dark:selection:bg-superDuper/10 dark:selection:text-superDark"">\n<div class=""min-w-0 break-words [word-break:break-word]"">\n<div id=""markdown-content-0"" class=""gap-y-md flex flex-col"" dir=""auto"">\n<div class=""relative"">\n<div class=""prose text-pretty dark:prose-invert inline leading-normal break-words min-w-0 [word-break:break-word]"">\n<p class=""my-0"">ORBIS Treatment Hair Water is a leave-in hair mist that provides salon-like treatment for damaged, unruly hair. This award-winning product contains beauty serum ingredients including 18-MEA similar components, hyaluronic acid, and amino acids that repair and protect hair. The fine mist formula tames bed hair, adds shine, and prevents heat damage from styling tools. It can be used on both wet and dry hair, is fragrance-free, and is perfect for daily use. Ideal for those seeking easy hair care that moisturizes and smooths without weighing hair down.</p>\n\n</div>\n</div>\n</div>\n</div>\n</div>",https://foryoupiece.com/wp-content/uploads/Square-Photoroom53-3.jpg
TJSLRJIR,"Body Fantasies Body Mist, Pure Soap 94ml","<div class=""relative default font-sans text-base text-textMain dark:text-textMainDark selection:bg-super/50 selection:text-textMain dark:selection:bg-superDuper/10 dark:selection:text-superDark"">\n<div class=""min-w-0 break-words [word-break:break-word]"">\n<div id=""markdown-content-0"" class=""gap-y-md flex flex-col"" dir=""auto"">\n<div class=""relative"">\n<div class=""prose text-pretty dark:prose-invert inline leading-normal break-words min-w-0 [word-break:break-word]"">\n<p class=""my-0"">Body Fantasies Body Spray in Pure Soap scent is a popular Japanese fragrance product. This 94ml body mist offers a gentle, clean soap aroma that's universally appealing. It's designed for easy application, allowing users to refresh their scent throughout the day with just a quick spritz. Ideal for those who prefer subtle, comforting fragrances, this body spray is perfect for everyday use. Its light formula makes it suitable for all skin types and can be layered with other scents for a personalized fragrance experience.</p>\n\n</div>\n</div>\n</div>\n</div>\n</div>",https://foryoupiece.com/wp-content/uploads/Square-Photoroom54-3.jpg
VUTASQI1,"Body Fantasies Body Mist, White Musk 94ml","<div class=""relative default font-sans text-base text-textMain dark:text-textMainDark selection:bg-super/50 selection:text-textMain dark:selection:bg-superDuper/10 dark:selection:text-superDark"">\n<div class=""min-w-0 break-words [word-break:break-word]"">\n<div id=""markdown-content-0"" class=""gap-y-md flex flex-col"" dir=""auto"">\n<div class=""relative"">\n<div class=""prose text-pretty dark:prose-invert inline leading-normal break-words min-w-0 [word-break:break-word]"">\n<p class=""my-0"">Body Fantasies Body Spray White Musk (94ml) is a refreshing fragrance featuring a beautiful bouquet of bright white florals combined with soft sensual woods and clean white musks. This portable, travel-sized spray contains a higher concentration of fragrance oils (6%) than competitors. With notes of lily of the valley, rose, jasmine, and vanilla, it offers a clean, feminine scent perfect for everyday wear. Ideal for those seeking a light, long-lasting fragrance that provides all-day freshness without being overwhelming.</p>\n\n</div>\n</div>\n</div>\n</div>\n</div>",https://foryoupiece.com/wp-content/uploads/Square-Photoroom55-3.jpg
IEOB6ACB,"Body Fantasies Body Mist, White Musk 50ml","<div class=""relative default font-sans text-base text-textMain dark:text-textMainDark selection:bg-super/50 selection:text-textMain dark:selection:bg-superDuper/10 dark:selection:text-superDark"">\n<div class=""min-w-0 break-words [word-break:break-word]"">\n<div id=""markdown-content-0"" class=""gap-y-md flex flex-col"" dir=""auto"">\n<div class=""relative"">\n<div class=""prose text-pretty dark:prose-invert inline leading-normal break-words min-w-0 [word-break:break-word]"">\n<p class=""my-0"">Body Fantasies Body Spray in Fresh White Musk is a light fragrance featuring a clean, elegant scent that combines white florals with soft sensual woods and clean white musk. This 50ml spray offers a refreshing option for everyday use, providing a gentle yet noticeable fragrance that creates a sense of purity and cleanliness. The scent evolves beautifully over time, becoming warmer and more sophisticated as it melds with your skin. Perfect for those who appreciate subtle, fresh fragrances with good staying power.</p>\n\n</div>\n</div>\n</div>\n</div>\n</div>",https://foryoupiece.com/wp-content/uploads/Square-Photoroom56-3.jpg
13FXSJWL,"Melano CC Medicinal Whitening Lotion, Moist Type 170ml","<div class=""relative default font-sans text-base text-textMain dark:text-textMainDark selection:bg-super/50 selection:text-textMain dark:selection:bg-superDuper/10 dark:selection:text-superDark"">\n<div class=""min-w-0 break-words [word-break:break-word]"">\n<div id=""markdown-content-1"" class=""gap-y-md flex flex-col"" dir=""auto"">\n<div class=""relative"">\n<div class=""prose text-pretty dark:prose-invert inline leading-normal break-words min-w-0 [word-break:break-word]"">\n<p class=""my-0"">Melano CC Medicinal Whitening Lotion Moist Type is a Japanese skincare product designed to target dark spots and hyperpigmentation while providing hydration. This pharmaceutical-grade whitening toner contains highly penetrative Vitamin C derivatives that deeply absorb into the skin, inhibiting melanin production to prevent freckles and spots. Formulated with anti-inflammatory ingredients and three moisturizing extracts (Alpinia White, lemon, and grapefruit), it's particularly effective for post-acne concerns. The refreshing citrus-scented lotion helps achieve translucent skin while maintaining moisture. Ideal for those seeking both brightening effects and hydration in their skincare routine.</p>\n\n</div>\n</div>\n</div>\n</div>\n</div>",https://foryoupiece.com/wp-content/uploads/Square-Photoroom52-3.jpg
PWRQ0BKF,"Oshima Tsubaki Multipurpose Oil 40ml","<div class=""relative default font-sans text-base text-textMain dark:text-textMainDark selection:bg-super/50 selection:text-textMain dark:selection:bg-superDuper/10 dark:selection:text-superDark"">\n<div class=""min-w-0 break-words [word-break:break-word]"">\n<div id=""markdown-content-0"" class=""gap-y-md flex flex-col"" dir=""auto"">\n<div class=""relative"">\n<div class=""prose text-pretty dark:prose-invert inline leading-normal break-words min-w-0 [word-break:break-word]"">\n<p class=""my-0"">Oshima Tsubaki is a 100% pure camellia oil extracted from the seeds of the Camellia japonica flower. This multi-purpose oil can be used for hair, scalp, face, and body care. Rich in oleic fatty acids (omega 9) that are compatible with human sebum, it provides excellent moisturizing and anti-aging benefits without clogging pores. The oil protects hair from heat damage, prevents dandruff, stimulates skin cell regeneration, and absorbs quickly without stickiness or fragrance. Best for those seeking a natural, versatile skincare and haircare solution.</p>\n\n</div>\n</div>\n</div>\n</div>\n</div>",https://foryoupiece.com/wp-content/uploads/Square-Photoroom51-3.jpg
K6OGYJ1W,"Oshima Tsubaki Hair Water 180ml","<div class=""relative default font-sans text-base text-textMain dark:text-textMainDark selection:bg-super/50 selection:text-textMain dark:selection:bg-superDuper/10 dark:selection:text-superDark"">\n<div class=""min-w-0 break-words [word-break:break-word]"">\n<div id=""markdown-content-0"" class=""gap-y-md flex flex-col"" dir=""auto"">\n<div class=""relative"">\n<div class=""prose text-pretty dark:prose-invert inline leading-normal break-words min-w-0 [word-break:break-word]"">\n<p class=""my-0"">Oshima Tsubaki Hair Water is a moisturizing hair mist from Japan containing camellia oil and camellia ceramide. This quick-use spray repairs damaged hair by coating the cuticle while protecting against heat damage from blow dryers and UV rays. Free from fragrances, colorants, and mineral oils, it reduces frizz, prevents static, and adds shine. Ideal for busy mornings, it works on both wet and dry hair, making it perfect for those seeking to tame unruly hair, fix bed head, or add moisture before styling. The bottle features a convenient lock mechanism for portability.</p>\n\n</div>\n</div>\n</div>\n</div>\n</div>",https://foryoupiece.com/wp-content/uploads/Square-Photoroom50-2.jpg
AOWU990A,"Laundrin’ Fabric Mist, Sakura Scent, 370ml","<div class=""relative default font-sans text-base text-textMain dark:text-textMainDark selection:bg-super/50 selection:text-textMain dark:selection:bg-superDuper/10 dark:selection:text-superDark"">\n<div class=""min-w-0 break-words [word-break:break-word]"">\n<div id=""markdown-content-0"" class=""gap-y-md flex flex-col"" dir=""auto"">\n<div class=""relative"">\n<div class=""prose text-pretty dark:prose-invert inline leading-normal break-words min-w-0 [word-break:break-word]"">\n<p class=""my-0"">Laundrin' Fabric Mist Sakura Cherry Blossom 2025 is a limited edition 370ml spray that freshens fabrics and spaces with a delicate floral fragrance. This Japanese product combines fresh cherry and soft musk notes with layers of peach, green tea, sakura, and amber. It effectively eliminates unpleasant odors from tobacco, food, and pets while providing antibacterial properties. Perfect for curtains, sofas, carpets, coats, shoes, and bags that can't be washed daily. The pretty pink bottle design captures the essence of spring.</p>\n\n</div>\n</div>\n</div>\n</div>\n</div>",https://foryoupiece.com/wp-content/uploads/Square-Photoroom49-4.jpg
ZM5U7JN6,"Febreze Premium Disinfecting and Deodorizing, Sakura Scent, 370ml","<div class=""relative default font-sans text-base text-textMain dark:text-textMainDark selection:bg-super/50 selection:text-textMain dark:selection:bg-superDuper/10 dark:selection:text-superDark"">\n<div class=""min-w-0 break-words [word-break:break-word]"">\n<div id=""markdown-content-0"" class=""gap-y-md flex flex-col"" dir=""auto"">\n<div class=""relative"">\n<div class=""prose text-pretty dark:prose-invert inline leading-normal break-words min-w-0 [word-break:break-word]"">\n<p class=""my-0"">Febreze Premium Disinfectant and Deodorizing Spray is a limited edition 370ml product featuring a 2025 Sakura (cherry blossom) scent. This premium version contains the highest level of both deodorizing and disinfecting ingredients in the Febreze line. It's safe for fabrics that come in contact with skin and suitable for homes with children. Ideal for pillows, carpets, mattresses, sofas, and clothing that can't be easily washed. The spray effectively eliminates odors while leaving a gentle, sweet floral fragrance.</p>\n\n</div>\n</div>\n</div>\n</div>\n</div>",https://foryoupiece.com/wp-content/uploads/Square-Photoroom48-3.jpg
AOL8SGG3,"Premium Aroma Urban Luxe, Diffuser Type","<div class=""relative default font-sans text-base text-textMain dark:text-textMainDark selection:bg-super/50 selection:text-textMain dark:selection:bg-superDuper/10 dark:selection:text-superDark"">\n<div class=""min-w-0 break-words [word-break:break-word]"">\n<div id=""markdown-content-0"" class=""gap-y-md flex flex-col"" dir=""auto"">\n<div class=""relative"">\n<div class=""prose text-pretty dark:prose-invert inline leading-normal break-words min-w-0 [word-break:break-word]"">\n<p class=""my-0"">The image shows S.T. Corporation's Premium Aroma Room Diffuser in the ""Urban Luxe"" fragrance variant. This is a reed diffuser that uses sticks to disperse an elegant floral scent designed to create a sophisticated, modern atmosphere. Made in Japan, it contains 50ml of concentrated fragrance oil that lasts approximately 1-2 months with six sticks. The intensity can be adjusted by changing the number of sticks used. This diffuser is ideal for living rooms and entryways, with a simple, stylish design that complements interior decor without being intrusive.</p>\n\n</div>\n</div>\n</div>\n</div>\n</div>",https://foryoupiece.com/wp-content/uploads/Square-Photoroom47-2.jpg
M48J0PW0,"Diane Dry Shampoo, Fragrance Free 95g","<div class=""relative default font-sans text-base text-textMain dark:text-textMainDark selection:bg-super/50 selection:text-textMain dark:selection:bg-superDuper/10 dark:selection:text-superDark"">\n<div class=""min-w-0 break-words [word-break:break-word]"">\n<div id=""markdown-content-0"" class=""gap-y-md flex flex-col"" dir=""auto"">\n<div class=""relative"">\n<div class=""prose text-pretty dark:prose-invert inline leading-normal break-words min-w-0 [word-break:break-word]"">\n<p class=""my-0"">MOIST DIANE Perfect Beauty Dry Shampoo (Fragrance Free, 95g) is a Japanese powder-type dry shampoo that refreshes hair in just 3 seconds. It features dual micro-powders that absorb excess sebum and sweat without leaving white residue. Formulated with keratin, ceramide, and jojoba oil, it conditions while eliminating odor and reducing stickiness. The fragrance-free formula makes it ideal for those sensitive to scents. Perfect for use after sports, during outdoor activities, or whenever hair needs a quick refresh without washing.</p>\n\n</div>\n</div>\n</div>\n</div>\n</div>",https://foryoupiece.com/wp-content/uploads/Square-Photoroom46-3.jpg
51HS720P,"Diane Dry Shampoo, Grapefruit and Mint 95g","<div class=""relative default font-sans text-base text-textMain dark:text-textMainDark selection:bg-super/50 selection:text-textMain dark:selection:bg-superDuper/10 dark:selection:text-superDark"">\n<div class=""min-w-0 break-words [word-break:break-word]"">\n<div id=""markdown-content-0"" class=""gap-y-md flex flex-col"" dir=""auto"">\n<div class=""relative"">\n<div class=""prose text-pretty dark:prose-invert inline leading-normal break-words min-w-0 [word-break:break-word]"">\n<p class=""my-0"">Moist Diane Perfect Beauty Dry Shampoo (95g) is a Japanese aerosol hair refresher with grapefruit and peppermint fragrance. This powder-type formula instantly absorbs excess oil and sweat, eliminating odor while leaving no white residue. Enriched with feather keratin, ceramide, and jojoba oil to moisturize and strengthen hair. The dual-action formula controls sebum production with botanical and silica powder, leaving hair feeling freshly washed, silky, and volumized. Ideal for refreshing hair after workouts, during busy days, or when styling needs a quick revival.</p>\n\n</div>\n</div>\n</div>\n</div>\n</div>",https://foryoupiece.com/wp-content/uploads/Square-Photoroom43-3.jpg
Y4C35A5R,"Diana Dry Shampoo, Fresh Mango and Musk 95g","<div class=""relative default font-sans text-base text-textMain dark:text-textMainDark selection:bg-super/50 selection:text-textMain dark:selection:bg-superDuper/10 dark:selection:text-superDark"">\n<div class=""min-w-0 break-words [word-break:break-word]"">\n<div id=""markdown-content-0"" class=""gap-y-md flex flex-col"" dir=""auto"">\n<div class=""relative"">\n<div class=""prose text-pretty dark:prose-invert inline leading-normal break-words min-w-0 [word-break:break-word]"">\n<p class=""my-0"">Diane Perfect Beauty Dry Shampoo in Fresh Mango &amp; Musk (95g) is a Japanese aerosol dry shampoo that instantly refreshes oily hair and scalp without water. It contains micro-powders that absorb excess oil and sweat while eliminating odor, leaving hair feeling freshly washed with no white residue. The formula includes keratin, ceramide, and botanical extracts to condition hair while controlling sebum. Ideal for evening touch-ups, post-workout refreshes, or maintaining hairstyles throughout the day. Best for those with oily scalp or who need quick hair refreshment on the go.</p>\n\n</div>\n</div>\n</div>\n</div>\n</div>",https://foryoupiece.com/wp-content/uploads/Square-Photoroom44-3.jpg
KYRC4NCS,"TSUBAKI Premium Moist & Repair Shampoo Treatment Set","<div class=""relative default font-sans text-base text-textMain dark:text-textMainDark selection:bg-super/50 selection:text-textMain dark:selection:bg-superDuper/10 dark:selection:text-superDark"">\n<div class=""min-w-0 break-words [word-break:break-word]"">\n<div id=""markdown-content-0"" class=""gap-y-md flex flex-col"" dir=""auto"">\n<div class=""relative"">\n<div class=""prose text-pretty dark:prose-invert inline leading-normal break-words min-w-0 [word-break:break-word]"">\n<p class=""my-0"">TSUBAKI Premium Moist &amp; Repair Shampoo and Conditioner Set is a Japanese haircare duo designed for damaged hair. This rich formula features dual repair technology that targets both surface and deep damage, transforming dry, frizzy hair into smooth, glossy locks with enhanced manageability. The set contains moisturizing ingredients including camellia oil and is infused with a pleasant floral-fruity fragrance. Ideal for those with dry, damaged hair seeking moisture retention and repair. The distinctive red packaging reflects the premium quality of this popular Japanese brand.</p>\n\n</div>\n</div>\n</div>\n</div>\n</div>",https://foryoupiece.com/wp-content/uploads/Square-Photoroom45-3.jpg
FOFHJNNH,"Qurap Wrapping Serum Hair Mask 180g","<div class=""relative default font-sans text-base text-textMain dark:text-textMainDark selection:bg-super/50 selection:text-textMain dark:selection:bg-superDuper/10 dark:selection:text-superDark"">\n<div class=""min-w-0 break-words [word-break:break-word]"">\n<div id=""markdown-content-0"" class=""gap-y-md flex flex-col"" dir=""auto"">\n<div class=""relative"">\n<div class=""prose text-pretty dark:prose-invert inline leading-normal break-words min-w-0 [word-break:break-word]"">\n<p class=""my-0"">Qurap Wrapping Serum Hair Mask (180g) is an intensive hair treatment that deeply repairs severely damaged hair from the core. It features a concentrated ""shiny film wrapping formula"" with penetrating keratin, vitamin C derivative, and bond repair capsules containing dimaleic acid. The rich, creamy texture envelops each strand, delivering moisture and shine in as little as 30 seconds. Ideal for color-treated or bleached hair, it repairs internal damage while helping maintain color. The mask has a refreshing fruity bloom fragrance with natural essential oils.</p>\n\n</div>\n</div>\n</div>\n</div>\n</div>",https://foryoupiece.com/wp-content/uploads/Square-Photoroom42-3.jpg
2KPYOOO2,"Johnson’s Body Care Bright Lotion, Jasmine and White Lily Scent, 200ml","<div class=""relative default font-sans text-base text-textMain dark:text-textMainDark selection:bg-super/50 selection:text-textMain dark:selection:bg-superDuper/10 dark:selection:text-superDark"">\n<div class=""min-w-0 break-words [word-break:break-word]"">\n<div id=""markdown-content-0"" class=""gap-y-md flex flex-col"" dir=""auto"">\n<div class=""relative"">\n<div class=""prose text-pretty dark:prose-invert inline leading-normal break-words min-w-0 [word-break:break-word]"">\n<p class=""my-0"">Johnson's Vibrant Radiance Aroma Milk is a premium body lotion featuring niacinamide and vitamin C derivatives to enhance skin transparency and radiance. This non-sticky, deeply moisturizing formula contains baby oil to support skin barrier function while providing long-lasting hydration. The elegant jasmine and white lily fragrance offers a relaxing effect. Perfect for those seeking luminous, smooth skin with a pleasant scent. Ideal for normal to dry skin types who want both moisture and brightening benefits in their daily body care routine.</p>\n\n</div>\n</div>\n</div>\n</div>\n</div>",https://foryoupiece.com/wp-content/uploads/Square-Photoroom41-3.jpg
H4KT4RZD,"Ululis Vita C Water Conc Ex Repair Shampoo 340ml","<div class=""relative default font-sans text-base text-textMain dark:text-textMainDark selection:bg-super/50 selection:text-textMain dark:selection:bg-superDuper/10 dark:selection:text-superDark"">\n<div class=""min-w-0 break-words [word-break:break-word]"">\n<div id=""markdown-content-0"" class=""gap-y-md flex flex-col"" dir=""auto"">\n<div class=""relative"">\n<div class=""prose text-pretty dark:prose-invert inline leading-normal break-words min-w-0 [word-break:break-word]"">\n<p class=""my-0"">Ululis Vita.C Water Conc EX Repair Shampoo is a Japanese hair care product designed for damaged hair. It features a unique ""water vitamin beauty"" concept with 90% hydrating and vitamin C repair components that penetrate deep into hair cells. The shampoo strengthens hair by 121% compared to other Ululis products, providing moisture and shine. It comes in an innovative double-structured bottle with a screw sculpture design and has a subtly sweet, fruity aroma (Earl Grey orange tea). Best for those concerned with hair damage and dryness.</p>\n\n</div>\n</div>\n</div>\n</div>\n</div>",https://foryoupiece.com/wp-content/uploads/Square-Photoroom40-3.jpg
X7AE8BYJ,"Ululis Vita C Water Conc Ex Repair Treatment 335g","<div class=""relative default font-sans text-base text-textMain dark:text-textMainDark selection:bg-super/50 selection:text-textMain dark:selection:bg-superDuper/10 dark:selection:text-superDark"">\n<div class=""min-w-0 break-words [word-break:break-word]"">\n<div id=""markdown-content-0"" class=""gap-y-md flex flex-col"" dir=""auto"">\n<div class=""relative"">\n<div class=""prose text-pretty dark:prose-invert inline leading-normal break-words min-w-0 [word-break:break-word]"">\n<p class=""my-0"">Ululis Vita.C Water Conc EX Repair Treatment is a hair treatment with a fresh orange scent designed for damaged hair. It features advanced vitamin APPS technology that penetrates hair strands to repair and protect the cuticle. The formula focuses on water-based hydration, containing over 90% water-soluble repair ingredients and vitamin components. This treatment helps restore moisture balance, increase hair strength by 121% (compared to previous products), and transforms damaged hair into smooth, glossy locks. Best suited for those concerned about hair damage and dryness.</p>\n\n</div>\n</div>\n</div>\n</div>\n</div>",https://foryoupiece.com/wp-content/uploads/Square-Photoroom39-3.jpg
WTSQYTHQ,"Ululis Kirameki Water Conc Shiny Shampoo 340ml","<div class=""relative default font-sans text-base text-textMain dark:text-textMainDark selection:bg-super/50 selection:text-textMain dark:selection:bg-superDuper/10 dark:selection:text-superDark"">\n<div class=""min-w-0 break-words [word-break:break-word]"">\n<div id=""markdown-content-0"" class=""gap-y-md flex flex-col"" dir=""auto"">\n<div class=""relative"">\n<div class=""prose text-pretty dark:prose-invert inline leading-normal break-words min-w-0 [word-break:break-word]"">\n<p class=""my-0"">Ululis Kirameki Water Conc Shiny Shampoo (340ml) is a premium Japanese hair care product designed for dull, coarse hair. This pH-balanced, amino acid-based shampoo contains 90%+ hydrating and light-reflecting ingredients that repair and protect cuticles while adding shine. The purple diamond-cut bottle has a double-layer structure for better light protection and preservation. With a creamy lather and soap bouquet fragrance, it leaves hair silky, manageable, and glossy without weighing it down. Free from sulfates, parabens, silicones, and mineral oils.</p>\n\n</div>\n</div>\n</div>\n</div>\n</div>",https://foryoupiece.com/wp-content/uploads/Square-Photoroom38-3.jpg
1N6GP5PU,"Ululis Kirameki Water Conc Shiny Treatment 335g","<div class=""relative default font-sans text-base text-textMain dark:text-textMainDark selection:bg-super/50 selection:text-textMain dark:selection:bg-superDuper/10 dark:selection:text-superDark"">\n<div class=""min-w-0 break-words [word-break:break-word]"">\n<div id=""markdown-content-0"" class=""gap-y-md flex flex-col"" dir=""auto"">\n<div class=""relative"">\n<div class=""prose text-pretty dark:prose-invert inline leading-normal break-words min-w-0 [word-break:break-word]"">\n<p class=""my-0"">Ululis Kirameki Water Conc Shiny Hair Treatment is a premium hair treatment designed for dull, coarse hair lacking shine. It features a unique two-layer bottle structure that preserves moisture and protects the formula. With 90% hydrating and light-reflecting ingredients, it aims to achieve 15% hair moisture content for optimal hydration. The treatment contains 10 beauty water components that penetrate deep into hair, repairing cuticles and enhancing shine. Ideal for those seeking to transform dry, lifeless hair into glossy, moisturized locks with a pleasant, long-lasting fragrance.</p>\n\n</div>\n</div>\n</div>\n</div>\n</div>",https://foryoupiece.com/wp-content/uploads/Square-Photoroom37-3.jpg
5H4AT30M,"Diane Power Treatment Mask, Minion Limited Edition","<div class=""relative default font-sans text-base text-textMain dark:text-textMainDark selection:bg-super/50 selection:text-textMain dark:selection:bg-superDuper/10 dark:selection:text-superDark"">\n<div class=""min-w-0 break-words [word-break:break-word]"">\n<div id=""markdown-content-0"" class=""gap-y-md flex flex-col"" dir=""auto"">\n<div class=""relative"">\n<div class=""prose text-pretty dark:prose-invert inline leading-normal break-words min-w-0 [word-break:break-word]"">\n<p class=""my-0"">This is a Diane Power Treatment Mask featuring limited edition Minions packaging. It's a deep conditioning hair treatment that penetrates damaged hair to provide intensive repair and moisture. The mask contains high-moisture proteins that absorb into the hair shaft, making hair more manageable and reducing frizz with continued use. It helps preserve color, adds shine, and protects against heat damage. The product has a pleasant shiny musk fragrance and is best suited for those with damaged or color-treated hair seeking intensive repair and moisture.</p>\n\n</div>\n</div>\n</div>\n</div>\n</div>",https://foryoupiece.com/wp-content/uploads/Square-Photoroom36-3.jpg
9FDKF18J,"Premium Aroma Sakura Scent, Diffuser Type","<div class=""relative default font-sans text-base text-textMain dark:text-textMainDark selection:bg-super/50 selection:text-textMain dark:selection:bg-superDuper/10 dark:selection:text-superDark"">\n<div class=""min-w-0 break-words [word-break:break-word]"">\n<div id=""markdown-content-0"" class=""gap-y-md flex flex-col"" dir=""auto"">\n<div class=""relative"">\n<div class=""prose text-pretty dark:prose-invert inline leading-normal break-words min-w-0 [word-break:break-word]"">\n<p class=""my-0"">The image shows ""Premium Aroma Initial Bloom,"" a limited-edition fragrance diffuser from Estée's ""Shoshuriki Premium Aroma"" series. This elegant stick diffuser features a cherry blossom (sakura) scent that combines floral and fruity notes with apple and soft musk. The fragrance is designed to celebrate the arrival of spring, evoking the feeling of cherry blossoms dancing in the breeze. With its sophisticated glass bottle design resembling a perfume bottle, it provides 1-2 months of continuous fragrance and allows scent intensity adjustment by varying the number of sticks used.</p>\n\n</div>\n</div>\n</div>\n</div>\n</div>",https://foryoupiece.com/wp-content/uploads/Square-Photoroom35-3.jpg
ASPUDU7E,"Premium Aroma Mimosa, Diffuser Type","<div class=""relative default font-sans text-base text-textMain dark:text-textMainDark selection:bg-super/50 selection:text-textMain dark:selection:bg-superDuper/10 dark:selection:text-superDark"">\n<div class=""min-w-0 break-words [word-break:break-word]"">\n<div id=""markdown-content-0"" class=""gap-y-md flex flex-col"" dir=""auto"">\n<div class=""relative"">\n<div class=""prose text-pretty dark:prose-invert inline leading-normal break-words min-w-0 [word-break:break-word]"">\n<p class=""my-0"">消臭力 Premium Aroma Stick (Mimosa) is a limited edition reed diffuser from Estée that offers a premium fragrance experience. This elegant glass bottle contains a concentrated mimosa scent with green floral notes that evokes the feeling of early spring. The 65ml diffuser includes 6 natural-colored reeds that can be adjusted to control fragrance intensity. Released in January 2025 as a seasonal limited product, it's perfect for living rooms and entryways, providing 1-2 months of delicate, uplifting fragrance that creates a hopeful, happiness-filled atmosphere.</p>\n\n</div>\n</div>\n</div>\n</div>\n</div>",https://foryoupiece.com/wp-content/uploads/Square-Photoroom34-2.jpg
PWQ4RJGM,"Johnson’s Body Care Aroma Milk, Rose and Jasmine Scent, 500ml","<div class=""relative default font-sans text-base text-textMain dark:text-textMainDark selection:bg-super/50 selection:text-textMain dark:selection:bg-superDuper/10 dark:selection:text-superDark"">\n<div class=""min-w-0 break-words [word-break:break-word]"">\n<div id=""markdown-content-0"" class=""gap-y-md flex flex-col"" dir=""auto"">\n<div class=""relative"">\n<div class=""prose text-pretty dark:prose-invert inline leading-normal break-words min-w-0 [word-break:break-word]"">\n<p class=""my-0"">Johnson's Body Care Extra Care Aroma Milk is a luxurious body lotion featuring a delicate rose and jasmine fragrance. This 500ml bottle contains baby oil (mineral oil) and beeswax that work together to protect skin's moisture barrier and provide deep hydration. The formula is designed to keep dry skin moisturized all day long without feeling greasy. Perfect for those with dry skin who want long-lasting hydration while enjoying a subtle floral aroma. The lotion absorbs quickly and leaves skin feeling soft and supple.</p>\n\n</div>\n</div>\n</div>\n</div>\n</div>",https://foryoupiece.com/wp-content/uploads/Square-Photoroom33-2.jpg
9B21QT23,"Pigeon Baby Soap Kinmokusei Scent 500ml","<div class=""relative default font-sans text-base text-textMain dark:text-textMainDark selection:bg-super/50 selection:text-textMain dark:selection:bg-superDuper/10 dark:selection:text-superDark"">\n<div class=""min-w-0 break-words [word-break:break-word]"">\n<div id=""markdown-content-0"" class=""gap-y-md flex flex-col"" dir=""auto"">\n<div class=""relative"">\n<div class=""prose text-pretty dark:prose-invert inline leading-normal break-words min-w-0 [word-break:break-word]"">\n<p class=""my-0"">Pigeon Baby Foam Soap with Kinmokusei (Osmanthus) Scent is a limited-edition, gentle body wash for babies from birth. This moisturizing formula contains hyaluronic acid and ceramides to prevent dryness and keep skin smooth. The soap features a sweet osmanthus fragrance while maintaining the brand's high hydration formula. It's pH-balanced, dermatologist-tested, and free from parabens, alcohol, and sulfate-based surfactants. The pump bottle design allows for one-handed use while holding your baby, with an angled nozzle for easy dispensing.</p>\n\n</div>\n</div>\n</div>\n</div>\n</div>",https://foryoupiece.com/wp-content/uploads/Square-Photoroom32-3.jpg
IIRALT58,"TSUBAKI Premium Volume & Repair, Shampoo Refill 1000ml","<div class=""relative default font-sans text-base text-textMain dark:text-textMainDark selection:bg-super/50 selection:text-textMain dark:selection:bg-superDuper/10 dark:selection:text-superDark"">\n<div class=""min-w-0 break-words [word-break:break-word]"">\n<div id=""markdown-content-0"" class=""gap-y-md flex flex-col"" dir=""auto"">\n<div class=""relative"">\n<div class=""prose text-pretty dark:prose-invert inline leading-normal break-words min-w-0 [word-break:break-word]"">\n<p class=""my-0"">TSUBAKI Premium Volume &amp; Repair Shampoo Refill is a Japanese hair care product designed to create bouncy, voluminous hair from the first use. It penetrates deep into the hair structure, providing moisture to thin, soft hair from the roots. The shampoo features a delightful floral camellia fragrance and delivers a fluffy, voluminous finish that lasts. Ideal for those seeking added body and repair for damaged hair. The gold packaging contains a refill pouch that helps maintain eco-friendly practices.</p>\n\n</div>\n</div>\n</div>\n</div>\n</div>",https://foryoupiece.com/wp-content/uploads/Square-Photoroom31-3.jpg
J2FHD7S5,"Laundrin’ Fabric Softener, Classic Floral Scent 1920ml","<div class=""relative default font-sans text-base text-textMain dark:text-textMainDark selection:bg-super/50 selection:text-textMain dark:selection:bg-superDuper/10 dark:selection:text-superDark"">\n<div class=""min-w-0 break-words [word-break:break-word]"">\n<div id=""markdown-content-0"" class=""gap-y-md flex flex-col"" dir=""auto"">\n<div class=""relative"">\n<div class=""prose text-pretty dark:prose-invert inline leading-normal break-words min-w-0 [word-break:break-word]"">\n<p class=""my-0"">Laundrin' Fabric Softener in Classic Floral scent is a premium Japanese laundry product. This 1920ml refill bottle offers 4x the regular size. It features a luxurious floral fragrance with notes of peach, apple, rose, and musk. The plant-based softener is gentle on skin, suitable for baby clothes, and inhibits static electricity. It prevents odors from indoor drying and reduces dust and pollen adhesion. With organic plant extracts and microplastic-free formula, it's ideal for those seeking eco-friendly, high-quality laundry care.</p>\n\n</div>\n</div>\n</div>\n</div>\n</div>",https://foryoupiece.com/wp-content/uploads/Square-Photoroom30-3.jpg
0KX4PSYP,"Ululis Pinkme Blossom Tea Hair Oil, Sakura Limited Edition, 100ml","<div class=""relative default font-sans text-base text-textMain dark:text-textMainDark selection:bg-super/50 selection:text-textMain dark:selection:bg-superDuper/10 dark:selection:text-superDark"">\n<div class=""min-w-0 break-words [word-break:break-word]"">\n<div id=""markdown-content-0"" class=""gap-y-md flex flex-col"" dir=""auto"">\n<div class=""relative"">\n<div class=""prose text-pretty dark:prose-invert inline leading-normal break-words min-w-0 [word-break:break-word]"">\n<p class=""my-0"">Ululis Pinkme Blossom Tea Hair Oil is a limited edition hair care product from the Japanese brand Ululis. This 100ml hair oil features a delicate daphne tea fragrance, inspired by one of Japan's three most aromatic woods. Formulated with 90% moisturizing and frizz-control ingredients, it contains 10 water-soluble beauty essences that penetrate the hair shaft. The oil is designed to address frizz and unruly hair, leaving strands smooth and manageable. It's best suited for those seeking to control frizz and add moisture to their hair care routine.</p>\n\n</div>\n</div>\n</div>\n</div>\n</div>",https://foryoupiece.com/wp-content/uploads/Square-Photoroom29-3.jpg
6VPY7KUY,"Asahi Perfect Asta Collagen Powder Premium Rich 378g","<div class=""relative default font-sans text-base text-textMain dark:text-textMainDark selection:bg-super/50 selection:text-textMain dark:selection:bg-superDuper/10 dark:selection:text-superDark"">\n<div class=""min-w-0 break-words [word-break:break-word]"">\n<div id=""markdown-content-0"" class=""gap-y-md flex flex-col"" dir=""auto"">\n<div class=""relative"">\n<div class=""prose text-pretty dark:prose-invert inline leading-normal break-words min-w-0 [word-break:break-word]"">\n<p class=""my-0"">Asahi Perfect Asta Collagen Powder Premium Rich is a Japanese beauty supplement designed for easy consumption. It contains 5,500mg of low-molecular-weight and nano collagen per 7.5g serving, along with 16 beauty-enhancing ingredients including placenta extract, hyaluronic acid, and vitamin B complex. The powder dissolves quickly in beverages without altering their taste. Ideal for those seeking to support skin firmness and hydration, this product is suitable for daily use and comes in a 378g package, providing approximately 50 days of supply.</p>\n\n</div>\n</div>\n</div>\n</div>\n</div>",https://foryoupiece.com/wp-content/uploads/Square-Photoroom28-3.jpg
FTR4JC1N,"Ululis Pinkme Water Conc Control Hair Oil 100ml","<div class=""relative default font-sans text-base text-textMain dark:text-textMainDark selection:bg-super/50 selection:text-textMain dark:selection:bg-superDuper/10 dark:selection:text-superDark"">\n<div class=""min-w-0 break-words [word-break:break-word]"">\n<div id=""markdown-content-0"" class=""gap-y-md flex flex-col"" dir=""auto"">\n<div class=""relative"">\n<div class=""prose text-pretty dark:prose-invert inline leading-normal break-words min-w-0 [word-break:break-word]"">\n<p class=""my-0"">Ululis Pinkme Water Conc Control Hair Oil (100ml) is a moisturizing hair treatment designed for frizzy, inner-dry hair. It contains 15% moisture content with over 90% water-soluble moisturizing and repair ingredients, including 10 beauty essence components like hyaluronic acid and ceramide. The oil-free formula penetrates to the hair core, controlling frizz and creating smooth, hydrated hair. Free from sulfates, parabens, and mineral oils, it features an aqua lily scent. Best for those with unruly, dry hair seeking moisture without heaviness. Apply to towel-dried hair, focusing on ends.</p>\n\n</div>\n</div>\n</div>\n</div>\n</div>",https://foryoupiece.com/wp-content/uploads/Square-Photoroom27-2.jpg
VVPWIUA6,"Botanist Treatment Refill, Scalp Cleanse 400ml","<div class=""relative default font-sans text-base text-textMain dark:text-textMainDark selection:bg-super/50 selection:text-textMain dark:selection:bg-superDuper/10 dark:selection:text-superDark"">\n<div class=""min-w-0 break-words [word-break:break-word]"">\n<div id=""markdown-content-0"" class=""gap-y-md flex flex-col"" dir=""auto"">\n<div class=""relative"">\n<div class=""prose text-pretty dark:prose-invert inline leading-normal break-words min-w-0 [word-break:break-word]"">\n<p class=""my-0"">BOTANIST Botanical Treatment Scalp Cleanse is a 400g refill pack designed to promote healthy, refreshed scalp and hair. This silicone-free, paraben-free formula contains a nano-plant beauty serum with two types of birch water, sugar cane molasses, and macadamia nut oil that provides triple care: scalp care, moisture, and damage repair. With a refreshing grapefruit and sage fragrance, it's ideal for those with oily scalps or those seeking to maintain a clean, healthy scalp environment. The product boasts a 96% natural ingredient index.</p>\n\n</div>\n</div>\n</div>\n</div>\n</div>",https://foryoupiece.com/wp-content/uploads/Square-Photoroom26-3.jpg
G9Y31ZZM,"TSUBAKI Premium Volume & Repair Shampoo Treatment Set","<div class=""relative default font-sans text-base text-textMain dark:text-textMainDark selection:bg-super/50 selection:text-textMain dark:selection:bg-superDuper/10 dark:selection:text-superDark"">\n<div class=""min-w-0 break-words [word-break:break-word]"">\n<div id=""markdown-content-1"" class=""gap-y-md flex flex-col"" dir=""auto"">\n<div class=""relative"">\n<div class=""prose text-pretty dark:prose-invert inline leading-normal break-words min-w-0 [word-break:break-word]"">\n<p class=""my-0"">Shiseido Tsubaki Premium Volume &amp; Repair is a salon-inspired Japanese hair care set featuring advanced camellia oil technology. This dual-action formula repairs damaged hair from surface to core while adding volume and bounce from the roots. Enriched with royal jelly extract, soybean protein, and amino acids, it removes excess sebum, supports scalp health, and strengthens weak strands. Ideal for flat, damaged, or chemically treated hair, it leaves locks soft, shiny, and voluminous with a delightful floral-fruity fragrance.</p>\n\n</div>\n</div>\n</div>\n</div>\n</div>",https://foryoupiece.com/wp-content/uploads/Square-Photoroom25-3.jpg
8NRDP9KZ,"Skin Vape Insect Repellant Spray Refreshing Citrus Marine Scent 200ml","<div class=""relative default font-sans text-base text-textMain dark:text-textMainDark selection:bg-super/50 selection:text-textMain dark:selection:bg-superDuper/10 dark:selection:text-superDark"">\n<div class=""min-w-0 break-words [word-break:break-word]"">\n<div id=""markdown-content-0"" class=""gap-y-md flex flex-col"" dir=""auto"">\n<div class=""relative"">\n<div class=""prose text-pretty dark:prose-invert inline leading-normal break-words min-w-0 [word-break:break-word]"">\n<p class=""my-0"">Skin Vape is a water-based mosquito repellent spray from Japan that effectively repels mosquitoes, ticks, fleas, and other insects with long-lasting protection. This 200ml bottle features a refreshing Citrus Marine scent without the typical unpleasant smell of insect repellents. It contains 10% repellent ingredients and is formulated with hyaluronic acid for skin hydration. Gentle enough for the whole family, it's suitable for children 6 months and older, pregnant women (12+ weeks), and adults. The spray is easy to apply and provides effective protection for outdoor activities.</p>\n\n</div>\n</div>\n</div>\n</div>\n</div>",https://foryoupiece.com/wp-content/uploads/Square-Photoroom24-3.jpg
YY1YEHSB,"Urumina+ Glossy Keep Mist, Fruity Floral Scent 70ml","<div class=""relative default font-sans text-base text-textMain dark:text-textMainDark selection:bg-super/50 selection:text-textMain dark:selection:bg-superDuper/10 dark:selection:text-superDark"">\n<div class=""min-w-0 break-words [word-break:break-word]"">\n<div id=""markdown-content-0"" class=""gap-y-md flex flex-col"" dir=""auto"">\n<div class=""relative"">\n<div class=""prose text-pretty dark:prose-invert inline leading-normal break-words min-w-0 [word-break:break-word]"">\n<p class=""my-0"">Urumina+ Cool Pure Glow Mist is a Japanese beauty product designed to refresh and protect makeup throughout the day. This 70ml cooling serum mist prevents dryness with micro-moisturizing technology that absorbs quickly even over makeup. It creates a protective barrier against smudging from sebum and friction while providing a natural glow. The fine mist adheres closely to skin without stickiness, offering an instant cooling sensation that's especially refreshing in summer or while wearing masks. Features a light, pleasant fruity floral scent.</p>\n\n</div>\n</div>\n</div>\n</div>\n</div>",https://foryoupiece.com/wp-content/uploads/Square-Photoroom23-3.jpg
JNRIZLA1,"Body Fantasies Body Mist, French Pear 50ml","<div class=""relative default font-sans text-base text-textMain dark:text-textMainDark selection:bg-super/50 selection:text-textMain dark:selection:bg-superDuper/10 dark:selection:text-superDark"">\n<div class=""min-w-0 break-words [word-break:break-word]"">\n<div id=""markdown-content-0"" class=""gap-y-md flex flex-col"" dir=""auto"">\n<div class=""relative"">\n<div class=""prose text-pretty dark:prose-invert inline leading-normal break-words min-w-0 [word-break:break-word]"">\n<p class=""my-0"">Body Fantasies Body Spray in French Pear is a light, refreshing fragrance featuring the scent of La France pears surrounded by white freesia. This 50ml portable spray offers a clean, sophisticated aroma that's neither too sweet nor too sharp. Perfect for everyday use, it provides a quick fragrance refresh with just a spritz. The scent is described as having a juicy pear note with subtle floral undertones, making it ideal for those who prefer a fresh, fruity fragrance with good balance and understated elegance.</p>\n\n</div>\n</div>\n</div>\n</div>\n</div>",https://foryoupiece.com/wp-content/uploads/Square-Photoroom22-3.jpg
RE7POMZ4,"The Retinotime Wrinkle Lip Essence Plumper, Red Color","<div class=""relative default font-sans text-base text-textMain dark:text-textMainDark selection:bg-super/50 selection:text-textMain dark:selection:bg-superDuper/10 dark:selection:text-superDark"">\n<div class=""min-w-0 break-words [word-break:break-word]"">\n<div id=""markdown-content-0"" class=""gap-y-md flex flex-col"" dir=""auto"">\n<div class=""relative"">\n<div class=""prose text-pretty dark:prose-invert inline leading-normal break-words min-w-0 [word-break:break-word]"">\n<p class=""my-0"">The Retinotime Wrinkle Lip Essence Plumper in Sheer Red is a Japanese lip care product designed to moisturize and plump the lips. It contains niacinamide, retinol, and hyaluronic acid for anti-aging benefits. The essence provides a sheer red tint, enhancing natural lip color while offering a cooling sensation. This product is best suited for those seeking a multi-functional lip treatment that combines color, hydration, and anti-aging properties in one application. It's particularly effective for addressing dry, lined lips and improving overall lip appearance.</p>\n\n</div>\n</div>\n</div>\n</div>\n</div>",https://foryoupiece.com/wp-content/uploads/Square-Photoroom21-3.jpg
TR8RMUVT,"The Retinotime Wrinkle Lip Essence Plumper, Pink Color","<div class=""relative default font-sans text-base text-textMain dark:text-textMainDark selection:bg-super/50 selection:text-textMain dark:selection:bg-superDuper/10 dark:selection:text-superDark"">\n<div class=""min-w-0 break-words [word-break:break-word]"">\n<div id=""markdown-content-1"" class=""gap-y-md flex flex-col"" dir=""auto"">\n<div class=""relative"">\n<div class=""prose text-pretty dark:prose-invert inline leading-normal break-words min-w-0 [word-break:break-word]"">\n<p class=""my-0"">The Retinotime Wrinkle Lip Essence Plumper is a lip treatment with plumping effects that creates fuller, bouncy lips. This light pink formula delivers a pleasant cooling sensation without intense tingling. Containing niacinamide, retinol palmitate, and hyaluronic acid, it moisturizes deeply while reducing fine lines. The smooth texture provides long-lasting hydration without stickiness. Perfect for daily use as a lip treatment or lipstick base, it adds a natural hint of color and subtle volume for healthier-looking lips.</p>\n\n</div>\n</div>\n</div>\n</div>\n</div>",https://foryoupiece.com/wp-content/uploads/Square-Photoroom20-3.jpg
ZEOLUQT5,"The Retinotime Wrinkle Lip Essence Plumper, Clear Type","<div class=""relative default font-sans text-base text-textMain dark:text-textMainDark selection:bg-super/50 selection:text-textMain dark:selection:bg-superDuper/10 dark:selection:text-superDark"">\n<div class=""min-w-0 break-words [word-break:break-word]"">\n<div id=""markdown-content-1"" class=""gap-y-md flex flex-col"" dir=""auto"">\n<div class=""relative"">\n<div class=""prose text-pretty dark:prose-invert inline leading-normal break-words min-w-0 [word-break:break-word]"">\n<p class=""my-0"">The Retinotime Wrinkle Lip Essence Plumper Sheer Red is a Japanese lip treatment that combines skincare and cosmetic benefits. This limited-edition lip essence contains niacinamide, retinol, and hyaluronic acid to deeply moisturize while creating plumper-looking lips. The formula features a thick beauty serum layer that adheres to lip contours, providing a cooling sensation and a natural sheer red tint. Perfect for those seeking to address dry lips while adding subtle color. Ideal for mature lips needing both care and enhancement.</p>\n\n</div>\n</div>\n</div>\n</div>\n</div>",https://foryoupiece.com/wp-content/uploads/Square-Photoroom19-3.jpg
TL54C7VH,"Ululis Vita C Water Conc Ex Repair Hair Oil 100ml","<div class=""relative default font-sans text-base text-textMain dark:text-textMainDark selection:bg-super/50 selection:text-textMain dark:selection:bg-superDuper/10 dark:selection:text-superDark"">\n<div class=""min-w-0 break-words [word-break:break-word]"">\n<div id=""markdown-content-2"" class=""gap-y-md flex flex-col"" dir=""auto"">\n<div class=""relative"">\n<div class=""prose text-pretty dark:prose-invert inline leading-normal break-words min-w-0 [word-break:break-word]"">\n<p class=""my-0"">Ululis Vita.C Water Conc EX Repair Hair Oil is a lightweight hair treatment that deeply hydrates and repairs damaged hair from within. Featuring water-soluble vitamin ingredients and collagen, it nourishes hair cells while protecting the cuticle. The non-greasy formula adds shine and softness without weighing hair down. With a refreshing sweet orange scent and silicone-free formulation, it's ideal for those with dry, damaged, or color-treated hair seeking manageability and smoothness. Perfect for daily use after towel-drying.</p>\n\n</div>\n</div>\n</div>\n</div>\n</div>",https://foryoupiece.com/wp-content/uploads/Square-Photoroom18-3.jpg
6GATLUMU,"CANMAKE Petit Pallete Eyes 02 Romantic Fog","<div class=""relative default font-sans text-base text-textMain dark:text-textMainDark selection:bg-super/50 selection:text-textMain dark:selection:bg-superDuper/10 dark:selection:text-superDark"">\n<div class=""min-w-0 break-words [word-break:break-word]"">\n<div id=""markdown-content-2"" class=""gap-y-md flex flex-col"" dir=""auto"">\n<div class=""relative"">\n<div class=""prose text-pretty dark:prose-invert inline leading-normal break-words min-w-0 [word-break:break-word]"">\n<p class=""my-0"">CANMAKE Petit Palette Eyes (Matte Type) M02 Romantic Fog is a compact 8-shade eyeshadow palette featuring bluish-pink tones that create both cute and chic looks. Seven matte shades and one glitter shade allow for versatile eye makeup styles. The palette includes a double-ended applicator and is designed to be ultra-portable for on-the-go touch-ups. Its smooth, dewy powder formula spreads evenly, doesn't look cakey, and maintains a beautiful finish for hours. Perfect for makeup lovers who want multiple shades in a purse-friendly size.</p>\n\n</div>\n</div>\n</div>\n</div>\n</div>",https://foryoupiece.com/wp-content/uploads/Square-Photoroom15-2.jpg
XMBFWEV0,"Quality 1st The Derma Mask 7 Sheets","<div class=""relative default font-sans text-base text-textMain dark:text-textMainDark selection:bg-super/50 selection:text-textMain dark:selection:bg-superDuper/10 dark:selection:text-superDark"">\n<div class=""min-w-0 break-words [word-break:break-word]"">\n<div id=""markdown-content-0"" class=""gap-y-md flex flex-col"" dir=""auto"">\n<div class=""relative"">\n<div class=""prose text-pretty dark:prose-invert inline leading-normal break-words min-w-0 [word-break:break-word]"">\n<p class=""my-0"">Quality 1st The Derma Mask is a high-moisture sheet mask pack containing 7 sheets. It features 4% niacinamide, galactomyces ferment filtrate, 11 amino acids, and 6 types of ceramides. The mask is designed to provide intense hydration, improve skin firmness, and soften old keratin around pores. It's suitable for daily use, offering all-in-one care for moisture, elasticity, and radiance in just 3 minutes. This product is ideal for those seeking quick, effective skincare with multiple benefits, particularly for hydration and skin texture improvement.</p>\n\n</div>\n</div>\n</div>\n</div>\n</div>",https://foryoupiece.com/wp-content/uploads/Square-Photoroom14-2.jpg
AEMX6ATN,"LuLuLun Precious Balance Mask 7 Sheets","<div class=""relative default font-sans text-base text-textMain dark:text-textMainDark selection:bg-super/50 selection:text-textMain dark:selection:bg-superDuper/10 dark:selection:text-superDark"">\n<div class=""min-w-0 break-words [word-break:break-word]"">\n<div id=""markdown-content-0"" class=""gap-y-md flex flex-col"" dir=""auto"">\n<div class=""relative"">\n<div class=""prose text-pretty dark:prose-invert inline leading-normal break-words min-w-0 [word-break:break-word]"">\n<p class=""my-0"">LuLuLun Precious Balance (Green) is a Japanese face mask designed for mature, fluctuating skin. This daily-use sheet mask contains plant-derived oil L22 to replicate the sebum balance of 22-year-old skin, along with ceramides, β-glucan, and natural peptides. It aims to restore balance, hydrate, and improve skin elasticity. The ultra-thick, three-layer sheet ensures optimal absorption of the essence. Fragrance-free, colorant-free, and alcohol-free, it's suitable for sensitive skin types. Best for those seeking to maintain skin balance and combat signs of aging.</p>\n\n</div>\n</div>\n</div>\n</div>\n</div>",https://foryoupiece.com/wp-content/uploads/Square-Photoroom13-2.jpg
3OGWHZZ8,"Nihon Yakken Kazuhana Tea Plus 20 Bags","<div class=""relative default font-sans text-base text-textMain dark:text-textMainDark selection:bg-super/50 selection:text-textMain dark:selection:bg-superDuper/10 dark:selection:text-superDark"">\n<div class=""min-w-0 break-words [word-break:break-word]"">\n<div id=""markdown-content-0"" class=""gap-y-md flex flex-col"" dir=""auto"">\n<div class=""relative"">\n<div class=""prose text-pretty dark:prose-invert inline leading-normal break-words min-w-0 [word-break:break-word]"">\n<p class=""my-0"">Nihon Yakken Kuzu Hana Cha Plus is a functional Japanese green tea product that contains isoflavones derived from kudzu flowers. This tea is designed to help reduce body weight and abdominal fat (both visceral and subcutaneous) for those who are slightly overweight. It features a refreshing blend of Japanese green tea that pairs well with meals. The tea comes in convenient single-serving tea bags that can be prepared with either hot or cold water, making it suitable for any season. Contains no artificial flavors, sweeteners, or colorings.</p>\n\n</div>\n</div>\n</div>\n</div>\n</div>",https://foryoupiece.com/wp-content/uploads/Square-Photoroom12-2.jpg
XAYLHOA9,"Breath Care Peach, 50 tablets","<div class=""relative default font-sans text-base text-textMain dark:text-textMainDark selection:bg-super/50 selection:text-textMain dark:selection:bg-superDuper/10 dark:selection:text-superDark"">\n<div class=""min-w-0 break-words [word-break:break-word]"">\n<div id=""markdown-content-0"" class=""gap-y-md flex flex-col"" dir=""auto"">\n<div class=""relative"">\n<div class=""prose text-pretty dark:prose-invert inline leading-normal break-words min-w-0 [word-break:break-word]"">\n<p class=""my-0"">Breath Care Peach is a breath freshening product by Kobayashi Pharmaceutical containing 50 capsules. These capsules are designed to be swallowed with water, delivering refreshing ingredients (menthol and parsley oil) directly to your stomach to combat bad breath from within. Particularly effective after consuming strong-smelling foods like garlic or drinking alcohol. The recommended dosage is 2-3 capsules per use, with a pleasant peach flavor. This portable breath refresher allows you to enjoy social situations without worrying about bad breath.</p>\n\n</div>\n</div>\n</div>\n</div>\n</div>",https://foryoupiece.com/wp-content/uploads/Square-Photoroom11-2.jpg
TEL75WS7,"REVLON Kiss Lip Sugar Scrub, Sugar Mint 331","<div class=""relative default font-sans text-base text-textMain dark:text-textMainDark selection:bg-super/50 selection:text-textMain dark:selection:bg-superDuper/10 dark:selection:text-superDark"">\n<div class=""min-w-0 break-words [word-break:break-word]"">\n<div id=""markdown-content-0"" class=""gap-y-md flex flex-col"" dir=""auto"">\n<div class=""relative"">\n<div class=""prose text-pretty dark:prose-invert inline leading-normal break-words min-w-0 [word-break:break-word]"">\n<p class=""my-0"">The Revlon Kiss Exfoliating Lip Balm in Sugar Mint (shade 331) is a dual-action lip care product. It features sugar crystals that gently exfoliate dry, flaky skin while melting into the lips. The balm is infused with natural fruit oils, providing 24-hour moisture. This clear balm has a refreshing mint flavor and can be used anytime for instant smoothing and hydration. It's ideal as a prep step before applying lip color or as a standalone treatment for softer, more supple lips.</p>\n\n</div>\n</div>\n</div>\n</div>\n</div>",https://foryoupiece.com/wp-content/uploads/Square-Photoroom10-2.jpg
XBF8O7ZJ,"Ora2 Mouth Spray, Raspberry Mint 6ml","<div class=""relative default font-sans text-base text-textMain dark:text-textMainDark selection:bg-super/50 selection:text-textMain dark:selection:bg-superDuper/10 dark:selection:text-superDark"">\n<div class=""min-w-0 break-words [word-break:break-word]"">\n<div id=""markdown-content-0"" class=""gap-y-md flex flex-col"" dir=""auto"">\n<div class=""relative"">\n<div class=""prose text-pretty dark:prose-invert inline leading-normal break-words min-w-0 [word-break:break-word]"">\n<p class=""my-0"">Ora2 Me Mouth Spray in Raspberry Mint is a pocket-sized breath freshener designed for quick oral care on the go. This 6ml spray contains l-menthol that kills bacteria causing bad breath, instantly providing a clean, refreshing feeling with just a few spritzes. The sweet raspberry mint flavor makes it perfect for pre-date etiquette or whenever breath freshness is needed. Ideal for carrying in purses or pencil cases, this compact spray offers convenient breath refreshment between brushings when oral bacteria naturally increase.</p>\n\n</div>\n</div>\n</div>\n</div>\n</div>",https://foryoupiece.com/wp-content/uploads/Square-Photoroom9-2.jpg
AT4CQG1M,"Ora2 Mouth Spray, Muscat Mint 6ml","<div class=""relative default font-sans text-base text-textMain dark:text-textMainDark selection:bg-super/50 selection:text-textMain dark:selection:bg-superDuper/10 dark:selection:text-superDark"">\n<div class=""min-w-0 break-words [word-break:break-word]"">\n<div id=""markdown-content-0"" class=""gap-y-md flex flex-col"" dir=""auto"">\n<div class=""relative"">\n<div class=""prose text-pretty dark:prose-invert inline leading-normal break-words min-w-0 [word-break:break-word]"">\n<p class=""my-0"">Ora2 Me Mouth Spray Muscat Mint 6ml is a portable breath freshener from Sunstar that instantly eliminates bad breath with its antibacterial L-menthol formula. This Japanese oral care product comes in a compact, stylish design that's easy to carry. Perfect for after meals, before meetings, after smoking or drinking, or whenever breath freshness is a concern. The refreshing muscat mint flavor provides a quick breath refresh with just 2-3 sprays. Ideal for on-the-go use when brushing teeth isn't possible.</p>\n\n</div>\n</div>\n</div>\n</div>\n</div>",https://foryoupiece.com/wp-content/uploads/Square-Photoroom8-2.jpg
QJWS28WA,"CEZANNE Pearl Glow Highlight 04 Shell Pink","<div class=""relative default font-sans text-base text-textMain dark:text-textMainDark selection:bg-super/50 selection:text-textMain dark:selection:bg-superDuper/10 dark:selection:text-superDark"">\n<div class=""min-w-0 break-words [word-break:break-word]"">\n<div id=""markdown-content-0"" class=""gap-y-md flex flex-col"" dir=""auto"">\n<div class=""relative"">\n<div class=""prose text-pretty dark:prose-invert inline leading-normal break-words min-w-0 [word-break:break-word]"">\n<p class=""my-0"">CEZANNE Pearl Glow Highlight 04 Shell Pink is a Japanese highlighting powder that creates a luminous, wet-looking shine without glitter. This shade offers a gentle pink hue reminiscent of light reflecting off a seashell, adding subtle warmth and dimension to the skin. Formulated with high-intensity pearl particles that fill in skin texture and blend seamlessly, it contains skincare ingredients including hyaluronic acid, lavender, chamomile, and rosemary extracts. Ideal for brightening dull areas and adding dimension to the face, it's particularly suitable for cool-neutral skin tones and perfect for adding a touch of color when wearing masks.</p>\n\n</div>\n</div>\n</div>\n</div>\n</div>",https://foryoupiece.com/wp-content/uploads/Square-Photoroom7-2.jpg
RIIDHJ6N,"CEZANNE Pearl Glow Highlight 02 Rose Beige","<div class=""relative default font-sans text-base text-textMain dark:text-textMainDark selection:bg-super/50 selection:text-textMain dark:selection:bg-superDuper/10 dark:selection:text-superDark"">\n<div class=""min-w-0 break-words [word-break:break-word]"">\n<div id=""markdown-content-1"" class=""gap-y-md flex flex-col"" dir=""auto"">\n<div class=""relative"">\n<div class=""prose text-pretty dark:prose-invert inline leading-normal break-words min-w-0 [word-break:break-word]"">\n<p class=""my-0"">CEZANNE Pearl Glow Highlight 02 Rose Beige is a luminous powder highlighter that creates a natural wet-looking glow. Its high-intensity pearls make skin appear radiant as if illuminated from within. The subtle pink-beige shade blends seamlessly with skin, brightening dark areas and adding dimension to the face. Enriched with hyaluronic acid and botanical extracts (lavender, chamomile, and rosemary), it provides skincare benefits while enhancing your complexion. Perfect for everyday use on cheekbones, T-zone, and under-eye areas for a sophisticated, dewy finish.</p>\n\n</div>\n</div>\n</div>\n</div>\n</div>",https://foryoupiece.com/wp-content/uploads/Square-Photoroom6-2.jpg
DLYZPZMD,"CEZANNE Pearl Glow Highlight 01 Champagne Gold","<div class=""relative default font-sans text-base text-textMain dark:text-textMainDark selection:bg-super/50 selection:text-textMain dark:selection:bg-superDuper/10 dark:selection:text-superDark"">\n<div class=""min-w-0 break-words [word-break:break-word]"">\n<div id=""markdown-content-0"" class=""gap-y-md flex flex-col"" dir=""auto"">\n<div class=""relative"">\n<div class=""prose text-pretty dark:prose-invert inline leading-normal break-words min-w-0 [word-break:break-word]"">\n<p class=""my-0"">CEZANNE Pearl Glow Highlight 01 Champagne Beige is a Japanese highlighter that creates a luminous, wet-looking glow with high-intensity pearls. It fills in skin texture for a smooth appearance while providing long-lasting radiance. Infused with beauty serum ingredients including hyaluronic acid and botanical extracts (lavender, chamomile, rosemary), it keeps skin moisturized throughout the day. Free from fragrance, mineral oils, tar-based colorants, and alcohol. Best for those wanting a natural-looking highlight with skincare benefits that blends seamlessly with the skin.</p>\n\n</div>\n</div>\n</div>\n</div>\n</div>",https://foryoupiece.com/wp-content/uploads/Square-Photoroom4-1.jpg
19PM4ASW,"CEZANNE Pearl Glow Highlight 03 Aurora Mint","<div class=""relative default font-sans text-base text-textMain dark:text-textMainDark selection:bg-super/50 selection:text-textMain dark:selection:bg-superDuper/10 dark:selection:text-superDark"">\n<div class=""min-w-0 break-words [word-break:break-word]"">\n<div id=""markdown-content-0"" class=""gap-y-md flex flex-col"" dir=""auto"">\n<div class=""relative"">\n<div class=""prose text-pretty dark:prose-invert inline leading-normal break-words min-w-0 [word-break:break-word]"">\n<p class=""my-0"">CEZANNE Pearl Glow Highlight 03 Aurora Mint is a Japanese highlighter that creates a dewy, wet-look glow with high-intensity pearls. This mint-colored highlighter contains three types of iridescent pearls (red, blue, and green) that give skin a natural transparency and radiant finish. It's described as a ""wearable reflector"" that brightens dullness and dark circles while adding dimension to the face. Formulated with skincare ingredients including hyaluronic acid and botanical extracts, it's particularly suitable for cool-toned and fair skin types. The finely-milled powder fills in skin texture for a smooth, long-lasting luminosity.</p>\n\n</div>\n</div>\n</div>\n</div>\n</div>",https://foryoupiece.com/wp-content/uploads/Square-Photoroom3-2.jpg
CDWFSGJA,"&Honey Milky Precious Ex Repair Set, Chiikawa Limited Edition, [Shampoo/Treatment/4 Step Travel Kits]","This is the &amp;honey Milky Precious EX Repair Set featuring a limited-edition Chiikawa collaboration design. The set includes a 500ml shampoo, 500g hair treatment, and a 4-step travel kit. Released on January 29, 2025, it features special apple honey fragrance with Chiikawa characters in a bee motif. The premium haircare products contain high-purity honey for intensive damage repair and moisture. This limited-quantity collection combines the popular Chiikawa characters by illustrator Nagano with &amp;honey's top-selling honey-based cosmetics, perfect for those wanting both cute packaging and effective hair treatment.",https://foryoupiece.com/wp-content/uploads/Square-Photoroom2-2.jpg
AL2AAZNR,"Premium Aroma, Mimosa, Room Fragrance 400ml","<div class=""relative default font-sans text-base text-textMain dark:text-textMainDark selection:bg-super/50 selection:text-textMain dark:selection:bg-superDuper/10 dark:selection:text-superDark"">\n<div class=""min-w-0 break-words [word-break:break-word]"">\n<div id=""markdown-content-0"" class=""gap-y-md flex flex-col"" dir=""auto"">\n<div class=""relative"">\n<div class=""prose text-pretty dark:prose-invert inline leading-normal break-words min-w-0 [word-break:break-word]"">\n<div class=""relative default font-sans text-base text-textMain dark:text-textMainDark selection:bg-super/50 selection:text-textMain dark:selection:bg-superDuper/10 dark:selection:text-superDark"">\n<div class=""min-w-0 break-words [word-break:break-word]"">\n<div id=""markdown-content-0"" class=""gap-y-md flex flex-col"" dir=""auto"">\n<div class=""relative"">\n<div class=""prose text-pretty dark:prose-invert inline leading-normal break-words min-w-0 [word-break:break-word]"">\n<p class=""my-0"">This is a ""Shoshu-ryoku Premium Aroma"" room fragrance in Mimosa scent by Estée. It's a limited-edition seasonal air freshener and deodorizer that captures the light, refreshing feeling of spring. The product features nanopowder technology that quickly absorbs odors while releasing a sophisticated mimosa floral fragrance with green and lily of the valley notes. The scent lasts 2-3 months, with adjustable intensity via the cap. Ideal for living rooms, entryways, and creating an uplifting, hopeful atmosphere in your home.</p>\n\n</div>\n</div>\n</div>\n</div>\n</div>\n</div>\n</div>\n</div>\n</div>\n</div>",https://foryoupiece.com/wp-content/uploads/Square-Photoroom1-3.jpg
OA6SUHEV,"VT Reedle Shot Exosome Reti-A Face Mask 7 Sheets","<div class=""prose text-pretty dark:prose-invert inline leading-normal break-words min-w-0 [word-break:break-word]"">\n<p class=""my-0"">VT Reedle Shot Exosome Reti-A Face Mask is a 7-day intensive sheet mask treatment from VT Cosmetics, combining micro-needle technology (Reedle S), exosomes, retinol, CICA, and peptides. It delivers deep hydration, improves skin texture, tightens pores, and boosts elasticity without irritation. The mask is best for those seeking smoother, firmer, and more radiant skin, especially if you have concerns about dryness, visible pores, or early signs of aging. Suitable for all skin types, including sensitive skin.</p>\n\n</div>",https://foryoupiece.com/wp-content/uploads/Square-Photoroom103-1.jpg
DQCREXFP,"VT Reedle Shot Exosome VC Face Mask 7 Sheets",,https://foryoupiece.com/wp-content/uploads/Square-Photoroom103-1.jpg
MLOGNZNF,"VT Reedle Shot Exosome Peptide Face Mask 7 Sheets","<div class=""prose text-pretty dark:prose-invert inline leading-normal break-words min-w-0 [word-break:break-word]"">\n<p class=""my-0"">VT Reedle Shot Exosome Peptide Face Mask (7 sheets) is a Japanese sheet mask designed for intensive skin care. Infused with exosomes, peptides, and hydrating ingredients, it helps refine pores, boost skin elasticity, and deeply moisturize for a plump, smooth complexion. The mask is gentle, suitable for dry, sensitive, or combination skin, and ideal for those seeking visible pore tightening and enhanced skin texture. Best used after cleansing and toner, leaving on for 10–20 minutes for optimal results.</p>\n\n</div>",https://foryoupiece.com/wp-content/uploads/Square-Photoroom104-1.jpg
AA620CT2,"Honeyque Rich Gloss, Shampoo Treatment Hair Mist Set, Grapefruit Scent","<div class=""prose text-pretty dark:prose-invert inline leading-normal break-words min-w-0 [word-break:break-word]"">\n<p class=""my-0"">Honeyque Rich Gloss Shampoo, Treatment &amp; Hair Mist Set (Grapefruit Scent) is a Japanese limited-edition hair care kit designed for smooth, glossy, and hydrated hair. Infused with organic manuka honey and three types of collagen, it repairs and moisturizes damaged hair from within, leaving it shiny and manageable. The fresh grapefruit fragrance provides a refreshing wash. Best for those seeking lightweight moisture, frizz control, and a silky finish—ideal for fine to normal hair or anyone who loves a juicy citrus scent.</p>\n\n</div>",https://foryoupiece.com/wp-content/uploads/Square-Photoroom105-1.jpg
WRSSZTP2,"Ululis Vita. C Water Conc Ex Repair Triple Set, Shampoo Treatment Hair Mask","<div class=""prose text-pretty dark:prose-invert inline leading-normal break-words min-w-0 [word-break:break-word]"">\n<p class=""my-0"">Ululis Vita.C Water Conc EX Repair Triple Set is a Japanese hair care kit featuring shampoo, treatment, and a hair mask. Formulated with over 90% water-soluble repair and moisturizing ingredients, plus advanced vitamin C derivatives, it deeply hydrates and repairs damaged, nutrient-deficient hair. The unique dual-layer bottle preserves freshness and potency. Best suited for those with dry, damaged, or brittle hair seeking intense moisture, shine, and a smooth, healthy finish with a light fruity scent.</p>\n\n</div>",https://foryoupiece.com/wp-content/uploads/Square-Photoroom100-2.jpg
XG6TI25Q,"Pigeon Baby Foam Soap, Baby Flower Scent, (500 ml)","Pigeon Baby Foam Soap Baby Flower Scent (500 ml) is a gentle, foaming body soap designed for newborns and infants. It features a soft baby flower fragrance and contains moisturizing ingredients similar to a baby’s natural skin barrier, such as ceramide NP and phytosteryl isostearate. The formula is weakly acidic, additive-free, and free from parabens and alcohol, making it ideal for sensitive skin. Best suited for daily use on babies’ entire bodies, including the face, from birth onward",https://foryoupiece.com/wp-content/uploads/Square-Photoroom101-1.jpg
X42DWPL0,"pia jour Delicate Zone, Women's Body Wash (400 ml)","<div class=""prose text-pretty dark:prose-invert inline leading-normal break-words min-w-0 [word-break:break-word]"">\n<p class=""my-0"">Club Suppin Powder Whitening is a Japanese skincare powder that doesn't require face washing and can be worn overnight. This innovative product contains Vitamin C derivatives that help prevent melanin production and dark spots. The fine powder creates a transparent, bright complexion while absorbing excess oil for a matte finish. It conceals pores and uneven skin tone, and includes blue light protection and moisturizing ingredients. Perfect for those seeking a natural ""bare-faced"" look with skincare benefits. Best for busy individuals wanting simplified skincare with brightening effects.</p>\n\n</div>",https://foryoupiece.com/wp-content/uploads/Square-Photoroom102-1.jpg
O6VBW586,"Club Suppin Powder, Whitening, Innocent Floral Scent",,https://foryoupiece.com/wp-content/uploads/Square-Photoroom93-1.jpg
39RFG4CR,"BODY FANTASIES Spray, Baby Shampoo Scent (59 ml)",,https://foryoupiece.com/wp-content/uploads/Square-Photoroom94-2.jpg
EH8T2U8X,"FIANCEE Perfume de Toilette Pure Mellow Shampoo 50ml",,https://foryoupiece.com/wp-content/uploads/Square-Photoroom95-1.jpg
FDZN9EN4,"Nivea UV Water Gel SPF50 140g + Tester",,https://foryoupiece.com/wp-content/uploads/Square-Photoroom96-1.jpg
PS97HY4I,"Replica Notes Fabric Mist, Feminine Flower, 300ml",,https://foryoupiece.com/wp-content/uploads/Square-Photoroom97.jpg
I34W7L9V,"Kundal Premium Hair Care Special Set Shampoo Treatment, Baby Powder, 500ml x2","<div class=""prose text-pretty dark:prose-invert inline leading-normal break-words min-w-0 [word-break:break-word]"">\n<p class=""my-0"">Kundal Premium Hair Care Special Set (Baby Powder, 500ml x2) includes a nourishing shampoo and treatment infused with honey and macadamia extracts. This set is designed to gently cleanse and deeply moisturize hair, leaving it soft, smooth, and delicately scented with a fresh baby powder fragrance. Ideal for all hair types, especially dry or damaged hair, it is perfect for those seeking daily hydration, shine, and a soothing, long-lasting scent in their hair care routine.</p>\n\n</div>",https://foryoupiece.com/wp-content/uploads/Square-Photoroom98-1.jpg
V0J8UVLB,"Kundal Premium Hair Care Special Set Shampoo Treatment, White Musk, 500ml x2","<div class=""prose text-pretty dark:prose-invert inline leading-normal break-words min-w-0 [word-break:break-word]"">\n<p class=""my-0"">Kundal Premium Hair Care Special Set (White Musk) includes a 500ml shampoo and 500ml treatment, both enriched with honey and macadamia extracts. This set gently cleanses and deeply nourishes hair, leaving it soft, shiny, and manageable. The subtle white musk and floral scent provides a fresh, elegant fragrance. Ideal for daily use, it suits all hair types, especially those seeking moisture, smoothness, and a luxurious scent experience. Perfect for anyone wanting salon-quality care at home.</p>\n\n</div>",https://foryoupiece.com/wp-content/uploads/Square-Photoroom99-1.jpg
YQYPG8G9,"White Conc Body Gommage, Body Scrub, 180g",,https://foryoupiece.com/wp-content/uploads/Square-Photoroom88-1.jpg
S82EVKLB,"ULRUB Fragrance Body Scrub 460g",,https://foryoupiece.com/wp-content/uploads/Square-Photoroom89-1.jpg
K9UWMLCM,"Quality 1st Derma Laser Super VC100 Mask 7 Sheets",,https://foryoupiece.com/wp-content/uploads/Square-Photoroom90-1.jpg
NFTB3RMG,"Dove Body Scrub Creamy Midnight Lavender 298g","<div class=""prose text-pretty dark:prose-invert inline leading-normal break-words min-w-0 [word-break:break-word]"">\n<p class=""my-0"">Dove Creamy Scrub Midnight Lavender is a luxurious 298g body exfoliant with a whipped cream-like texture that gently removes dead skin cells while deeply moisturizing. Formulated with silica scrub particles and high-moisture milk ingredients that penetrate deep into the skin's surface layers. The soothing lavender fragrance creates a relaxing spa-like experience. This sulfate-free scrub leaves skin silky smooth and hydrated without feeling tight or dry. Perfect for those seeking gentle exfoliation with intense moisture, especially during dry seasons.</p>\n\n</div>",https://foryoupiece.com/wp-content/uploads/Square-Photoroom91-1.jpg
7EWN6B74,"Quality 1st Derma Laser Tea Tree Mask 7 Sheets","<div class=""prose text-pretty dark:prose-invert inline leading-normal break-words min-w-0 [word-break:break-word]"">\n<p class=""my-0"">Quality 1st Derma Laser Tea Tree 100 Super Delivery Mask is a premium sheet mask set containing 7 masks. Formulated with high-concentration tea tree leaf oil and extract, it offers antibacterial and anti-inflammatory benefits. The mask protects skin from dryness and external irritants, preventing roughness. Using nanocapsule technology and a cotton long-fiber sheet for superior adhesion, it delivers ingredients quickly to the skin. Ideal for after-sun care and preventing mask-related skin issues. The product is preservative-free, alcohol-free, and hypoallergenic with a refreshing scent.</p>\n\n</div>",https://foryoupiece.com/wp-content/uploads/Square-Photoroom92-1.jpg
EXOZLQZM,"Nivea Creme Care Body Wash French Rose 480ml","<div class=""prose text-pretty dark:prose-invert inline leading-normal break-words min-w-0 [word-break:break-word]"">\n<p class=""my-0"">Nivea Creme Care Body Wash with French Garden Rose fragrance is a luxurious moisturizing body cleanser from Japan. Featuring Nivea's signature cream formula with lanolin alcohol, glycerin, and shea butter, it creates a rich, cream-like lather that gently cleanses while preserving skin's natural moisture. The body wash leaves skin feeling refreshed yet deeply hydrated after washing. With its elegant rose scent and dual moisturizing technology, this product is ideal for those with dry skin seeking daily hydration, especially during winter months.</p>\n\n</div>",https://foryoupiece.com/wp-content/uploads/Square-Photoroom83-1.jpg
0B9QC7LM,"Ipoddo Tea Matcha Powder, Sayaka 40g","<div class=""prose text-pretty dark:prose-invert inline leading-normal break-words min-w-0 [word-break:break-word]"">\n<p class=""my-0"">Ippodo Tea's Sayaka-no-mukashi (明昔) is a premium Japanese matcha powder in a 40g can. This refined green tea features a balanced profile with pleasant richness, complex flavors, and a hint of spring vegetable bitterness. It offers both umami sweetness and subtle astringency, making it versatile for usucha (thin tea), koicha (thick tea), or lattes. Ideal for matcha beginners and connoisseurs alike, it pairs excellently with bitter chocolate or candied orange peels. The tea is perfect for special occasions or quiet moments of self-indulgence, with a shelf life of 180 days unopened.</p>\n\n</div>",https://foryoupiece.com/wp-content/uploads/Square-Photoroom84-2.jpg
8NL7ISLP,"[Seasonal] Ipoddo Spring Limited, Nodoka 20g Box","<div class=""prose text-pretty dark:prose-invert inline leading-normal break-words min-w-0 [word-break:break-word]"">\n<p class=""my-0"">Nodoka is a special spring-limited matcha from Ippodo Tea, available annually from February until sold out. This 20g box features a design inspired by spring cherry blossoms and tea plants. The matcha offers a balanced flavor profile with pleasant umami, subtle sharpness, and a refreshing aftertaste. Its name means ""serenity"" in Japanese, evoking the warm, peaceful feeling of spring. Versatile enough for both traditional preparation (usucha/koicha) and modern applications like lattes, it pairs well with both Japanese and Western sweets, making it perfect for relaxing tea breaks.</p>\n\n</div>",https://foryoupiece.com/wp-content/uploads/Square-Photoroom85-1.jpg
KE201C1Q,"Ippodo Tea To-go Packets 20g x10","<div class=""prose text-pretty dark:prose-invert inline leading-normal break-words min-w-0 [word-break:break-word]"">\n<p class=""my-0"">Ippodo Tea's Matcha To-Go Packets contain 10 individual 2g packets (20g total) of authentic Japanese matcha powder. These convenient single-serving sachets feature a medium-rich matcha with balanced umami, light astringency, and bright aroma. Perfect for preparing matcha anywhere, they can be whisked traditionally, shaken with cold water in a travel flask, or used in lattes. The versatile matcha pairs well with all sweets and can even be sprinkled over ice cream. Ideal for travelers, matcha beginners, or anyone wanting to enjoy high-quality Japanese matcha on the go.</p>\n\n</div>",https://foryoupiece.com/wp-content/uploads/Square-Photoroom86-1.jpg
AAA9DJ0L,"Breath Care Lemon, 50 Tablets","<div class=""prose text-pretty dark:prose-invert inline leading-normal break-words min-w-0 [word-break:break-word]"">\n<p class=""my-0"">Breath Care Lemon is a breath-freshening capsule product from Kobayashi Pharmaceutical in Japan. These yellow capsules are designed to be swallowed with water, delivering refreshing ingredients (menthol and parsley oil) directly to your stomach to freshen breath from the inside out. Particularly effective after consuming garlic dishes or alcohol, the lemon-flavored capsules come in a portable container with 50 capsules. Take 2-3 capsules at once, or 3-4 when particularly concerned about breath odor. The product doesn't affect blood alcohol concentration and is perfect for social situations requiring fresh breath.</p>\n\n</div>",https://foryoupiece.com/wp-content/uploads/Square-Photoroom107-1.jpg
OYJG8MCQ,"REVLON Kiss Lip Sugar Scrub, Peach 326","<div class=""prose text-pretty dark:prose-invert inline leading-normal break-words min-w-0 [word-break:break-word]"">\n<p class=""my-0"">REVLON x Sanrio Kiss Sugar Scrub Lip Balm (Peach 326) is a limited edition lip care product featuring Sanrio characters. This no-rinse lip scrub gently exfoliates with sugar particles while providing moisture through three natural fruit oils: pomegranate seed oil, raspberry seed oil, and grape seed oil. The sweet, juicy peach-scented balm smooths dry lines and repairs lips. Perfect for daily moisturizing, as a makeup primer, or as an overnight lip mask for those seeking softer, smoother lips with a touch of cute packaging.</p>\n\n</div>",https://foryoupiece.com/wp-content/uploads/Square-Photoroom108-1.jpg
0HX9M8AD,"Meiji Amino Collagen Premium, 28 Days Supply 196g","<div class=""prose text-pretty dark:prose-invert inline leading-normal break-words min-w-0 [word-break:break-word]"">\n<p class=""my-0"">Meiji Amino Collagen Premium is a high-quality Japanese collagen powder supplement containing 5000mg of low-molecular fish collagen peptides per 7g serving. This premium formula includes luxury beauty ingredients such as ceramide, hyaluronic acid, coenzyme Q10, glucosamine, arginine, and vitamin C. Designed for those seeking enhanced moisture and beauty benefits, it dissolves easily in any beverage without altering the taste. The 196g gold package provides a 28-day supply. Ideal for active individuals wanting to support healthy skin, hair, and nails with a premium Japanese beauty supplement.</p>\n\n</div>",https://foryoupiece.com/wp-content/uploads/Square-Photoroom109-1.jpg
BQQNKLAQ,"Ululis Kirameki Water Conc Shiny Triple Set, Shampoo Treatment Hair Mask","<div class=""prose text-pretty dark:prose-invert inline leading-normal break-words min-w-0 [word-break:break-word]"">\n<p class=""my-0"">The Ululis Kirameki Water Conc Shiny Triple Set is a Japanese hair care set featuring shampoo, treatment, and hair mask. Designed for dry, dull, or lackluster hair, it infuses over 90% hydrating and protective ingredients—including beauty water, silk, and collagen—deep into the hair to restore moisture, smooth cuticles, and boost shine. Ideal for those seeking vibrant, glossy hair with a fresh, healthy look, it’s especially effective for hair needing intensive moisture and luster care.</p>\n\n</div>",https://foryoupiece.com/wp-content/uploads/Square-Photoroom110.jpg
X27ONMHT,"Honeyque Deep Repair, Shampoo Treatment Hair Mist Set, Kinmokusei Scent","<div class=""prose text-pretty dark:prose-invert inline leading-normal break-words min-w-0 [word-break:break-word]"">\n<p class=""my-0"">The Honeyque Deep Repair Shampoo, Treatment &amp; Hair Mist Set (Kinmokusei Scent) is a limited-edition Japanese hair care set designed for deep moisture and damage repair. Featuring a shampoo, treatment, and 2-way hair mist, it uses a honey protein formula with organic manuka honey and three types of proteins to strengthen, smooth, and hydrate hair from root to tip. Ideal for dry, frizzy, or damaged hair, it controls humidity, repairs cuticles, and leaves hair soft with a gentle kinmokusei (osmanthus) fragrance.</p>\n\n</div>",https://foryoupiece.com/wp-content/uploads/Square-Photoroom111.jpg
ED209GO5,"Ululis Sakura Water Conc Kirameki Set, Shampoo and Treatment","<div class=""prose text-pretty dark:prose-invert inline leading-normal break-words min-w-0 [word-break:break-word]"">\n<p class=""my-0"">The Ululis Sakura Water Conc Kirameki Set is a Japanese shampoo and treatment duo designed to deeply hydrate and restore shine to dull or dry hair. Featuring over 90% water-based and moisturizing ingredients, it uses a unique water pack formula with 10 types of beauty essences to replenish hair from the inside out. This set is best for those seeking silky, glossy, and manageable hair, especially if you struggle with dryness, frizz, or lackluster shine. Suitable for daily use and gentle on the scalp.</p>\n\n</div>",https://foryoupiece.com/wp-content/uploads/Square-Photoroom112.jpg
ZSNNTAT9,"Nichiban Roihi Tsuboko Cool Patch 156pcs","<div class=""prose text-pretty dark:prose-invert inline leading-normal break-words min-w-0 [word-break:break-word]"">\n<p class=""my-0"">Nichiban Roihi Tsuboko Cool Patch (156pcs) is a Japanese medicated pain relief patch designed for quick, cooling relief of stiff shoulders, lower back pain, joint pain, muscle aches, fatigue, bruises, and sprains. Each small, round (2.8 cm) patch contains methyl salicylate and L-menthol for anti-inflammatory and soothing effects. The discreet, skin-tone plasters are easy to apply, adhere firmly even during movement, and fit comfortably on various body parts, making them ideal for targeted, everyday pain relief.</p>\n\n</div>",https://foryoupiece.com/wp-content/uploads/Square-Photoroom113.jpg
GKT7ED59,"Kose Clear Turn Cica Spot Care Patch 46pcs","<div class=""prose text-pretty dark:prose-invert inline leading-normal break-words min-w-0 [word-break:break-word]"">\n<p class=""my-0"">Kose Clear Turn Cica Spot Care Patch (46pcs) is an ultra-thin (0.05mm), transparent patch designed to discreetly cover and protect acne, pimples, or troubled skin from external irritants like dryness and friction. Infused with Cica (Centella asiatica), BHA (salicylic acid), niacinamide, and coix seed extract, it provides targeted care while helping to reduce redness and absorb pus. The patches come in three sizes and are ideal for anyone seeking gentle, invisible spot treatment-day or night, even under makeup.</p>\n\n</div>",https://foryoupiece.com/wp-content/uploads/Body-Photoroom15.jpg
G199COXR,"White Conc Body Shampoo 360ml","<div class=""prose text-pretty dark:prose-invert inline leading-normal break-words min-w-0 [word-break:break-word]"">\n<p class=""my-0"">White Conc Body Shampoo 360ml is a Japanese medicated body wash designed to gently exfoliate and remove dead skin cells containing melanin, helping to brighten and smooth the skin. Formulated with vitamin C derivatives, licorice extract (glycyrrhizic acid 2K), and natural plant extracts, it supports clear, even-toned, and hydrated skin with a fresh grapefruit scent. Best suited for those seeking to improve dullness or maintain a radiant, smooth, and beautiful complexion, especially for daily use on dry or lackluster skin.</p>\n\n</div>",https://foryoupiece.com/wp-content/uploads/Body-Photoroom14.jpg
BGQHQ3VK,"Beautylabo Intensive Repair Hair Serum Moist & Rich 120ml","<div class=""prose text-pretty dark:prose-invert inline leading-normal break-words min-w-0 [word-break:break-word]"">\n<p class=""my-0"">Beautylabo Intensive Repair Hair Serum Moist &amp; Rich is a leave-in treatment designed for dry, damaged, or color-treated hair. Infused with honey and apricot kernel oil, it deeply moisturizes and repairs hair, leaving it smooth and manageable from root to tip. The serum helps prevent color fading and protects against heat damage, while its non-sticky formula and crystal fruity bouquet fragrance make it pleasant to use. Best suited for those seeking rich hydration and softness for damaged or unruly hair.</p>\n\n</div>",https://foryoupiece.com/wp-content/uploads/Body-Photoroom13.jpg
HEHE82C5,"&Honey Melty Extra Moist Shampoo, Tinkerbell Limited Edition","<div class=""prose text-pretty dark:prose-invert inline leading-normal break-words min-w-0 [word-break:break-word]"">\n<p class=""my-0"">&amp;Honey Melty Extra Moist Shampoo Tinkerbell Limited Edition is a Japanese shampoo designed for deep hydration and frizz control, featuring a charming Tinkerbell-themed bottle. Formulated with over 90% moisturizing and protective ingredients, including honey, royal jelly, and Bulgarian Damask rose water, it delivers rich moisture, smooths hair, and tames waves or unruliness. Best for those seeking soft, manageable, and shiny hair with a sweet, floral Pixie Rose Honey scent, it’s ideal for dry or wavy hair types.</p>\n\n</div>",https://foryoupiece.com/wp-content/uploads/Body-Photoroom12.jpg
PCN16FXO,"&Honey Melty Extra Moist Treatment, Tinkerbell Limited Edition","<div class=""prose text-pretty dark:prose-invert inline leading-normal break-words min-w-0 [word-break:break-word]"">\n<p class=""my-0"">&amp;Honey Melty Extra Moist Treatment, Tinkerbell Limited Edition, is a Japanese hair treatment designed to deeply moisturize and smooth frizzy or wavy hair. Infused with honey, double royal jelly, and nourishing botanical ingredients, it helps control unruly hair, leaving it soft, shiny, and manageable. The formula features a feminine pixie rose honey scent and comes in a charming Tinkerbell-themed bottle, making it ideal for those seeking both effective hydration and a touch of Disney magic in their haircare routine.</p>\n\n</div>",https://foryoupiece.com/wp-content/uploads/Body-Photoroom11.jpg
W6KQ13I9,"Senka Perfect Whip Cleansing Foam, Acne Care, BT21 Collaboration, 120g","<div class=""prose text-pretty dark:prose-invert inline leading-normal break-words min-w-0 [word-break:break-word]"">\n<p class=""my-0"">The SENKA Perfect Whip Acne Care Cleansing Foam BT21 Collaboration (120g) is a limited-edition Japanese facial cleanser featuring adorable BT21 characters. Designed for acne-prone and sensitive skin, it uses micro-beauty foam with salicylic acid and Japanese chamomile extract to deeply cleanse pores, remove impurities, and soothe irritation. Its rich, cushiony lather leaves skin smooth and refreshed. Best suited for those seeking gentle yet effective daily acne care with a fun, collectible design.</p>\n\n</div>",https://foryoupiece.com/wp-content/uploads/Body-Photoroom10.jpg
CNV3C8TB,"Senka Perfect Whip Cleansing Foam, Collagen In, BT21 Collaboration, 120g","<div class=""prose text-pretty dark:prose-invert inline leading-normal break-words min-w-0 [word-break:break-word]"">\n<div class=""prose text-pretty dark:prose-invert inline leading-normal break-words min-w-0 [word-break:break-word]"">\n<p class=""my-0"">Senka Perfect Whip Collagen In BT21 Collaboration is a Japanese facial cleansing foam featuring limited-edition BT21 packaging. Formulated with collagen and four moisturizing ingredients, it deeply cleanses pores while keeping skin soft, hydrated, and firm. The rich, micro-foam texture gently removes dirt and excess oil without stripping moisture, leaving a glossy, smooth finish. Best suited for all skin types, especially those seeking gentle cleansing with added hydration and anti-aging benefits. Ideal for BT21 fans and skincare enthusiasts alike.</p>\n\n</div>\n</div>",https://foryoupiece.com/wp-content/uploads/Body-Photoroom9.jpg
JWJNU6PI,"Senka Perfect Whip Cleansing Foam, Dense Foam, BT21 Collaboration, 120g","<div class=""prose text-pretty dark:prose-invert inline leading-normal break-words min-w-0 [word-break:break-word]"">\n<p class=""my-0"">Senka Perfect Whip Cleansing Foam BT21 Collaboration (120g) is a Japanese facial cleanser featuring limited-edition packaging with popular BT21 characters. This cleanser creates rich, dense micro-foam that gently removes dirt and impurities while preserving skin moisture. Infused with four moisturizing ingredients including collagen and hyaluronic acid, it leaves skin soft, smooth, and hydrated. Best suited for those seeking deep yet gentle cleansing and fans of cute, collectible skincare collaborations. Suitable for daily use and all skin types.</p>\n\n</div>",https://foryoupiece.com/wp-content/uploads/Body-Photoroom8.jpg
Z7QCSM0D,"Anessa Perfect UV Sunscreen Skincare Gel 90g + Mini Sun Dual Care 6ml","<div class=""prose text-pretty dark:prose-invert inline leading-normal break-words min-w-0 [word-break:break-word]"">\n<div class=""prose text-pretty dark:prose-invert inline leading-normal break-words min-w-0 [word-break:break-word]"">\n<p class=""my-0"">Anessa Perfect UV Sunscreen Skincare Gel (90g) with Mini Sun Dual Care (6ml) is a high-protection Japanese sunscreen gel for face and body, offering SPF50+ PA++++. It hydrates skin with 50% skincare ingredients, including hyaluronic acid and plant extracts, while protecting against UV damage and dryness. The lightweight gel spreads smoothly, leaves no white cast, and is easily removed with soap. The included mini day serum provides added moisture and brightening, making this set ideal for daily sun care and makeup base. Best for those seeking strong sun protection with skincare benefits.</p>\n\n</div>\n</div>",https://foryoupiece.com/wp-content/uploads/Body-Photoroom17.jpg
YBHGNV00,"Himecoto White Armpit Princess Black Heads Scrub","<div class=""prose text-pretty dark:prose-invert inline leading-normal break-words min-w-0 [word-break:break-word]"">\n<p class=""my-0"">Himecoto White Armpit Princess (白ワキ姫) is a Japanese exfoliating cream designed to instantly brighten and smooth underarms. Using clay and fruit acids, it gently removes dark spots, blackheads, and dead skin caused by shaving or friction, leaving a temporary white coating for a visibly lighter look in just 30 seconds. Best for those concerned about underarm darkness or roughness, especially before wearing sleeveless outfits. Not recommended for sensitive skin due to potential irritation.</p>\n\n</div>",https://foryoupiece.com/wp-content/uploads/Body-Photoroom16.jpg
FQ5BICPZ,"Botanist Body Soap, Deep Moist, Sakura & Cherry Scent 490ml","<div class=""prose text-pretty dark:prose-invert inline leading-normal break-words min-w-0 [word-break:break-word]"">\n<p class=""my-0"">BOTANIST Botanical Body Soap Deep Moist Sakura &amp; Cherry is a Japanese body wash designed for deep hydration and gentle cleansing. Infused with botanical ingredients like squalane, olive-derived cleansers, and plant oils, it creates a rich, creamy lather that leaves skin soft, supple, and moisturized. The delicate sakura and cherry scent offers a refreshing, sweet fragrance. Best suited for dry or normal skin, it’s ideal for anyone seeking lasting moisture and smoothness, and is gentle enough for daily use by the whole family.</p>\n\n</div>",https://foryoupiece.com/wp-content/uploads/Body-Photoroom7.jpg
O0IJ0XQP,"Botanist Shampoo, Moist, Sakura & Cherry Scent 460ml","<div class=""prose text-pretty dark:prose-invert inline leading-normal break-words min-w-0 [word-break:break-word]"">\n<p class=""my-0"">Botanist Botanical Shampoo Moist Sakura &amp; Cherry is a Japanese botanical shampoo designed to deeply hydrate and repair dry or damaged hair. Infused with luxurious sakura (cherry blossom) and cherry extracts, it delivers a sweet, elegant floral-fruity fragrance inspired by spring. The formula features plant-based ingredients, ceramides, and natural extracts to restore shine, smoothness, and manageability while protecting against dryness and environmental stress. Best suited for those seeking soft, moisturized, and beautifully scented hair, especially during seasonal dryness.</p>\n\n</div>",https://foryoupiece.com/wp-content/uploads/Body-Photoroom6.jpg
BLG23RS5,"Botanist Treatment, Moist, Sakura & Cherry Scent 460g","<div class=""prose text-pretty dark:prose-invert inline leading-normal break-words min-w-0 [word-break:break-word]"">\n<p class=""my-0"">BOTANIST Treatment Moist Sakura &amp; Cherry Scent is a Japanese botanical hair treatment designed to deeply moisturize and smooth hair, leaving it soft, manageable, and shiny. Infused with a spring-inspired sakura and cherry fragrance, it features nourishing ingredients like avocado oil, honey, and birch sap. This rich, creamy formula is suitable for all hair types, especially those seeking hydration and a polished finish, and is ideal for combating dryness and seasonal hair damage.</p>\n\n</div>",https://foryoupiece.com/wp-content/uploads/Body-Photoroom5.jpg
STT0F7TV,"VT Reedle Shot Exosome EGF Face Mask 7 Sheets","<div class=""prose text-pretty dark:prose-invert inline leading-normal break-words min-w-0 [word-break:break-word]"">\n<p class=""my-0"">VT Reedle Shot Exosome EGF Face Mask (7 sheets) is an intensive 7-day sheet mask treatment from Japan, designed to boost skin hydration, elasticity, and smoothness. It combines micro-needle (Reedle S) technology, exosomes, EGF, and CICA extract to deeply deliver active ingredients, supporting anti-aging care and skin barrier repair. Best for those seeking plumper, more radiant skin, especially if you have dryness, rough texture, or want to enhance your skincare routine with advanced ingredients.</p>\n\n</div>",https://foryoupiece.com/wp-content/uploads/Body-Photoroom4.jpg
6VFKQWRQ,"Quality 1st Derma Laser Ceramide 100 Mask 7 Sheets","<div class=""prose text-pretty dark:prose-invert inline leading-normal break-words min-w-0 [word-break:break-word]"">\n<p class=""my-0"">Quality 1st Derma Laser Ceramide 100 Mask (7 sheets) is a Japanese intensive moisturizing sheet mask designed to restore and protect the skin’s barrier with the highest concentration of ceramides in the series. Using proprietary penetration technology, it delivers three types of ceramides and beauty ingredients deep into the skin’s stratum corneum. Free from preservatives, alcohol, artificial colors, and mineral oils, it is best suited for dry or sensitive skin needing deep hydration and barrier repair.</p>\n\n</div>",https://foryoupiece.com/wp-content/uploads/Body-Photoroom3.jpg
LQNULL4G,"Diane Botanical Hand & Body Milk, Vitamin C, Citrus Savon Scent, 500ml","<div class=""prose text-pretty dark:prose-invert inline leading-normal break-words min-w-0 [word-break:break-word]"">\n<p class=""my-0"">Diane Botanical Hand &amp; Body Milk (Vitamin C, Citrus Savon Scent, 500ml) is a Japanese moisturizing lotion made with over 90% natural ingredients, including Vitamin C and EC-12 lactic acid bacteria for deep hydration. Free from sulfates, parabens, mineral oil, and other additives, it is gentle enough for sensitive skin and suitable for both hands and body. The fresh citrus savon scent and non-sticky texture make it ideal for everyday use by the whole family, especially for dry or sun-exposed skin.</p>\n\n</div>",https://foryoupiece.com/wp-content/uploads/Body-Photoroom2.jpg
7R5AZH3H,"Diane Botanical Body Milk, Citrus and White Bouquet Scent, 500ml","<div class=""prose text-pretty dark:prose-invert inline leading-normal break-words min-w-0 [word-break:break-word]"">\n<p class=""my-0"">Diane Botanical Body Milk Citrus &amp; White Bouquet (500ml) is a Japanese body moisturizer made with over 90% natural ingredients, including plant-derived ceramides and oils. It absorbs quickly, leaving skin soft and hydrated without stickiness. The gentle formula is free from silicones, parabens, mineral oil, and synthetic dyes, making it suitable for sensitive skin and family use. Its fresh citrus and white floral scent offers a refreshing, clean fragrance-ideal for daily body care, especially after bathing or during dry seasons.</p>\n\n</div>",https://foryoupiece.com/wp-content/uploads/Body-Photoroom1.jpg
0S3W5NH0,"Body Fantasie Body Mist, Lilac Scent 50ml","<div class=""prose text-pretty dark:prose-invert inline leading-normal break-words min-w-0 [word-break:break-word]"">\n<p class=""my-0"">Body Fantasies Body Mist Lilac Scent (50ml) is a Japanese body spray featuring a delicate, slightly sweet lilac fragrance with floral and fresh notes. Its scent profile blends freesia, apple blossom, and lilac with subtle undertones of jasmine and white amber, creating a clean and elegant impression. The compact size and gentle aroma make it ideal for daily use, refreshing touch-ups, or anyone seeking a light, feminine floral fragrance in a stylish, retro-inspired bottle.</p>\n\n</div>",https://foryoupiece.com/wp-content/uploads/Body-Photoroom.jpg
5V4H9426,"SANA Nameraka Honpo, High Moisture Soy Isoflavone All-in-One Gel","<div class=""prose text-pretty dark:prose-invert inline leading-normal break-words min-w-0 [word-break:break-word]"">\n<p class=""my-0"">SANA Nameraka Honpo High Moisture Soy Isoflavone All-in-One Gel is a Japanese multi-functional moisturizer that combines six skincare steps—toner, serum, emulsion, cream, mask, and primer—into one lightweight, pudding-like gel. Enriched with high-purity soy isoflavones and fermented soy milk, it deeply hydrates, plumps, and softens the skin without stickiness. Free from fragrance, artificial colorants, and mineral oils, it is ideal for sensitive, dry, or busy skin, and works well as a quick, all-in-one solution for daily care.</p>\n\n</div>",https://foryoupiece.com/wp-content/uploads/Product-Photoroom6.jpg
HLKP3ICZ,"&Honey Melty Moist Repair Shampoo Refill Large Size 875ml","<div class=""prose text-pretty dark:prose-invert inline leading-normal break-words min-w-0 [word-break:break-word]"">\n<p class=""my-0"">&amp;Honey Melty Moist Repair Shampoo Refill (Large Size 875ml) is a Japanese shampoo designed for dry, wavy, or frizzy hair. Formulated with over 90% moisturizing and protective ingredients, including honey, organic oils, and royal jelly, it deeply hydrates and smooths hair, leaving it shiny and manageable. The limited-edition large refill features a pure rose honey fragrance and is best suited for those seeking to tame unruly hair and achieve a silky, straight finish.</p>\n\n</div>",https://foryoupiece.com/wp-content/uploads/Product-Photoroom7.jpg
YDR5EPVM,"&Honey Melty Moist Repair Treatment Refill Large Size 875ml","<div class=""prose text-pretty dark:prose-invert inline leading-normal break-words min-w-0 [word-break:break-word]"">\n<p class=""my-0"">&amp;Honey Melty Moist Repair Treatment Refill (875ml) is a Japanese hair treatment designed for dry, frizzy, or wavy hair. Infused with over 90% moisturizing and repairing ingredients like honey, argan oil, and hyaluronic acid, it deeply hydrates, smooths, and tames unruly hair while enhancing shine. The luxurious rose honey fragrance adds a pleasant touch. This large, limited-edition refill is best for those seeking long-lasting moisture and manageability, especially for damaged or hard-to-control hair.</p>\n\n</div>",https://foryoupiece.com/wp-content/uploads/Product-Photoroom8.jpg
RNXA5WIV,"[Limited Edition] Liquid Muhi S2a 50ml, For Itchiness and Redness","<div class=""prose text-pretty dark:prose-invert inline leading-normal break-words min-w-0 [word-break:break-word]"">\n<p class=""my-0"">Liquid Muhi S2a (50ml) is a Japanese topical liquid designed to quickly relieve itching, swelling, and redness from insect bites, rashes, hives, and mild skin inflammation. It contains diphenhydramine hydrochloride for fast itch relief and dexamethasone acetate, a mild steroid, to reduce inflammation. The formula provides a cool, refreshing sensation, absorbs quickly, and has a herbal scent. Its easy-to-use sponge applicator keeps hands clean, making it ideal for both children (over 6 months) and adults seeking fast, targeted relief from itchy skin conditions.</p>\n\n</div>",https://foryoupiece.com/wp-content/uploads/Product-Photoroom9.jpg
4OH1IUPY,"Bouncia Body Soap Airy Bouquet Scent 480ml","<div class=""prose text-pretty dark:prose-invert inline leading-normal break-words min-w-0 [word-break:break-word]"">\n<p class=""my-0"">Bouncia Body Soap Airy Bouquet Scent (480ml) is a Japanese moisturizing body wash known for its ultra-dense, creamy foam that cushions and gently cleanses the skin. Enriched with shea butter, hyaluronic acid, collagen, and ceramide, it deeply hydrates and leaves skin soft, smooth, and supple. The airy bouquet fragrance blends floral and fruity notes like rose, peony, and peach, offering a refreshing, soothing bath. Best suited for dry or sensitive skin needing extra moisture and a luxurious lather.</p>\n\n</div>",https://foryoupiece.com/wp-content/uploads/Product-Photoroom10.jpg
DVW3E6AU,"Olevea Triple Treatment Body Milk, Bakuchiol, Fruity Scent 480g","<div class=""prose text-pretty dark:prose-invert inline leading-normal break-words min-w-0 [word-break:break-word]"">\n<p class=""my-0"">Olevea Triple Treatment Body Milk (Bakuchiol, Fruity Scent) is a Japanese body lotion designed for all-over, daily skincare. It features a unique blend of bakuchiol, isoflavones, and apple stem cell extract to target dryness and signs of aging, promoting firm, supple skin. The lightweight yet highly moisturizing formula absorbs quickly without stickiness and leaves a gentle fruity and soap-like scent. Ideal for those seeking easy, effective body care for dry or aging skin, and suitable for family use.</p>\n\n</div>",https://foryoupiece.com/wp-content/uploads/Product-Photoroom1.jpg
D740RE35,"[Chiikawa Limited] Liquid Muhi S2a 50ml, For Itchiness and Redness","<div class=""prose text-pretty dark:prose-invert inline leading-normal break-words min-w-0 [word-break:break-word]"">\n<p class=""my-0"">[Chiikawa Limited] Liquid Muhi S2a 50ml is a Japanese medicated liquid roll-on designed to quickly relieve itching, swelling, and redness from insect bites and skin irritation. It contains diphenhydramine hydrochloride for itch relief and dexamethasone acetate, a mild steroid, for inflammation. The formula provides a cool, refreshing sensation and is easy to apply without dirtying hands. Best for fast, effective care of bug bites and minor skin irritations, suitable for ages 6 months and up. Features a cute Chiikawa character design.</p>\n\n</div>",https://foryoupiece.com/wp-content/uploads/Product-Photoroom2.jpg
KXNBCINW,"Tsubaki Shampoo Refill, Premium Volume & Repair, 900ml","<div class=""prose text-pretty dark:prose-invert inline leading-normal break-words min-w-0 [word-break:break-word]"">\n<p class=""my-0"">Tsubaki Premium Volume &amp; Repair Shampoo Refill (900ml) is a Japanese hair care product designed to add volume and repair damaged hair from the inside out. Infused with camellia (tsubaki) oil and advanced repair ingredients, it deeply nourishes, strengthens, and restores bounce and shine to fine or limp hair. Ideal for those seeking fuller, healthier-looking hair with a smooth, manageable finish and a luxurious floral scent. Best suited for damaged, thin, or flat hair types.</p>\n\n</div>",https://foryoupiece.com/wp-content/uploads/Product-Photoroom3.jpg
1YC4OK9Y,"Ululis Pinkme Water Conc Control Treatment Refill 660ml, Blossom Tea Limited Edition","<div class=""prose text-pretty dark:prose-invert inline leading-normal break-words min-w-0 [word-break:break-word]"">\n<p class=""my-0"">Ululis Pinkme Water Conc Control Treatment Refill 660ml, Blossom Tea Limited Edition is a Japanese hair treatment designed to deeply hydrate and smooth hair prone to dryness, frizz, or waviness. Over 90% of its formula consists of water-based moisturizing and repair ingredients, including 10 types of water-soluble beauty serums. Ideal for those with inner-dry or fine, unruly hair, it leaves hair soft, manageable, and delicately scented with a limited blossom tea fragrance.</p>\n\n</div>",https://foryoupiece.com/wp-content/uploads/Product-Photoroom4.jpg
VBID43K8,"Ululis Pinkme Water Conc Control Shampoo Refill 660ml, Blossom Tea Limited Edition","<div class=""prose text-pretty dark:prose-invert inline leading-normal break-words min-w-0 [word-break:break-word]"">\n<p class=""my-0"">Ululis Pinkme Water Conc Control Shampoo Refill (660ml), Blossom Tea Limited Edition, is a Japanese shampoo designed for wavy, frizzy, or fine hair prone to dryness. Over 90% of its formula consists of hydrating and smoothing ingredients, including 10 types of water-soluble beauty serums, to deeply moisturize and tame hair. Its gentle, sulfate-free formula is best for those seeking soft, manageable, and shiny hair with a delicate, limited-edition blossom tea scent.</p>\n\n</div>",https://foryoupiece.com/wp-content/uploads/Product-Photoroom5.jpg
26V8JPTX,"Honeyque Rich Gloss, Shampoo Treatment Hair Mist Set, Ginmokusei Scent","The Honeyque Rich Gloss Shampoo, Treatment &amp; Hair Mist Set (Ginmokusei Scent) is a limited-edition Japanese hair care kit designed to deliver glossy, hydrated, and beautifully scented hair. It features a honey-collagen formula with organic manuka honey and three types of collagen to deeply moisturize, repair, and add shine. The set includes a rich-lather shampoo, a nourishing treatment, and a versatile hair mist, making it ideal for those seeking smooth, shiny, and manageable hair with a delicate Ginmokusei (silver osmanthus) fragrance<span class=""whitespace-nowrap"">.</span>",https://foryoupiece.com/wp-content/uploads/Nard-Photoroom6.jpg
0I8XKZPD,"White Conc Medicated Whitening CC Cream 200g","White Conc Medicated Whitening CC Cream 200g is a Japanese body CC cream designed to instantly brighten and even out skin tone with a natural, radiant finish. It features a lightweight, non-greasy texture and contains beauty ingredients like vitamin C derivatives, collagen, and hyaluronic acid for hydration and skin elasticity. The cream is suitable for use on the whole body, including arms, legs, and décolleté, and is best for those seeking a quick tone-up effect, smooth coverage, and a fresh grapefruit scent. It washes off easily with soap and is ideal for daily body care and makeup base, though it does not contain SPF<span class=""whitespace-nowrap"">.</span>",https://foryoupiece.com/wp-content/uploads/Nard-Photoroom7.jpg
MTITI9G1,"[Limited Edition] Ma & Me Latte Skin Care Body Wash 490ml","<div class=""prose text-pretty dark:prose-invert inline leading-normal break-words min-w-0 [word-break:break-word]"">\n<p class=""my-0"">The [Limited Edition] Ma &amp; Me Latte Skin Care Body Wash (490ml) by Kracie is a gentle, sulfate-free liquid body wash designed for both adults and children. It features creamy, rich foam that protects and moisturizes the skin barrier with milk-derived proteins, ceramides, and yeast extract. The mild formula is suitable for sensitive skin and easy to rinse, leaving skin soft and smooth. Best fit for families seeking a nourishing, gentle cleanser with a subtle apple and peony scent.</p>\n\n</div>",https://foryoupiece.com/wp-content/uploads/Product-Photoroom.jpg
8YZVLZHR,"Diane Botanical Body Milk Deep Moist, Honey Orange Scent, 500ml","<div class=""prose text-pretty dark:prose-invert inline leading-normal break-words min-w-0 [word-break:break-word]"">\n<p class=""my-0"">Diane Botanical Body Milk Deep Moist (Honey Orange Scent, 500ml) is a Japanese body lotion formulated with over 90% natural ingredients, including botanical ceramides, plant oils, organic sugar, brown sugar, rice ceramide, and yuzu ceramide. It provides deep, long-lasting hydration without greasiness, leaving skin supple and silky-smooth. The gentle, additive-free formula is suitable for sensitive skin and all skin types. Best for daily use to moisturize and refresh the body with a light honey orange fragrance.</p>\n\n</div>",https://foryoupiece.com/wp-content/uploads/Nard-Photoroom5.jpg
WZQ0X6M4,"NARD Moisturizing Treatment, Tangerine Eucalyptus, 650g","<div class=""prose text-pretty dark:prose-invert inline leading-normal break-words min-w-0 [word-break:break-word]"">\n<p class=""my-0"">NARD Moisturizing Treatment Tangerine Eucalyptus is a nourishing hair treatment specially formulated to revitalize both scalp and hair. Enriched with plant-based oils, hydrolyzed proteins, and amino acids, it deeply hydrates, soothes, and strengthens the scalp while restoring hair’s smoothness and shine. The refreshing tangerine and eucalyptus scent enhances the experience, making it ideal for those with dry, sensitive, or irritated scalps seeking balanced moisture, scalp comfort, and healthy, vibrant hair.</p>\n\n</div>",https://foryoupiece.com/wp-content/uploads/Nard-Photoroom1.jpg
E2YGDHOJ,"NARD Moisturizing Shampoo, Tangerine Eucalyptus, 650ml","<div class=""prose text-pretty dark:prose-invert inline leading-normal break-words min-w-0 [word-break:break-word]"">\n<p class=""my-0"">NARD Moisturizing Shampoo Tangerine Eucalyptus (650ml) is a gentle, deeply hydrating shampoo formulated to cleanse and revitalize both scalp and hair. Infused with coconut oil, babassu tree extract, and a blend of hydrolyzed proteins and amino acids, it effectively removes dead skin cells, soothes the scalp, and restores moisture and softness to hair. Ideal for those seeking a refreshing cleanse and scalp care, especially for dry, sensitive, or irritated scalps.</p>\n\n</div>",https://foryoupiece.com/wp-content/uploads/Nard-Photoroom.jpg
G18C06PE,"NARD Hair Water Treatment, Tangerine Eucalyptus, 200ml","<div class=""prose text-pretty dark:prose-invert inline leading-normal break-words min-w-0 [word-break:break-word]"">\n<p class=""my-0"">NARD Hair Water Treatment Tangerine Eucalyptus is a unique hair care product that starts as a watery liquid and transforms into a rich cream upon contact with wet hair. Infused with herbal extracts, proteins, and hyaluronic acid, it deeply nourishes and hydrates both hair and scalp, leaving hair silky, smooth, and manageable. Its refreshing herbal scent and cooling menthol make it ideal for those seeking high damage repair, scalp care, and a lightweight, invigorating treatment-especially suitable for summer or dry, stressed hair.</p>\n\n</div>",https://foryoupiece.com/wp-content/uploads/Nard-Photoroom3.jpg
HBGKI2LC,"NARD Argan Hair Essence Oil, Tangerine Eucalyptus, 100ml","<div class=""prose text-pretty dark:prose-invert inline leading-normal break-words min-w-0 [word-break:break-word]"">\n<p class=""my-0"">NARD Argan Hair Essence Oil (Tangerine Eucalyptus, 100ml) is a nourishing hair serum enriched with 50,000ppm organic Moroccan argan oil, 22 amino acids, 6 hydrolyzed proteins, and 6 plant oils including camellia and olive. Its lightweight, non-sticky formula absorbs quickly to repair and protect damaged hair, restore shine, and improve smoothness without weighing hair down. Best for daily care of dry, damaged, or frizzy hair seeking softness, vitality, and a fresh, uplifting scent. Suitable for all hair types.</p>\n\n</div>",https://foryoupiece.com/wp-content/uploads/Nard-Photoroom4.jpg
VVIG7UAC,"Olevea Triple Treatment Body Milk, Vitamin C, White Tea Scent 480g","<div class=""prose text-pretty dark:prose-invert inline leading-normal break-words min-w-0 [word-break:break-word]"">\n<p class=""my-0"">Olevea Triple Treatment Body Milk (Vitamin C, White Tea Scent, 480g) is a Japanese body lotion designed for all-over daily skincare. It features a blend of Vitamin C derivative, Retinol, and Niacinamide to brighten, hydrate, and improve skin texture, supported by botanical extracts and plant oils for deep yet lightweight moisturization. The gentle white tea fragrance adds a luxurious touch. Best suited for those seeking radiant, smooth, and well-moisturized skin with an easy, all-in-one product.</p>\n\n</div>",https://foryoupiece.com/wp-content/uploads/Product-Photoroom12.jpg
0FM8Z4CR,"Gyutto Corset Hair Mask, For Curly Hair, 200g","<div class=""prose text-pretty dark:prose-invert inline leading-normal break-words min-w-0 [word-break:break-word]"">\n<p class=""my-0"">The Gyutto Corset Hair Mask is a Japanese wash-off hair treatment designed to repair and smooth damaged, frizzy, or unruly hair, especially for those with wavy or curly textures. Featuring unique ""corset technology,"" it deeply hydrates and strengthens each strand, correcting waviness and preventing breakage. Infused with 13 beauty serum ingredients and a calming green tea and yuzu scent, it's best for adults seeking to restore manageability, shine, and softness to hair prone to dryness, frizz, or styling damage.</p>\n\n</div>",https://foryoupiece.com/wp-content/uploads/Product-Photoroom14.jpg
3OEC3KM8,"Ululis Aqua Water Conc Moisture Triple Set, Shampoo Treatment Hair Oil","<div class=""prose text-pretty dark:prose-invert inline leading-normal break-words min-w-0 [word-break:break-word]"">\n<p class=""my-0"">The Ululis Aqua Water Conc Moisture Triple Set is a Japanese hair care kit featuring a shampoo, treatment, and hair oil, specially designed for dry, damaged, or frizzy hair. Utilizing over 90% hydrating and moisturizing ingredients, including aqua liposome capsules, it deeply replenishes moisture and smoothness to hair, leaving it soft, shiny, and manageable. Ideal for those struggling with dryness, dullness, or lack of shine, this set is best for anyone seeking intensive hydration and a fresh, clean scent for their hair.</p>\n\n</div>",https://foryoupiece.com/wp-content/uploads/Product-Photoroom13.jpg
15HPDOKA,"Ma & Me Latte Shampoo Condition Limited Edition Set, For Parents and Children","<div class=""prose text-pretty dark:prose-invert inline leading-normal break-words min-w-0 [word-break:break-word]"">\n<p class=""my-0"">The Ma &amp; Me Latte Shampoo &amp; Conditioner Limited Edition Set is a gentle, 2-in-1 Japanese hair care product designed for both parents and children. It features a silicone- and sulfate-free formula with premium double milk protein and shea butter to deeply moisturize, smooth, and detangle hair, making it ideal for postpartum hair and kids’ delicate strands. The soft, creamy foam cleanses hair, face, and body, while the light orange and chamomile scent leaves everyone feeling fresh. Perfect for families seeking a safe, time-saving, and nourishing daily routine.</p>\n\n</div>",https://foryoupiece.com/wp-content/uploads/Product-Photoroom15.jpg
NBKOXX13,"YOLU Calm Night Repair Shampoo 440ml","<div class=""prose text-pretty dark:prose-invert inline leading-normal break-words min-w-0 [word-break:break-word]"">\n<p class=""my-0"">YOLU Calm Night Repair Shampoo (440ml) is a Japanese night care shampoo designed to repair and deeply moisturize hair while you sleep. Formulated with three types of ceramides, hydrolyzed collagen, and nemunoki bark extract, it helps protect hair from friction damage caused by pillow contact, leaving hair smooth and manageable by morning. Silicone-free and gentle, it's best for dry, damaged, or rough hair needing overnight hydration and repair, with a soothing, subtle fragrance suitable for daily use.</p>\n\n</div>",https://foryoupiece.com/wp-content/uploads/Product-Photoroom16.jpg
9C98M62Z,"YOLU Calm Night Repair Treatment 440g","<div class=""prose text-pretty dark:prose-invert inline leading-normal break-words min-w-0 [word-break:break-word]"">\n<p class=""my-0"">YOLU Calm Night Repair Treatment is a Japanese overnight hair treatment designed to deeply repair and hydrate dry, damaged hair while you sleep. Its Moisture Night Repair Formula, enriched with ceramides and botanical extracts like Persian silk tree bark and lotus, penetrates each strand to lock in moisture, reduce friction damage, and restore smoothness. The calming neroli and peony fragrance enhances relaxation, making it ideal for those seeking manageable, silky hair and a soothing nighttime routine. Best for dry, brittle, or chemically treated hair.</p>\n\n</div>",https://foryoupiece.com/wp-content/uploads/Product-Photoroom17.jpg
WOQMWZQJ,"YOLU Body Soap, Calm Night Care 440ml","<div class=""prose text-pretty dark:prose-invert inline leading-normal break-words min-w-0 [word-break:break-word]"">\n<p class=""my-0"">YOLU Calm Night Care Body Soap (440ml) is a Japanese body wash designed for intensive overnight hydration. Its unique ""Overnight Barrier Formula"" features night ceramide, squalane, and NMF-like ingredients to boost moisture retention, prevent dryness, and protect the skin barrier while you sleep. The dense, aromatic foam gently cleanses and envelops your body in a soothing neroli and pear scent. Best suited for those with dry or sensitive skin seeking deep moisture and a relaxing nighttime bath experience.</p>\n\n</div>",https://foryoupiece.com/wp-content/uploads/Product-Photoroom20.jpg
EZQUDWHQ,"Nichiban Roihi Tsuboko Hot Patch 156pcs","<div class=""prose text-pretty dark:prose-invert inline leading-normal break-words min-w-0 [word-break:break-word]"">\n<p class=""my-0"">Nichiban Roihi Tsuboko Hot Patch (156 pcs) is a popular Japanese round medicated patch designed for targeted relief of stiff shoulders, back pain, joint pain, and muscle aches. Its warming effect, created by ingredients like nonylic acid amide (similar to chili pepper extract), boosts blood circulation and soothes discomfort. The small, discreet patches adhere securely, making them ideal for pinpoint application on sore spots. Best for those seeking effective, on-the-go relief from muscle and joint stiffness or fatigue.</p>\n\n</div>",https://foryoupiece.com/wp-content/uploads/Product-Photoroom19.jpg
XYKEDVUR,"Biore UV Aqua Rich Watery Essence 70g","<div class=""prose text-pretty dark:prose-invert inline leading-normal break-words min-w-0 [word-break:break-word]"">\n<p class=""my-0"">Biore UV Aqua Rich Watery Essence 70g is a Japanese sunscreen featuring SPF50+ PA++++ for strong, broad-spectrum UV protection. Its ultra-light, water-based formula absorbs instantly, leaving no white cast or stickiness, and feels refreshing even in humid climates. Infused with hyaluronic acid and royal jelly extract, it hydrates while protecting, making it suitable for all skin types—including sensitive or oily skin. Ideal as a daily sunscreen and makeup base, it’s super waterproof yet washes off easily with soap. Best for those seeking effective, comfortable sun protection for face and body.</p>\n\n</div>",https://foryoupiece.com/wp-content/uploads/Product-Photoroom18.jpg
nard224ii,"NARD Full Set - Water Treatment, Hair oil, Shampoo, Treatment","<div class=""prose text-pretty dark:prose-invert inline leading-normal break-words min-w-0 [word-break:break-word]"">\n<p class=""my-0"">The NARD Full Set is a premium hair care collection from Japan, featuring Water Treatment, Hair Oil, Shampoo, and Treatment. Formulated with natural Himalayan spikenard and enriched with amino acids and plant oils, this set deeply nourishes, repairs, and moisturizes dry or damaged hair. It helps reduce frizz, strengthens hair, and soothes the scalp, making it ideal for those seeking healthier, shinier, and more manageable hair, especially if you struggle with dryness or scalp sensitivity.</p>\n\n</div>",https://foryoupiece.com/wp-content/uploads/Product-Photoroom21.jpg
M04WQHUW,"ELIXIR Bouncing Moisture Trial Set (30ml + 30ml)","<div class=""prose text-pretty dark:prose-invert inline leading-normal break-words min-w-0 [word-break:break-word]"">\n<p class=""my-0""><strong>ELIXIR Bouncing Moisture Trial Set (30ml + 30ml)</strong> is a Japanese skincare duo featuring a lotion and emulsion designed for a 7-day trial. This set delivers deep hydration and enhances skin firmness, targeting early signs of aging. Infused with advanced moisturizing and firming ingredients, it helps reduce the appearance of fine lines and dryness. Best suited for those seeking supple, radiant, and resilient skin, it is ideal for first-time users or travel, and works well for normal to dry or aging skin.</p>\n\n</div>",https://foryoupiece.com/wp-content/uploads/Product-Photoroom27.jpg
WQCGEUSZ,"ELIXIR Brightening Moisture Trial Set (30ml + 30ml)","<div class=""prose text-pretty dark:prose-invert inline leading-normal break-words min-w-0 [word-break:break-word]"">\n<p class=""my-0"">The ELIXIR Brightening Moisture Trial Set (30ml + 30ml) is a Japanese skincare duo featuring a brightening lotion and emulsion. Designed for those seeking both whitening and anti-aging care, it helps suppress melanin production to prevent dark spots and freckles, while deeply hydrating to improve skin firmness and radiance. The lightweight, non-sticky formulas are suitable for all skin types, including sensitive skin, and are ideal for anyone wanting to try effective brightening and moisturizing care for a more luminous, youthful complexion.</p>\n\n</div>",https://foryoupiece.com/wp-content/uploads/Product-Photoroom26.jpg
ZPFOYW6J,"Kanbayashi Shunsho Mandai Mukashi 20g Box","<div class=""prose text-pretty dark:prose-invert inline leading-normal break-words min-w-0 [word-break:break-word]"">\n<p class=""my-0""><strong>Kanbayashi Shunsho Mandai Mukashi 20g Box</strong> is a premium Japanese matcha (powdered green tea) from the historic Kanbayashi Shunsho tea house in Uji, Kyoto. This blend is crafted for making usucha (thin tea), offering a smooth, mellow flavor with a gentle sweetness and refined umami. Its vibrant green color and delicate taste make it ideal for traditional tea ceremonies or daily enjoyment. Best suited for matcha enthusiasts seeking authentic, high-quality Japanese tea with a touch of elegance.</p>\n\n</div>",https://foryoupiece.com/wp-content/uploads/Product-Photoroom25.jpg
PU4HGQ1J,"Uji Matcha Powder 30g","<div class=""prose text-pretty dark:prose-invert inline leading-normal break-words min-w-0 [word-break:break-word]"">\n<p class=""my-0"">Uji Matcha Powder 30g is a premium Japanese green tea powder made from carefully selected tea leaves grown in Uji, Kyoto. Finely stone-ground, it features a vibrant green color, rich umami flavor, and smooth texture with little bitterness. This versatile matcha is ideal for traditional tea ceremonies, lattes, smoothies, baking, and desserts. Its convenient resealable pouch ensures freshness, making it perfect for both daily enjoyment and culinary creations. Suitable for matcha enthusiasts and those seeking authentic Japanese flavor.</p>\n\n</div>",https://foryoupiece.com/wp-content/uploads/Product-Photoroom24.jpg
KTPXMPXY,"Rohto Lycee Contact Eye Drops","<div class=""prose text-pretty dark:prose-invert inline leading-normal break-words min-w-0 [word-break:break-word]"">\n<p class=""my-0""><strong>Rohto Lycee Contact Eye Drops</strong> are gentle, moisturizing eye drops designed specifically for contact lens wearers, including those using soft, hard, disposable, or colored lenses. They relieve dryness, irritation, and discomfort caused by lens use, thanks to ingredients like chondroitin sulfate and hydroxyethyl cellulose. The drops can also be used as a lens insertion aid and are suitable for sensitive eyes. Ideal for anyone seeking daily comfort and hydration while wearing contact lenses or experiencing eye fatigue.</p>\n\n</div>",https://foryoupiece.com/wp-content/uploads/Product-Photoroom23.jpg
03WKC4NC,"&Honey Foam Body Wash Limted Pair Set, Pure Moist, White Tea Scent (500ml + 440ml)","<div class=""prose text-pretty dark:prose-invert inline leading-normal break-words min-w-0 [word-break:break-word]"">\n<p class=""my-0"">&amp;Honey Foam Body Wash Limited Pair Set, Pure Moist, White Tea Scent (500ml + 440ml) is a Japanese foaming body wash featuring over 90% moisturizing and natural ingredients, including honey, hyaluronic acid, and argan oil. Its fine, creamy foam gently cleanses while leaving skin soft and hydrated. The refreshing white tea honey scent is subtle and elegant. Ideal for those seeking gentle, low-irritation care and lasting moisture, especially for sensitive or dry skin. Includes a full-size bottle and refill.</p>\n\n</div>",https://foryoupiece.com/wp-content/uploads/Product-Photoroom22.jpg
HB1T2D1P,"baby soap",,https://foryoupiece.com/wp-content/uploads/Product-Photoroom28.jpg
5MG42YSF,"&Honey Deep Moist Treatment Refill Large Size 875g","<div class=""prose text-pretty dark:prose-invert inline leading-normal break-words min-w-0 [word-break:break-word]"">\n<p class=""my-0"">&amp;honey Deep Moist Treatment Refill Large Size 875g is a Japanese hair treatment designed for intensive hydration and repair. Enriched with a blend of honey, argan oil, and over 90% moisturizing ingredients, it restores moisture, smooths frizz, and improves manageability, leaving hair soft, shiny, and healthy-looking. This limited-edition big refill pack (2.5 times the standard size) is perfect for those with dry, damaged, or unruly hair—ideal for frequent use at home or by families. Its gentle, organic formula is suitable for daily care, especially for those seeking to nourish and tame their hair naturally.</p>\n\n</div>",https://foryoupiece.com/wp-content/uploads/Product-Photoroom29.jpg
P2XIWDUZ,"&Honey Deep Moist Shampoo Refill Large Size 875ml","<div class=""prose text-pretty dark:prose-invert inline leading-normal break-words min-w-0 [word-break:break-word]"">\n<p class=""my-0"">&amp;Honey Deep Moist Shampoo Refill Large Size 875ml is a Japanese shampoo designed for those seeking intense hydration and moisture retention for dry, thick, or damaged hair. Its formula features over 90% moisturizing ingredients, including a signature blend of Manuka honey, Acacia honey, and Japanese raw honey. Enriched with organic Moroccan argan oil, royal jelly, and propolis, it helps nourish, repair, and soften hair while maintaining its natural hydration balance. Free from sulfates, parabens, and mineral oils, this gentle shampoo is suitable for daily use and helps reduce frizz, promote shine, and improve manageability—ideal for families or anyone needing consistent moisture care</p>\n\n</div>",https://foryoupiece.com/wp-content/uploads/Product-Photoroom30.jpg
EDA8Z1BH,"Dove Body Wash Premium Moisture Care Refill 640g","<div class=""prose text-pretty dark:prose-invert inline leading-normal break-words min-w-0 [word-break:break-word]"">\n<p class=""my-0"">Dove Body Wash Premium Moisture Care Refill 640g is a Japanese body wash formulated to deeply hydrate and protect the skin. Enriched with triple ceramides and moisturizing milk, it creates a rich, creamy lather that gently cleanses while locking in moisture, leaving skin soft, smooth, and supple even after showering. With a delicate, soft floral scent, this refill pack is ideal for the whole family, especially those with normal to dry or sensitive skin. Its skin-friendly, hypoallergenic formula is suitable for daily use and is especially beneficial during dry seasons.</p>\n\n</div>",https://foryoupiece.com/wp-content/uploads/Product-Photoroom33.jpg
MXB56LT2,"Dove Body Wash Shea Butter & Vanilla Refill 640g","<p class=""my-0"">This is a Japanese body wash refill featuring a gentle shea butter and vanilla scent. Formulated with moisturizing milk and triple ceramides, it creates a rich, dense foam that softly cleanses and deeply hydrates your skin. The unique blend protects skin’s moisture barrier, leaving it smooth and supple even in dry seasons. Ideal for families, including children, and those with dry or sensitive skin, this large 640g pack is a convenient, value-sized option for everyday use. Perfect for anyone seeking lasting moisture and a soothing, creamy fragrance in their daily shower routine.</p>",https://foryoupiece.com/wp-content/uploads/Product-Photoroom32.jpg
0GNPSCXQ,"Dove Body Wash Lavender & Oats Milk Refill 640g","<div class=""prose text-pretty dark:prose-invert inline leading-normal break-words min-w-0 [word-break:break-word]"">\n<p class=""my-0"">Dove Body Wash Lavender &amp; Oats Milk Refill 640g is a Japanese body wash refill designed to leave your skin soft, moisturized, and clear. Its rich, creamy foam gently removes dead skin cells while locking in moisture, featuring soothing natural extracts like lavender oil and oat milk. The calming lavender scent offers a relaxing bath experience. Formulated with moisturizing ceramides and nourishing ingredients, it helps maintain the skin’s natural barrier and radiance. Ideal for both adults and children, especially for those seeking hydration and gentle cleansing in their daily skincare routine. This refill pack is eco-friendly and economical.</p>\n\n</div>",https://foryoupiece.com/wp-content/uploads/Product-Photoroom31.jpg
OSZWXYFE,"Dove Body Wash Rice Farment & Kinmokusei Refill 640g",,
44X8NYU6,"Dove Body Wash Peach & Sweet Pea Refill 640g",,
4Y4GOE6W,"YOLU Body Soap, Relax Night Care 440ml","<div class=""prose text-pretty dark:prose-invert inline leading-normal break-words min-w-0 [word-break:break-word]"">\n<p class=""my-0"">YOLU Body Soap Relax Night Care 440ml is a Japanese nighttime body wash designed for deep hydration and skin clarity. Featuring a luxurious, aromatic foam with geranium and lily-of-the-valley fragrance, it gently cleanses while locking in moisture and helping to prevent dryness overnight. Its unique overnight barrier formula includes ceramides and moisturizing agents like squalane and NMF analogs, leaving skin smooth, supple, and refreshed by morning. Ideal for those seeking relief from dryness, dullness, or rough skin, this body soap is best for nightly use as part of a relaxing self-care routine.</p>\n\n</div>",https://foryoupiece.com/wp-content/uploads/Product-Photoroom34.jpg
CUP1ZZ41,"Shiseido The Collagen Drink 50ml x 10 bottles",,
C1SKWFGA,"Shiseido The Collagen Powder 5,000mg",,
RXK9Z3Y4,"Shiseido The Collagen Luxerich 126 Tablets, 21-day Supply",,
XZ3VI8BN,"Shiseido The Collagen 126 Tablets, 21-day Supply",,
9TRCCIEB,"Earth Pharmaceutical Collagen C Jelly, Acai Berry Flavor 31pcs",,
TUTKOE9N,"Ma & Me Latte 2 as 1 Rinse In Shampoo 490ml",,
6MT770G2,"Merit Shampoo 450ml",,
CO4XNY15,"Merit Conditioner 450ml",,
61EL6TO2,"Merit Shampoo No Rinse 450ml",,
1B95NTCJ,"Shiseido The Collagen Luxerich Drink 50ml x 10 Bottles",,
T0GKZ9ND,Dove,,
P9WEZLG3,"morihan matcha 100g",,
YTNCEG9L,"Santa clear peeling",,
8TKW63ZG,"Elixir sunscreen 35 SPF",,
